"","Year","Site","Transect","total_recruits","Observer","Month","Date"
"1",1999,"Coral City",1,NA,NA,NA,NA
"2",1999,"Coral City",2,NA,NA,NA,NA
"3",1999,"Coral City",3,NA,NA,NA,NA
"4",1999,"Coral City",4,NA,NA,NA,NA
"5",1999,"Coral City",5,NA,NA,NA,NA
"6",1999,"Coral City",6,NA,NA,NA,NA
"7",1999,"Coral City",7,NA,NA,NA,NA
"8",1999,"Coral City",8,NA,NA,NA,NA
"9",1999,"Coral City",9,NA,NA,NA,NA
"10",1999,"Coral City",10,NA,NA,NA,NA
"11",1999,"Coral City",11,NA,NA,NA,NA
"12",1999,"Coral City",12,NA,NA,NA,NA
"13",1999,"Coral City",13,NA,NA,NA,NA
"14",1999,"Coral City",14,NA,NA,NA,NA
"15",1999,"Coral City",15,NA,NA,NA,NA
"16",1999,"Grundys  Gardens ",1,NA,NA,NA,NA
"17",1999,"Grundys  Gardens ",2,NA,NA,NA,NA
"18",1999,"Grundys  Gardens ",3,NA,NA,NA,NA
"19",1999,"Grundys  Gardens ",4,NA,NA,NA,NA
"20",1999,"Grundys  Gardens ",5,NA,NA,NA,NA
"21",1999,"Grundys  Gardens ",6,NA,NA,NA,NA
"22",1999,"Grundys  Gardens ",7,NA,NA,NA,NA
"23",1999,"Grundys  Gardens ",8,NA,NA,NA,NA
"24",1999,"Grundys  Gardens ",9,NA,NA,NA,NA
"25",1999,"Grundys  Gardens ",10,NA,NA,NA,NA
"26",1999,"Grundys  Gardens ",11,NA,NA,NA,NA
"27",1999,"Jigsaw",1,NA,NA,NA,NA
"28",1999,"Jigsaw",2,NA,NA,NA,NA
"29",1999,"Jigsaw",3,NA,NA,NA,NA
"30",1999,"Jigsaw",4,NA,NA,NA,NA
"31",1999,"Jigsaw",5,NA,NA,NA,NA
"32",1999,"Jigsaw",6,NA,NA,NA,NA
"33",1999,"Jigsaw",7,NA,NA,NA,NA
"34",1999,"Jigsaw",8,NA,NA,NA,NA
"35",1999,"Jigsaw",9,NA,NA,NA,NA
"36",1999,"Jigsaw",10,NA,NA,NA,NA
"37",1999,"Jigsaw",11,NA,NA,NA,NA
"38",1999,"Jigsaw",12,NA,NA,NA,NA
"39",1999,"Jigsaw",13,NA,NA,NA,NA
"40",1999,"Mixing Bowl",1,NA,NA,NA,NA
"41",1999,"Mixing Bowl",2,NA,NA,NA,NA
"42",1999,"Mixing Bowl",3,NA,NA,NA,NA
"43",1999,"Mixing Bowl",4,NA,NA,NA,NA
"44",1999,"Mixing Bowl",5,NA,NA,NA,NA
"45",1999,"Mixing Bowl",6,NA,NA,NA,NA
"46",1999,"Mixing Bowl",7,NA,NA,NA,NA
"47",1999,"Mixing Bowl",8,NA,NA,NA,NA
"48",1999,"Mixing Bowl",9,NA,NA,NA,NA
"49",1999,"Mixing Bowl",10,NA,NA,NA,NA
"50",1999,"Mixing Bowl",11,NA,NA,NA,NA
"51",1999,"Mixing Bowl",12,NA,NA,NA,NA
"52",1999,"Mixing Bowl",13,NA,NA,NA,NA
"53",1999,"Mixing Bowl",14,NA,NA,NA,NA
"54",1999,"Mixing Bowl",15,NA,NA,NA,NA
"55",1999,"Pauls Anchor",1,NA,NA,NA,NA
"56",1999,"Pauls Anchor",2,NA,NA,NA,NA
"57",1999,"Pauls Anchor",3,NA,NA,NA,NA
"58",1999,"Pauls Anchor",4,NA,NA,NA,NA
"59",1999,"Pauls Anchor",5,NA,NA,NA,NA
"60",1999,"Pauls Anchor",6,NA,NA,NA,NA
"61",1999,"Pauls Anchor",7,NA,NA,NA,NA
"62",1999,"Pauls Anchor",8,NA,NA,NA,NA
"63",1999,"Pauls Anchor",9,NA,NA,NA,NA
"64",1999,"Pauls Anchor",10,NA,NA,NA,NA
"65",1999,"Pauls Anchor",11,NA,NA,NA,NA
"66",1999,"Pauls Anchor",12,NA,NA,NA,NA
"67",1999,"Sailfin",1,NA,NA,NA,NA
"68",1999,"Sailfin",2,NA,NA,NA,NA
"69",1999,"Sailfin",3,NA,NA,NA,NA
"70",1999,"Sailfin",4,NA,NA,NA,NA
"71",1999,"Sailfin",5,NA,NA,NA,NA
"72",1999,"Sailfin",6,NA,NA,NA,NA
"73",1999,"Sailfin",7,NA,NA,NA,NA
"74",1999,"Sailfin",8,NA,NA,NA,NA
"75",1999,"Sailfin",9,NA,NA,NA,NA
"76",1999,"Sailfin",10,NA,NA,NA,NA
"77",1999,"Snapshot",1,NA,NA,NA,NA
"78",1999,"Snapshot",2,NA,NA,NA,NA
"79",1999,"Snapshot",3,NA,NA,NA,NA
"80",1999,"Snapshot",4,NA,NA,NA,NA
"81",1999,"Snapshot",5,NA,NA,NA,NA
"82",1999,"Snapshot",6,NA,NA,NA,NA
"83",1999,"Snapshot",7,NA,NA,NA,NA
"84",1999,"Snapshot",8,NA,NA,NA,NA
"85",1999,"Snapshot",9,NA,NA,NA,NA
"86",1999,"Snapshot",10,NA,NA,NA,NA
"87",1999,"Snapshot",11,NA,NA,NA,NA
"88",1999,"Snapshot",12,NA,NA,NA,NA
"89",1999,"West Point",1,NA,NA,NA,NA
"90",1999,"West Point",2,NA,NA,NA,NA
"91",1999,"West Point",3,NA,NA,NA,NA
"92",1999,"West Point",4,NA,NA,NA,NA
"93",1999,"West Point",5,NA,NA,NA,NA
"94",1999,"West Point",6,NA,NA,NA,NA
"95",1999,"West Point",7,NA,NA,NA,NA
"96",1999,"West Point",8,NA,NA,NA,NA
"97",1999,"West Point",9,NA,NA,NA,NA
"98",1999,"West Point",10,NA,NA,NA,NA
"99",2002,"Coral City",1,0,NA,NA,NA
"100",2002,"Coral City",2,0,NA,NA,NA
"101",2002,"Coral City",3,1,NA,NA,NA
"102",2002,"Coral City",4,0,NA,NA,NA
"103",2002,"Coral City",5,0,NA,NA,NA
"104",2002,"Coral City",6,0,NA,NA,NA
"105",2002,"Coral City",7,0,NA,NA,NA
"106",2002,"Coral City",8,0,NA,NA,NA
"107",2002,"Grundys  Gardens ",1,1,NA,NA,NA
"108",2002,"Grundys  Gardens ",2,0,NA,NA,NA
"109",2002,"Grundys  Gardens ",3,0,NA,NA,NA
"110",2002,"Grundys  Gardens ",4,0,NA,NA,NA
"111",2002,"Grundys  Gardens ",5,1,NA,NA,NA
"112",2002,"Grundys  Gardens ",6,0,NA,NA,NA
"113",2002,"Grundys  Gardens ",7,0,NA,NA,NA
"114",2002,"Grundys  Gardens ",8,0,NA,NA,NA
"115",2002,"Grundys  Gardens ",9,0,NA,NA,NA
"116",2002,"Grundys  Gardens ",10,0,NA,NA,NA
"117",2002,"Grundys  Gardens ",11,0,NA,NA,NA
"118",2002,"Jigsaw",1,2,NA,NA,NA
"119",2002,"Jigsaw",2,2,NA,NA,NA
"120",2002,"Jigsaw",3,0,NA,NA,NA
"121",2002,"Jigsaw",4,0,NA,NA,NA
"122",2002,"Jigsaw",5,0,NA,NA,NA
"123",2002,"Jigsaw",6,3,NA,NA,NA
"124",2002,"Jigsaw",7,0,NA,NA,NA
"125",2002,"Jigsaw",8,1,NA,NA,NA
"126",2002,"Jigsaw",9,1,NA,NA,NA
"127",2002,"Meadows",1,1,NA,NA,NA
"128",2002,"Meadows",2,3,NA,NA,NA
"129",2002,"Meadows",3,1,NA,NA,NA
"130",2002,"Meadows",4,1,NA,NA,NA
"131",2002,"Meadows",5,2,NA,NA,NA
"132",2002,"Meadows",6,0,NA,NA,NA
"133",2002,"Meadows",7,0,NA,NA,NA
"134",2002,"Meadows",8,1,NA,NA,NA
"135",2002,"Sailfin",1,2,NA,NA,NA
"136",2002,"Sailfin",2,0,NA,NA,NA
"137",2002,"Sailfin",3,0,NA,NA,NA
"138",2002,"Sailfin",4,0,NA,NA,NA
"139",2002,"Sailfin",5,2,NA,NA,NA
"140",2002,"Sailfin",6,4,NA,NA,NA
"141",2002,"Sailfin",7,0,NA,NA,NA
"142",2002,"Sailfin",8,0,NA,NA,NA
"143",2002,"Sailfin",9,0,NA,NA,NA
"144",2002,"Sailfin",10,2,NA,NA,NA
"145",2002,"Sailfin",11,0,NA,NA,NA
"146",2003,"Pauls Anchor",1,0,NA,NA,NA
"147",2003,"Pauls Anchor",2,2,NA,NA,NA
"148",2003,"Pauls Anchor",3,1,NA,NA,NA
"149",2003,"Pauls Anchor",4,0,NA,NA,NA
"150",2003,"Pauls Anchor",5,2,NA,NA,NA
"151",2003,"Pauls Anchor",6,0,NA,NA,NA
"152",2003,"Pauls Anchor",7,0,NA,NA,NA
"153",2003,"Pauls Anchor",8,0,NA,NA,NA
"154",2003,"Pauls Anchor",9,0,NA,NA,NA
"155",2003,"Richardss Reef",1,NA,NA,NA,NA
"156",2003,"Richardss Reef",2,NA,NA,NA,NA
"157",2003,"Richardss Reef",3,NA,NA,NA,NA
"158",2003,"Richardss Reef",4,NA,NA,NA,NA
"159",2003,"Richardss Reef",5,NA,NA,NA,NA
"160",2003,"Richardss Reef",6,NA,NA,NA,NA
"161",2003,"Richardss Reef",7,NA,NA,NA,NA
"162",2003,"Richardss Reef",8,NA,NA,NA,NA
"163",2003,"Richardss Reef",9,NA,NA,NA,NA
"164",2003,"Richardss Reef",10,NA,NA,NA,NA
"165",2003,"Richardss Reef",11,NA,NA,NA,NA
"166",2003,"Snapshot",1,3,NA,NA,NA
"167",2003,"Snapshot",2,5,NA,NA,NA
"168",2003,"Snapshot",3,2,NA,NA,NA
"169",2003,"Snapshot",4,1,NA,NA,NA
"170",2003,"Snapshot",5,3,NA,NA,NA
"171",2003,"Snapshot",6,0,NA,NA,NA
"172",2003,"Snapshot",7,0,NA,NA,NA
"173",2003,"Snapshot",8,1,NA,NA,NA
"174",2003,"Snapshot",9,0,NA,NA,NA
"175",2003,"West Point",1,0,NA,NA,NA
"176",2003,"West Point",2,2,NA,NA,NA
"177",2003,"West Point",3,3,NA,NA,NA
"178",2003,"West Point",4,3,NA,NA,NA
"179",2003,"West Point",5,1,NA,NA,NA
"180",2003,"West Point",6,1,NA,NA,NA
"181",2003,"West Point",7,0,NA,NA,NA
"182",2003,"West Point",8,0,NA,NA,NA
"183",2004,"Coral City",1,2,NA,NA,NA
"184",2004,"Coral City",2,0,NA,NA,NA
"185",2004,"Coral City",3,5,NA,NA,NA
"186",2004,"Coral City",4,0,NA,NA,NA
"187",2004,"Coral City",5,1,NA,NA,NA
"188",2004,"Coral City",6,10,NA,NA,NA
"189",2004,"Coral City",7,5,NA,NA,NA
"190",2004,"Coral City",8,6,NA,NA,NA
"191",2004,"Grundys  Gardens ",1,3,NA,NA,NA
"192",2004,"Grundys  Gardens ",2,0,NA,NA,NA
"193",2004,"Grundys  Gardens ",3,5,NA,NA,NA
"194",2004,"Grundys  Gardens ",4,0,NA,NA,NA
"195",2004,"Grundys  Gardens ",5,0,NA,NA,NA
"196",2004,"Grundys  Gardens ",6,9,NA,NA,NA
"197",2004,"Grundys  Gardens ",7,3,NA,NA,NA
"198",2004,"Grundys  Gardens ",8,0,NA,NA,NA
"199",2004,"Jigsaw",1,2,NA,NA,NA
"200",2004,"Jigsaw",2,4,NA,NA,NA
"201",2004,"Jigsaw",3,0,NA,NA,NA
"202",2004,"Jigsaw",4,0,NA,NA,NA
"203",2004,"Jigsaw",5,0,NA,NA,NA
"204",2004,"Jigsaw",6,1,NA,NA,NA
"205",2004,"Jigsaw",7,0,NA,NA,NA
"206",2004,"Jigsaw",8,0,NA,NA,NA
"207",2004,"Jigsaw",9,5,NA,NA,NA
"208",2004,"Jigsaw",10,1,NA,NA,NA
"209",2004,"Jigsaw",11,1,NA,NA,NA
"210",2004,"Mixing Bowl",1,0,NA,NA,NA
"211",2004,"Mixing Bowl",2,2,NA,NA,NA
"212",2004,"Mixing Bowl",3,1,NA,NA,NA
"213",2004,"Mixing Bowl",4,0,NA,NA,NA
"214",2004,"Mixing Bowl",5,1,NA,NA,NA
"215",2004,"Mixing Bowl",6,0,NA,NA,NA
"216",2004,"Mixing Bowl",7,0,NA,NA,NA
"217",2004,"Mixing Bowl",8,3,NA,NA,NA
"218",2004,"Mixing Bowl",9,1,NA,NA,NA
"219",2004,"Pauls Anchor",1,1,NA,NA,NA
"220",2004,"Pauls Anchor",2,3,NA,NA,NA
"221",2004,"Pauls Anchor",3,1,NA,NA,NA
"222",2004,"Pauls Anchor",4,2,NA,NA,NA
"223",2004,"Pauls Anchor",5,1,NA,NA,NA
"224",2004,"Pauls Anchor",6,0,NA,NA,NA
"225",2004,"Pauls Anchor",7,0,NA,NA,NA
"226",2004,"Pauls Anchor",8,0,NA,NA,NA
"227",2004,"Pauls Anchor",9,0,NA,NA,NA
"228",2004,"Pauls Anchor",10,2,NA,NA,NA
"229",2004,"Richardss Reef",1,NA,NA,NA,NA
"230",2004,"Richardss Reef",2,NA,NA,NA,NA
"231",2004,"Richardss Reef",3,NA,NA,NA,NA
"232",2004,"Richardss Reef",4,NA,NA,NA,NA
"233",2004,"Richardss Reef",5,NA,NA,NA,NA
"234",2004,"Richardss Reef",6,NA,NA,NA,NA
"235",2004,"Richardss Reef",7,NA,NA,NA,NA
"236",2004,"Richardss Reef",8,NA,NA,NA,NA
"237",2004,"Richardss Reef",9,NA,NA,NA,NA
"238",2004,"Richardss Reef",10,NA,NA,NA,NA
"239",2004,"Richardss Reef",11,NA,NA,NA,NA
"240",2004,"Richardss Reef",12,NA,NA,NA,NA
"241",2004,"Richardss Reef",13,NA,NA,NA,NA
"242",2004,"Richardss Reef",14,NA,NA,NA,NA
"243",2004,"Richardss Reef",15,NA,NA,NA,NA
"244",2004,"Richardss Reef",16,NA,NA,NA,NA
"245",2004,"Richardss Reef",26,NA,NA,NA,NA
"246",2004,"Sailfin",1,6,NA,NA,NA
"247",2004,"Sailfin",2,2,NA,NA,NA
"248",2004,"Sailfin",3,5,NA,NA,NA
"249",2004,"Sailfin",4,3,NA,NA,NA
"250",2004,"Sailfin",5,4,NA,NA,NA
"251",2004,"Sailfin",6,3,NA,NA,NA
"252",2004,"Sailfin",7,0,NA,NA,NA
"253",2004,"Sailfin",8,0,NA,NA,NA
"254",2004,"Sailfin",9,0,NA,NA,NA
"255",2004,"Sailfin",10,1,NA,NA,NA
"256",2004,"Snapshot",1,3,NA,NA,NA
"257",2004,"Snapshot",2,0,NA,NA,NA
"258",2004,"Snapshot",3,0,NA,NA,NA
"259",2004,"Snapshot",4,1,NA,NA,NA
"260",2004,"Snapshot",5,0,NA,NA,NA
"261",2004,"Snapshot",6,1,NA,NA,NA
"262",2004,"Snapshot",7,0,NA,NA,NA
"263",2004,"Snapshot",8,1,NA,NA,NA
"264",2004,"Snapshot",9,1,NA,NA,NA
"265",2004,"Snapshot",10,1,NA,NA,NA
"266",2004,"Snapshot",11,2,NA,NA,NA
"267",2004,"West Point",1,0,NA,NA,NA
"268",2004,"West Point",2,0,NA,NA,NA
"269",2004,"West Point",3,0,NA,NA,NA
"270",2004,"West Point",4,2,NA,NA,NA
"271",2004,"West Point",5,0,NA,NA,NA
"272",2004,"West Point",6,0,NA,NA,NA
"273",2004,"West Point",7,3,NA,NA,NA
"274",2004,"West Point",8,2,NA,NA,NA
"275",2004,"West Point",9,1,NA,NA,NA
"276",2004,"West Point",10,0,NA,NA,NA
"277",2005,"Coral City",1,0,NA,NA,NA
"278",2005,"Coral City",2,1,NA,NA,NA
"279",2005,"Coral City",3,1,NA,NA,NA
"280",2005,"Coral City",4,0,NA,NA,NA
"281",2005,"Coral City",5,2,NA,NA,NA
"282",2005,"Coral City",6,0,NA,NA,NA
"283",2005,"Coral City",7,1,NA,NA,NA
"284",2005,"Coral City",8,2,NA,NA,NA
"285",2005,"Coral City",9,2,NA,NA,NA
"286",2005,"Coral City",10,2,NA,NA,NA
"287",2005,"Coral City",11,1,NA,NA,NA
"288",2005,"Coral City",12,0,NA,NA,NA
"289",2005,"Coral City",13,1,NA,NA,NA
"290",2005,"Coral City",14,2,NA,NA,NA
"291",2005,"Grundys  Gardens ",1,3,NA,NA,NA
"292",2005,"Grundys  Gardens ",2,4,NA,NA,NA
"293",2005,"Grundys  Gardens ",3,1,NA,NA,NA
"294",2005,"Grundys  Gardens ",4,0,NA,NA,NA
"295",2005,"Grundys  Gardens ",5,0,NA,NA,NA
"296",2005,"Grundys  Gardens ",6,1,NA,NA,NA
"297",2005,"Grundys  Gardens ",7,2,NA,NA,NA
"298",2005,"Grundys  Gardens ",8,0,NA,NA,NA
"299",2005,"Grundys  Gardens ",9,2,NA,NA,NA
"300",2005,"Grundys  Gardens ",10,1,NA,NA,NA
"301",2005,"Grundys  Gardens ",11,1,NA,NA,NA
"302",2005,"Grundys  Gardens ",12,3,NA,NA,NA
"303",2005,"Grundys  Gardens ",13,1,NA,NA,NA
"304",2005,"Grundys  Gardens ",14,1,NA,NA,NA
"305",2005,"Pauls Anchor",1,2,NA,NA,NA
"306",2005,"Pauls Anchor",2,2,NA,NA,NA
"307",2005,"Pauls Anchor",3,0,NA,NA,NA
"308",2005,"Pauls Anchor",4,1,NA,NA,NA
"309",2005,"Pauls Anchor",5,1,NA,NA,NA
"310",2005,"Pauls Anchor",6,1,NA,NA,NA
"311",2005,"Pauls Anchor",7,2,NA,NA,NA
"312",2005,"West Point",1,1,NA,NA,NA
"313",2005,"West Point",2,0,NA,NA,NA
"314",2005,"West Point",3,2,NA,NA,NA
"315",2005,"West Point",4,0,NA,NA,NA
"316",2005,"West Point",5,0,NA,NA,NA
"317",2005,"West Point",6,0,NA,NA,NA
"318",2005,"West Point",7,0,NA,NA,NA
"319",2005,"West Point",8,1,NA,NA,NA
"320",2005,"West Point",9,3,NA,NA,NA
"321",2005,"West Point",10,0,NA,NA,NA
"322",2005,"West Point",11,2,NA,NA,NA
"323",2005,"West Point",12,1,NA,NA,NA
"324",2006,"Coral City",1,0,NA,NA,NA
"325",2006,"Coral City",2,0,NA,NA,NA
"326",2006,"Coral City",3,0,NA,NA,NA
"327",2006,"Coral City",4,0,NA,NA,NA
"328",2006,"Coral City",5,0,NA,NA,NA
"329",2006,"Coral City",6,0,NA,NA,NA
"330",2006,"Coral City",7,0,NA,NA,NA
"331",2006,"Coral City",8,0,NA,NA,NA
"332",2006,"Grundys  Gardens ",1,0,NA,NA,NA
"333",2006,"Grundys  Gardens ",2,0,NA,NA,NA
"334",2006,"Grundys  Gardens ",3,0,NA,NA,NA
"335",2006,"Grundys  Gardens ",4,1,NA,NA,NA
"336",2006,"Grundys  Gardens ",5,0,NA,NA,NA
"337",2006,"Grundys  Gardens ",6,0,NA,NA,NA
"338",2006,"Grundys  Gardens ",7,0,NA,NA,NA
"339",2006,"Grundys  Gardens ",8,2,NA,NA,NA
"340",2006,"Jigsaw",1,0,NA,NA,NA
"341",2006,"Jigsaw",2,1,NA,NA,NA
"342",2006,"Jigsaw",3,0,NA,NA,NA
"343",2006,"Jigsaw",4,3,NA,NA,NA
"344",2006,"Jigsaw",5,0,NA,NA,NA
"345",2006,"Jigsaw",6,0,NA,NA,NA
"346",2006,"Jigsaw",7,1,NA,NA,NA
"347",2006,"Jigsaw",8,0,NA,NA,NA
"348",2006,"Jigsaw",9,0,NA,NA,NA
"349",2006,"Mixing Bowl",1,1,NA,NA,NA
"350",2006,"Mixing Bowl",2,1,NA,NA,NA
"351",2006,"Mixing Bowl",3,0,NA,NA,NA
"352",2006,"Mixing Bowl",4,0,NA,NA,NA
"353",2006,"Mixing Bowl",5,1,NA,NA,NA
"354",2006,"Mixing Bowl",6,0,NA,NA,NA
"355",2006,"Mixing Bowl",7,0,NA,NA,NA
"356",2006,"Mixing Bowl",8,0,NA,NA,NA
"357",2006,"Pauls Anchor",1,0,NA,NA,NA
"358",2006,"Pauls Anchor",2,0,NA,NA,NA
"359",2006,"Pauls Anchor",3,1,NA,NA,NA
"360",2006,"Pauls Anchor",4,1,NA,NA,NA
"361",2006,"Pauls Anchor",5,0,NA,NA,NA
"362",2006,"Pauls Anchor",6,0,NA,NA,NA
"363",2006,"Pauls Anchor",7,0,NA,NA,NA
"364",2006,"Pauls Anchor",8,0,NA,NA,NA
"365",2006,"Pauls Anchor",9,0,NA,NA,NA
"366",2006,"Sailfin",1,0,NA,NA,NA
"367",2006,"Sailfin",2,0,NA,NA,NA
"368",2006,"Sailfin",3,0,NA,NA,NA
"369",2006,"Sailfin",4,4,NA,NA,NA
"370",2006,"Sailfin",5,0,NA,NA,NA
"371",2006,"Sailfin",6,1,NA,NA,NA
"372",2006,"Sailfin",7,0,NA,NA,NA
"373",2006,"Snapshot",1,0,NA,NA,NA
"374",2006,"Snapshot",2,0,NA,NA,NA
"375",2006,"Snapshot",3,1,NA,NA,NA
"376",2006,"Snapshot",4,0,NA,NA,NA
"377",2006,"Snapshot",5,0,NA,NA,NA
"378",2006,"Snapshot",6,0,NA,NA,NA
"379",2006,"Snapshot",7,0,NA,NA,NA
"380",2006,"West Point",1,0,NA,NA,NA
"381",2006,"West Point",2,0,NA,NA,NA
"382",2006,"West Point",3,0,NA,NA,NA
"383",2006,"West Point",4,4,NA,NA,NA
"384",2006,"West Point",5,0,NA,NA,NA
"385",2006,"West Point",6,0,NA,NA,NA
"386",2006,"West Point",7,0,NA,NA,NA
"387",2007,"Coral City",1,0,NA,NA,NA
"388",2007,"Coral City",2,0,NA,NA,NA
"389",2007,"Coral City",3,1,NA,NA,NA
"390",2007,"Coral City",4,1,NA,NA,NA
"391",2007,"Coral City",5,0,NA,NA,NA
"392",2007,"Coral City",6,0,NA,NA,NA
"393",2007,"Coral City",7,1,NA,NA,NA
"394",2007,"Coral City",8,1,NA,NA,NA
"395",2007,"Grundys  Gardens ",1,1,NA,NA,NA
"396",2007,"Grundys  Gardens ",2,1,NA,NA,NA
"397",2007,"Grundys  Gardens ",3,0,NA,NA,NA
"398",2007,"Grundys  Gardens ",4,0,NA,NA,NA
"399",2007,"Grundys  Gardens ",5,0,NA,NA,NA
"400",2007,"Grundys  Gardens ",6,1,NA,NA,NA
"401",2007,"Grundys  Gardens ",7,0,NA,NA,NA
"402",2007,"Grundys  Gardens ",8,0,NA,NA,NA
"403",2007,"Grundys  Gardens ",9,0,NA,NA,NA
"404",2007,"Grundys  Gardens ",10,0,NA,NA,NA
"405",2007,"Grundys  Gardens ",11,1,NA,NA,NA
"406",2007,"Grundys  Gardens ",12,0,NA,NA,NA
"407",2007,"Jigsaw",1,3,NA,NA,NA
"408",2007,"Jigsaw",2,0,NA,NA,NA
"409",2007,"Jigsaw",3,2,NA,NA,NA
"410",2007,"Jigsaw",4,1,NA,NA,NA
"411",2007,"Jigsaw",5,0,NA,NA,NA
"412",2007,"Jigsaw",6,1,NA,NA,NA
"413",2007,"Jigsaw",7,2,NA,NA,NA
"414",2007,"Jigsaw",8,0,NA,NA,NA
"415",2007,"Jigsaw",9,0,NA,NA,NA
"416",2007,"Pauls Anchor",1,1,NA,NA,NA
"417",2007,"Pauls Anchor",2,0,NA,NA,NA
"418",2007,"Pauls Anchor",3,0,NA,NA,NA
"419",2007,"Pauls Anchor",4,0,NA,NA,NA
"420",2007,"Pauls Anchor",5,1,NA,NA,NA
"421",2007,"Pauls Anchor",6,0,NA,NA,NA
"422",2007,"Pauls Anchor",7,0,NA,NA,NA
"423",2007,"Pauls Anchor",8,1,NA,NA,NA
"424",2007,"Pauls Anchor",9,1,NA,NA,NA
"425",2007,"Pauls Anchor",10,1,NA,NA,NA
"426",2007,"Sailfin",1,0,NA,NA,NA
"427",2007,"Sailfin",2,0,NA,NA,NA
"428",2007,"Sailfin",3,0,NA,NA,NA
"429",2007,"Sailfin",4,0,NA,NA,NA
"430",2007,"Sailfin",5,0,NA,NA,NA
"431",2007,"Sailfin",6,1,NA,NA,NA
"432",2007,"Sailfin",7,1,NA,NA,NA
"433",2007,"Sailfin",8,0,NA,NA,NA
"434",2007,"Sailfin",9,0,NA,NA,NA
"435",2007,"Sailfin",10,0,NA,NA,NA
"436",2007,"Snapshot",1,0,NA,NA,NA
"437",2007,"Snapshot",2,2,NA,NA,NA
"438",2007,"Snapshot",3,2,NA,NA,NA
"439",2007,"Snapshot",4,2,NA,NA,NA
"440",2007,"Snapshot",5,2,NA,NA,NA
"441",2007,"Snapshot",6,0,NA,NA,NA
"442",2007,"Snapshot",7,3,NA,NA,NA
"443",2007,"West Point",1,4,NA,NA,NA
"444",2007,"West Point",2,3,NA,NA,NA
"445",2007,"West Point",3,0,NA,NA,NA
"446",2007,"West Point",4,0,NA,NA,NA
"447",2007,"West Point",5,0,NA,NA,NA
"448",2007,"West Point",6,1,NA,NA,NA
"449",2007,"West Point",7,0,NA,NA,NA
"450",2007,"West Point",8,2,NA,NA,NA
"451",2007,"West Point",9,1,NA,NA,NA
"452",2007,"West Point",10,1,NA,NA,NA
"453",2007,"West Point",11,2,NA,NA,NA
"454",2007,"West Point",12,0,NA,NA,NA
"455",2007,"West Point",13,1,NA,NA,NA
"456",2009,"Coral City",1,3,NA,NA,NA
"457",2009,"Coral City",2,0,NA,NA,NA
"458",2009,"Coral City",3,0,NA,NA,NA
"459",2009,"Coral City",4,1,NA,NA,NA
"460",2009,"Grundys  Gardens ",1,0,NA,NA,NA
"461",2009,"Grundys  Gardens ",2,0,NA,NA,NA
"462",2009,"Grundys  Gardens ",3,0,NA,NA,NA
"463",2009,"Grundys  Gardens ",4,0,NA,NA,NA
"464",2009,"Grundys  Gardens ",5,0,NA,NA,NA
"465",2009,"Grundys  Gardens ",6,5,NA,NA,NA
"466",2009,"Grundys  Gardens ",7,2,NA,NA,NA
"467",2009,"Jigsaw",1,0,NA,NA,NA
"468",2009,"Jigsaw",2,2,NA,NA,NA
"469",2009,"Jigsaw",3,4,NA,NA,NA
"470",2009,"Jigsaw",4,0,NA,NA,NA
"471",2009,"Jigsaw",5,0,NA,NA,NA
"472",2009,"Jigsaw",6,3,NA,NA,NA
"473",2009,"Jigsaw",7,1,NA,NA,NA
"474",2009,"Jigsaw",8,1,NA,NA,NA
"475",2009,"Jigsaw",9,0,NA,NA,NA
"476",2009,"Jigsaw",10,0,NA,NA,NA
"477",2009,"Meadows",1,1,NA,NA,NA
"478",2009,"Meadows",2,0,NA,NA,NA
"479",2009,"Meadows",3,1,NA,NA,NA
"480",2009,"Meadows",4,1,NA,NA,NA
"481",2009,"Meadows",5,1,NA,NA,NA
"482",2009,"Meadows",6,3,NA,NA,NA
"483",2009,"Meadows",7,0,NA,NA,NA
"484",2009,"Mixing Bowl",1,2,NA,NA,NA
"485",2009,"Mixing Bowl",2,0,NA,NA,NA
"486",2009,"Mixing Bowl",3,1,NA,NA,NA
"487",2009,"Mixing Bowl",4,2,NA,NA,NA
"488",2009,"Mixing Bowl",5,0,NA,NA,NA
"489",2009,"Mixing Bowl",6,0,NA,NA,NA
"490",2009,"Richardss Reef",1,0,NA,NA,NA
"491",2009,"Richardss Reef",2,2,NA,NA,NA
"492",2009,"Richardss Reef",3,0,NA,NA,NA
"493",2009,"Richardss Reef",4,1,NA,NA,NA
"494",2009,"Richardss Reef",5,2,NA,NA,NA
"495",2009,"Richardss Reef",6,0,NA,NA,NA
"496",2009,"Richardss Reef",7,0,NA,NA,NA
"497",2009,"Sailfin",1,1,NA,NA,NA
"498",2009,"Sailfin",2,0,NA,NA,NA
"499",2009,"Sailfin",3,1,NA,NA,NA
"500",2009,"Sailfin",4,3,NA,NA,NA
"501",2009,"Sailfin",5,0,NA,NA,NA
"502",2009,"Sailfin",6,0,NA,NA,NA
"503",2009,"Snapshot",1,0,NA,NA,NA
"504",2009,"Snapshot",2,2,NA,NA,NA
"505",2009,"Snapshot",3,0,NA,NA,NA
"506",2009,"Snapshot",4,2,NA,NA,NA
"507",2009,"West Point",1,2,NA,NA,NA
"508",2009,"West Point",2,1,NA,NA,NA
"509",2009,"West Point",3,0,NA,NA,NA
"510",2009,"West Point",4,0,NA,NA,NA
"511",2009,"West Point",5,1,NA,NA,NA
"512",2009,"West Point",6,1,NA,NA,NA
"513",2009,"West Point",7,0,NA,NA,NA
"514",2011,"Coral City",1,1,NA,NA,NA
"515",2011,"Coral City",2,2,NA,NA,NA
"516",2011,"Coral City",3,0,NA,NA,NA
"517",2011,"Coral City",4,3,NA,NA,NA
"518",2011,"Coral City",5,3,NA,NA,NA
"519",2011,"Coral City",6,4,NA,NA,NA
"520",2011,"Grundys  Gardens ",1,3,NA,NA,NA
"521",2011,"Grundys  Gardens ",2,4,NA,NA,NA
"522",2011,"Grundys  Gardens ",3,0,NA,NA,NA
"523",2011,"Grundys  Gardens ",4,2,NA,NA,NA
"524",2011,"Grundys  Gardens ",5,1,NA,NA,NA
"525",2011,"Jigsaw",1,4,NA,NA,NA
"526",2011,"Jigsaw",2,5,NA,NA,NA
"527",2011,"Jigsaw",3,6,NA,NA,NA
"528",2011,"Jigsaw",4,0,NA,NA,NA
"529",2011,"Jigsaw",5,1,NA,NA,NA
"530",2011,"Jigsaw",6,1,NA,NA,NA
"531",2011,"Meadows",1,4,NA,NA,NA
"532",2011,"Meadows",2,7,NA,NA,NA
"533",2011,"Meadows",3,3,NA,NA,NA
"534",2011,"Meadows",4,3,NA,NA,NA
"535",2011,"Meadows",5,2,NA,NA,NA
"536",2011,"Meadows",6,3,NA,NA,NA
"537",2011,"Mixing Bowl",1,3,NA,NA,NA
"538",2011,"Mixing Bowl",2,4,NA,NA,NA
"539",2011,"Mixing Bowl",3,3,NA,NA,NA
"540",2011,"Mixing Bowl",4,3,NA,NA,NA
"541",2011,"Mixing Bowl",5,1,NA,NA,NA
"542",2011,"Mixing Bowl",6,5,NA,NA,NA
"543",2011,"Sailfin",1,3,NA,NA,NA
"544",2011,"Sailfin",2,0,NA,NA,NA
"545",2011,"Sailfin",3,2,NA,NA,NA
"546",2011,"Sailfin",4,4,NA,NA,NA
"547",2011,"Sailfin",5,2,NA,NA,NA
"548",2011,"Sailfin",6,2,NA,NA,NA
"549",2011,"Snapshot",1,1,NA,NA,NA
"550",2011,"Snapshot",2,2,NA,NA,NA
"551",2011,"Snapshot",3,2,NA,NA,NA
"552",2011,"Snapshot",4,3,NA,NA,NA
"553",2011,"Snapshot",5,1,NA,NA,NA
"554",2011,"Snapshot",6,4,NA,NA,NA
"555",2011,"West Point",1,1,NA,NA,NA
"556",2011,"West Point",2,1,NA,NA,NA
"557",2011,"West Point",3,1,NA,NA,NA
"558",2011,"West Point",4,1,NA,NA,NA
"559",2011,"West Point",5,3,NA,NA,NA
"560",2011,"West Point",6,0,NA,NA,NA
"561",2012,"Coral City",1,0,NA,NA,NA
"562",2012,"Coral City",2,3,NA,NA,NA
"563",2012,"Coral City",3,1,NA,NA,NA
"564",2012,"Coral City",4,1,NA,NA,NA
"565",2012,"Coral City",5,2,NA,NA,NA
"566",2012,"Coral City",6,0,NA,NA,NA
"567",2012,"Grundys  Gardens ",1,0,NA,NA,NA
"568",2012,"Grundys  Gardens ",2,0,NA,NA,NA
"569",2012,"Grundys  Gardens ",3,0,NA,NA,NA
"570",2012,"Grundys  Gardens ",4,1,NA,NA,NA
"571",2012,"Grundys  Gardens ",5,0,NA,NA,NA
"572",2012,"Grundys  Gardens ",6,0,NA,NA,NA
"573",2012,"ICON CREWS",1,0,NA,NA,NA
"574",2012,"ICON CREWS",2,0,NA,NA,NA
"575",2012,"ICON CREWS",3,0,NA,NA,NA
"576",2012,"ICON CREWS",4,1,NA,NA,NA
"577",2012,"ICON CREWS",5,0,NA,NA,NA
"578",2012,"ICON CREWS",6,0,NA,NA,NA
"579",2012,"Icon",1,2,NA,NA,NA
"580",2012,"Icon",2,1,NA,NA,NA
"581",2012,"Icon",3,0,NA,NA,NA
"582",2012,"Icon",4,0,NA,NA,NA
"583",2012,"Icon",5,1,NA,NA,NA
"584",2012,"Icon",6,1,NA,NA,NA
"585",2012,"Jigsaw",1,0,NA,NA,NA
"586",2012,"Jigsaw",2,1,NA,NA,NA
"587",2012,"Jigsaw",3,1,NA,NA,NA
"588",2012,"Jigsaw",4,0,NA,NA,NA
"589",2012,"Jigsaw",5,2,NA,NA,NA
"590",2012,"Jigsaw",6,1,NA,NA,NA
"591",2012,"Meadows",1,3,NA,NA,NA
"592",2012,"Meadows",2,2,NA,NA,NA
"593",2012,"Meadows",3,3,NA,NA,NA
"594",2012,"Meadows",4,1,NA,NA,NA
"595",2012,"Meadows",5,2,NA,NA,NA
"596",2012,"Meadows",6,1,NA,NA,NA
"597",2012,"Mixing Bowl",1,0,NA,NA,NA
"598",2012,"Mixing Bowl",2,0,NA,NA,NA
"599",2012,"Mixing Bowl",3,3,NA,NA,NA
"600",2012,"Mixing Bowl",4,0,NA,NA,NA
"601",2012,"Mixing Bowl",5,1,NA,NA,NA
"602",2012,"Mixing Bowl",6,2,NA,NA,NA
"603",2012,"Pauls Anchor",1,2,NA,NA,NA
"604",2012,"Pauls Anchor",2,0,NA,NA,NA
"605",2012,"Pauls Anchor",3,3,NA,NA,NA
"606",2012,"Pauls Anchor",4,1,NA,NA,NA
"607",2012,"Pauls Anchor",5,0,NA,NA,NA
"608",2012,"Pauls Anchor",6,0,NA,NA,NA
"609",2012,"Rock Bottom",1,1,NA,NA,NA
"610",2012,"Rock Bottom",2,3,NA,NA,NA
"611",2012,"Rock Bottom",3,1,NA,NA,NA
"612",2012,"Rock Bottom",4,1,NA,NA,NA
"613",2012,"Rock Bottom",5,0,NA,NA,NA
"614",2012,"Rock Bottom",6,1,NA,NA,NA
"615",2012,"Sailfin",1,1,NA,NA,NA
"616",2012,"Sailfin",2,0,NA,NA,NA
"617",2012,"Sailfin",3,2,NA,NA,NA
"618",2012,"Sailfin",4,2,NA,NA,NA
"619",2012,"Sailfin",5,1,NA,NA,NA
"620",2012,"Sailfin",6,2,NA,NA,NA
"621",2012,"Snapshot",1,1,NA,NA,NA
"622",2012,"Snapshot",2,1,NA,NA,NA
"623",2012,"Snapshot",3,0,NA,NA,NA
"624",2012,"Snapshot",4,1,NA,NA,NA
"625",2012,"Snapshot",5,1,NA,NA,NA
"626",2012,"Snapshot",6,0,NA,NA,NA
"627",2012,"West Point",1,0,NA,NA,NA
"628",2012,"West Point",2,0,NA,NA,NA
"629",2012,"West Point",3,0,NA,NA,NA
"630",2012,"West Point",4,0,NA,NA,NA
"631",2012,"West Point",5,0,NA,NA,NA
"632",2012,"West Point",6,0,NA,NA,NA
"633",2013,"Coral City",1,1,NA,NA,NA
"634",2013,"Coral City",2,1,NA,NA,NA
"635",2013,"Coral City",3,2,NA,NA,NA
"636",2013,"Coral City",4,2,NA,NA,NA
"637",2013,"Coral City",5,2,NA,NA,NA
"638",2013,"Coral City",6,4,NA,NA,NA
"639",2013,"Grundys  Gardens ",1,0,NA,NA,NA
"640",2013,"Grundys  Gardens ",2,1,NA,NA,NA
"641",2013,"Grundys  Gardens ",3,0,NA,NA,NA
"642",2013,"Grundys  Gardens ",4,0,NA,NA,NA
"643",2013,"Grundys  Gardens ",5,3,NA,NA,NA
"644",2013,"Grundys  Gardens ",6,5,NA,NA,NA
"645",2013,"Grundys  Gardens ",7,3,NA,NA,NA
"646",2013,"Grundys  Gardens ",8,1,NA,NA,NA
"647",2013,"Icon",1,3,NA,NA,NA
"648",2013,"Icon",2,1,NA,NA,NA
"649",2013,"Icon",3,3,NA,NA,NA
"650",2013,"Icon",4,1,NA,NA,NA
"651",2013,"Icon",5,5,NA,NA,NA
"652",2013,"Icon",6,2,NA,NA,NA
"653",2013,"Jigsaw",1,2,NA,NA,NA
"654",2013,"Jigsaw",2,9,NA,NA,NA
"655",2013,"Jigsaw",3,2,NA,NA,NA
"656",2013,"Jigsaw",4,2,NA,NA,NA
"657",2013,"Jigsaw",5,3,NA,NA,NA
"658",2013,"Jigsaw",6,0,NA,NA,NA
"659",2013,"Jigsaw",7,4,NA,NA,NA
"660",2013,"Meadows",1,1,NA,NA,NA
"661",2013,"Meadows",2,6,NA,NA,NA
"662",2013,"Meadows",3,8,NA,NA,NA
"663",2013,"Meadows",4,15,NA,NA,NA
"664",2013,"Meadows",5,6,NA,NA,NA
"665",2013,"Meadows",6,2,NA,NA,NA
"666",2013,"Mixing Bowl",1,1,NA,NA,NA
"667",2013,"Mixing Bowl",2,1,NA,NA,NA
"668",2013,"Mixing Bowl",3,1,NA,NA,NA
"669",2013,"Mixing Bowl",4,3,NA,NA,NA
"670",2013,"Mixing Bowl",5,5,NA,NA,NA
"671",2013,"Mixing Bowl",6,7,NA,NA,NA
"672",2013,"Mixing Bowl",7,2,NA,NA,NA
"673",2013,"Mixing Bowl",8,1,NA,NA,NA
"674",2013,"Pauls Anchor",1,2,NA,NA,NA
"675",2013,"Pauls Anchor",2,3,NA,NA,NA
"676",2013,"Pauls Anchor",3,6,NA,NA,NA
"677",2013,"Pauls Anchor",4,7,NA,NA,NA
"678",2013,"Pauls Anchor",5,3,NA,NA,NA
"679",2013,"Pauls Anchor",6,5,NA,NA,NA
"680",2013,"Sailfin",1,0,NA,NA,NA
"681",2013,"Sailfin",2,1,NA,NA,NA
"682",2013,"Sailfin",3,7,NA,NA,NA
"683",2013,"Sailfin",4,5,NA,NA,NA
"684",2013,"Sailfin",5,5,NA,NA,NA
"685",2013,"Sailfin",6,3,NA,NA,NA
"686",2013,"Snapshot",1,0,NA,NA,NA
"687",2013,"Snapshot",2,2,NA,NA,NA
"688",2013,"Snapshot",3,2,NA,NA,NA
"689",2013,"Snapshot",4,5,NA,NA,NA
"690",2013,"Snapshot",5,2,NA,NA,NA
"691",2013,"Snapshot",6,1,NA,NA,NA
"692",2013,"Snapshot",7,4,NA,NA,NA
"693",2013,"Snapshot",8,3,NA,NA,NA
"694",2013,"West Point",1,1,NA,NA,NA
"695",2013,"West Point",2,2,NA,NA,NA
"696",2013,"West Point",3,1,NA,NA,NA
"697",2013,"West Point",4,4,NA,NA,NA
"698",2013,"West Point",5,1,NA,NA,NA
"699",2013,"West Point",6,2,NA,NA,NA
"700",2013,"West Point",7,0,NA,NA,NA
"701",2013,"West Point",8,2,NA,NA,NA
"702",2013,"West Point",9,1,NA,NA,NA
"703",2013,"West Point",10,1,NA,NA,NA
"704",2013,"West Point",11,2,NA,NA,NA
"705",2013,"West Point",12,7,NA,NA,NA
"706",2013,"West Point",13,1,NA,NA,NA
"707",2013,"West Point",14,3,NA,NA,NA
"708",2014,"Coral City",1,0,NA,NA,NA
"709",2014,"Coral City",2,2,NA,NA,NA
"710",2014,"Coral City",3,2,NA,NA,NA
"711",2014,"Coral City",4,0,NA,NA,NA
"712",2014,"Coral City",5,0,NA,NA,NA
"713",2014,"Coral City",6,0,NA,NA,NA
"714",2014,"Coral City",7,2,NA,NA,NA
"715",2014,"Coral City",8,4,NA,NA,NA
"716",2014,"Coral City",9,1,NA,NA,NA
"717",2014,"Coral City",10,2,NA,NA,NA
"718",2014,"Grundys  Gardens ",1,3,NA,NA,NA
"719",2014,"Grundys  Gardens ",2,0,NA,NA,NA
"720",2014,"Grundys  Gardens ",3,1,NA,NA,NA
"721",2014,"Grundys  Gardens ",4,0,NA,NA,NA
"722",2014,"Grundys  Gardens ",5,0,NA,NA,NA
"723",2014,"Grundys  Gardens ",6,0,NA,NA,NA
"724",2014,"Grundys  Gardens ",7,2,NA,NA,NA
"725",2014,"Grundys  Gardens ",8,1,NA,NA,NA
"726",2014,"Grundys  Gardens ",9,0,NA,NA,NA
"727",2014,"Icon",1,3,NA,NA,NA
"728",2014,"Icon",2,4,NA,NA,NA
"729",2014,"Icon",3,2,NA,NA,NA
"730",2014,"Icon",4,2,NA,NA,NA
"731",2014,"Icon",5,0,NA,NA,NA
"732",2014,"Icon",6,1,NA,NA,NA
"733",2014,"Icon",7,1,NA,NA,NA
"734",2014,"Icon",8,1,NA,NA,NA
"735",2014,"Icon",9,1,NA,NA,NA
"736",2014,"Icon",10,0,NA,NA,NA
"737",2014,"Jigsaw",1,0,NA,NA,NA
"738",2014,"Jigsaw",2,2,NA,NA,NA
"739",2014,"Jigsaw",3,1,NA,NA,NA
"740",2014,"Jigsaw",4,1,NA,NA,NA
"741",2014,"Jigsaw",5,2,NA,NA,NA
"742",2014,"Jigsaw",6,0,NA,NA,NA
"743",2014,"Jigsaw",7,0,NA,NA,NA
"744",2014,"Jigsaw",8,3,NA,NA,NA
"745",2014,"Jigsaw",9,1,NA,NA,NA
"746",2014,"Meadows",1,2,NA,NA,NA
"747",2014,"Meadows",2,3,NA,NA,NA
"748",2014,"Meadows",3,2,NA,NA,NA
"749",2014,"Meadows",4,0,NA,NA,NA
"750",2014,"Meadows",5,1,NA,NA,NA
"751",2014,"Meadows",6,1,NA,NA,NA
"752",2014,"Meadows",7,0,NA,NA,NA
"753",2014,"Meadows",8,0,NA,NA,NA
"754",2014,"Meadows",9,0,NA,NA,NA
"755",2014,"Meadows",10,4,NA,NA,NA
"756",2014,"Mixing Bowl",1,1,NA,NA,NA
"757",2014,"Mixing Bowl",2,3,NA,NA,NA
"758",2014,"Mixing Bowl",3,0,NA,NA,NA
"759",2014,"Mixing Bowl",4,1,NA,NA,NA
"760",2014,"Mixing Bowl",5,1,NA,NA,NA
"761",2014,"Mixing Bowl",6,2,NA,NA,NA
"762",2014,"Pauls Anchor",1,0,NA,NA,NA
"763",2014,"Pauls Anchor",2,5,NA,NA,NA
"764",2014,"Pauls Anchor",3,1,NA,NA,NA
"765",2014,"Pauls Anchor",4,2,NA,NA,NA
"766",2014,"Pauls Anchor",5,3,NA,NA,NA
"767",2014,"Pauls Anchor",6,3,NA,NA,NA
"768",2014,"Pauls Anchor",7,2,NA,NA,NA
"769",2014,"Pauls Anchor",8,4,NA,NA,NA
"770",2014,"Sailfin",1,1,NA,NA,NA
"771",2014,"Sailfin",2,1,NA,NA,NA
"772",2014,"Sailfin",3,2,NA,NA,NA
"773",2014,"Sailfin",4,1,NA,NA,NA
"774",2014,"Sailfin",5,3,NA,NA,NA
"775",2014,"Sailfin",6,0,NA,NA,NA
"776",2014,"Sailfin",7,2,NA,NA,NA
"777",2014,"Snapshot",1,0,NA,NA,NA
"778",2014,"Snapshot",2,3,NA,NA,NA
"779",2014,"Snapshot",3,0,NA,NA,NA
"780",2014,"Snapshot",4,1,NA,NA,NA
"781",2014,"Snapshot",5,0,NA,NA,NA
"782",2014,"Snapshot",6,0,NA,NA,NA
"783",2014,"West Point",1,1,NA,NA,NA
"784",2014,"West Point",2,0,NA,NA,NA
"785",2014,"West Point",3,3,NA,NA,NA
"786",2014,"West Point",4,0,NA,NA,NA
"787",2014,"West Point",5,0,NA,NA,NA
"788",2014,"West Point",6,0,NA,NA,NA
"789",2014,"West Point",7,0,NA,NA,NA
"790",2014,"West Point",8,0,NA,NA,NA
"791",2014,"West Point",9,1,NA,NA,NA
"792",2014,"West Point",10,2,NA,NA,NA
"793",2015,"Coral City",1,0,NA,NA,NA
"794",2015,"Coral City",2,0,NA,NA,NA
"795",2015,"Coral City",3,6,NA,NA,NA
"796",2015,"Coral City",4,8,NA,NA,NA
"797",2015,"Coral City",5,2,NA,NA,NA
"798",2015,"Coral City",6,3,NA,NA,NA
"799",2015,"Grundys  Gardens ",1,1,NA,NA,NA
"800",2015,"Grundys  Gardens ",2,0,NA,NA,NA
"801",2015,"Grundys  Gardens ",3,1,NA,NA,NA
"802",2015,"Grundys  Gardens ",4,1,NA,NA,NA
"803",2015,"Grundys  Gardens ",5,0,NA,NA,NA
"804",2015,"Grundys  Gardens ",6,0,NA,NA,NA
"805",2015,"Icon",1,0,NA,NA,NA
"806",2015,"Icon",2,8,NA,NA,NA
"807",2015,"Icon",3,4,NA,NA,NA
"808",2015,"Icon",4,12,NA,NA,NA
"809",2015,"Icon",5,5,NA,NA,NA
"810",2015,"Icon",6,4,NA,NA,NA
"811",2015,"Jigsaw",1,2,NA,NA,NA
"812",2015,"Jigsaw",2,4,NA,NA,NA
"813",2015,"Jigsaw",3,0,NA,NA,NA
"814",2015,"Jigsaw",4,2,NA,NA,NA
"815",2015,"Jigsaw",5,2,NA,NA,NA
"816",2015,"Jigsaw",6,2,NA,NA,NA
"817",2015,"Meadows",1,4,NA,NA,NA
"818",2015,"Meadows",2,1,NA,NA,NA
"819",2015,"Meadows",3,1,NA,NA,NA
"820",2015,"Meadows",4,1,NA,NA,NA
"821",2015,"Meadows",5,2,NA,NA,NA
"822",2015,"Meadows",6,1,NA,NA,NA
"823",2015,"Mixing Bowl",1,0,NA,NA,NA
"824",2015,"Mixing Bowl",2,0,NA,NA,NA
"825",2015,"Mixing Bowl",3,3,NA,NA,NA
"826",2015,"Mixing Bowl",4,3,NA,NA,NA
"827",2015,"Mixing Bowl",5,0,NA,NA,NA
"828",2015,"Mixing Bowl",6,7,NA,NA,NA
"829",2015,"Pauls Anchor",1,5,NA,NA,NA
"830",2015,"Pauls Anchor",2,4,NA,NA,NA
"831",2015,"Pauls Anchor",3,3,NA,NA,NA
"832",2015,"Pauls Anchor",4,13,NA,NA,NA
"833",2015,"Pauls Anchor",5,7,NA,NA,NA
"834",2015,"Pauls Anchor",6,8,NA,NA,NA
"835",2015,"Sailfin",1,2,NA,NA,NA
"836",2015,"Sailfin",2,0,NA,NA,NA
"837",2015,"Sailfin",3,1,NA,NA,NA
"838",2015,"Sailfin",4,4,NA,NA,NA
"839",2015,"Sailfin",5,0,NA,NA,NA
"840",2015,"Sailfin",6,2,NA,NA,NA
"841",2015,"Snapshot",1,2,NA,NA,NA
"842",2015,"Snapshot",2,1,NA,NA,NA
"843",2015,"Snapshot",3,2,NA,NA,NA
"844",2015,"Snapshot",4,0,NA,NA,NA
"845",2015,"Snapshot",5,4,NA,NA,NA
"846",2015,"Snapshot",6,3,NA,NA,NA
"847",2015,"West Point",1,0,NA,NA,NA
"848",2015,"West Point",2,1,NA,NA,NA
"849",2015,"West Point",3,0,NA,NA,NA
"850",2015,"West Point",4,0,NA,NA,NA
"851",2015,"West Point",5,0,NA,NA,NA
"852",2017,"Coral City",1,NA,NA,NA,NA
"853",2017,"Coral City",2,NA,NA,NA,NA
"854",2017,"Coral City",3,NA,NA,NA,NA
"855",2017,"Coral City",4,NA,NA,NA,NA
"856",2017,"Coral City",5,NA,NA,NA,NA
"857",2017,"Coral City",6,NA,NA,NA,NA
"858",2017,"Grundys  Gardens ",1,NA,NA,NA,NA
"859",2017,"Grundys  Gardens ",2,NA,NA,NA,NA
"860",2017,"Grundys  Gardens ",3,NA,NA,NA,NA
"861",2017,"Grundys  Gardens ",4,NA,NA,NA,NA
"862",2017,"Grundys  Gardens ",5,NA,NA,NA,NA
"863",2017,"Grundys  Gardens ",6,NA,NA,NA,NA
"864",2017,"Icon",1,NA,NA,NA,NA
"865",2017,"Icon",2,NA,NA,NA,NA
"866",2017,"Icon",3,NA,NA,NA,NA
"867",2017,"Icon",4,NA,NA,NA,NA
"868",2017,"Icon",5,NA,NA,NA,NA
"869",2017,"Icon",6,NA,NA,NA,NA
"870",2017,"Jigsaw",3,NA,NA,NA,NA
"871",2017,"Jigsaw",4,NA,NA,NA,NA
"872",2017,"Jigsaw",5,NA,NA,NA,NA
"873",2017,"Jigsaw",6,NA,NA,NA,NA
"874",2017,"Jigsaw ",1,NA,NA,NA,NA
"875",2017,"Jigsaw ",2,NA,NA,NA,NA
"876",2017,"Meadows",1,NA,NA,NA,NA
"877",2017,"Meadows",2,NA,NA,NA,NA
"878",2017,"Meadows",3,NA,NA,NA,NA
"879",2017,"Meadows",4,NA,NA,NA,NA
"880",2017,"Meadows",5,NA,NA,NA,NA
"881",2017,"Meadows",6,NA,NA,NA,NA
"882",2017,"Meadows",7,NA,NA,NA,NA
"883",2017,"Mixing Bowl",1,NA,NA,NA,NA
"884",2017,"Mixing Bowl",2,NA,NA,NA,NA
"885",2017,"Mixing Bowl",3,NA,NA,NA,NA
"886",2017,"Mixing Bowl",4,NA,NA,NA,NA
"887",2017,"Mixing Bowl",5,NA,NA,NA,NA
"888",2017,"Mixing Bowl",6,NA,NA,NA,NA
"889",2017,"Mixing Bowl",7,NA,NA,NA,NA
"890",2017,"Mixing Bowl",8,NA,NA,NA,NA
"891",2017,"Pauls Anchor",1,NA,NA,NA,NA
"892",2017,"Pauls Anchor",2,NA,NA,NA,NA
"893",2017,"Pauls Anchor",3,NA,NA,NA,NA
"894",2017,"Pauls Anchor",4,NA,NA,NA,NA
"895",2017,"Pauls Anchor",5,NA,NA,NA,NA
"896",2017,"Pauls Anchor",6,NA,NA,NA,NA
"897",2017,"Sailfin",1,NA,NA,NA,NA
"898",2017,"Sailfin",2,NA,NA,NA,NA
"899",2017,"Sailfin",3,NA,NA,NA,NA
"900",2017,"Sailfin",4,NA,NA,NA,NA
"901",2017,"Sailfin",5,NA,NA,NA,NA
"902",2017,"Sailfin",6,NA,NA,NA,NA
"903",2017,"Snapshot",1,NA,NA,NA,NA
"904",2017,"Snapshot",2,NA,NA,NA,NA
"905",2017,"Snapshot",3,NA,NA,NA,NA
"906",2017,"Snapshot",4,NA,NA,NA,NA
"907",2017,"Snapshot",5,NA,NA,NA,NA
"908",2017,"Snapshot",6,NA,NA,NA,NA
"909",2017,"West Point",1,NA,NA,NA,NA
"910",2017,"West Point",2,NA,NA,NA,NA
"911",2017,"West Point",3,NA,NA,NA,NA
"912",2017,"West Point",4,NA,NA,NA,NA
"913",2017,"West Point",5,NA,NA,NA,NA
"914",2017,"West Point",6,NA,NA,NA,NA
"915",2017,"West Point",7,NA,NA,NA,NA
"916",2017,"West Point",8,NA,NA,NA,NA
"917",2017,"West Point",9,NA,NA,NA,NA
"918",2017,"West Point",10,NA,NA,NA,NA
"919",2017,"West Point",11,NA,NA,NA,NA
"920",2017,"West Point",12,NA,NA,NA,NA
"921",2018,"Blacktip tunnel",1,NA,NA,NA,NA
"922",2018,"Blacktip tunnel",2,NA,NA,NA,NA
"923",2018,"Blacktip tunnel",3,0,NA,NA,NA
"924",2018,"Blacktip tunnel",4,0,NA,NA,NA
"925",2018,"Blacktip tunnel",5,1,NA,NA,NA
"926",2018,"Blacktip tunnel",6,NA,NA,NA,NA
"927",2018,"Blacktip tunnel",7,NA,NA,NA,NA
"928",2018,"Blacktip tunnel",8,NA,NA,NA,NA
"929",2018,"Coral City",1,NA,NA,NA,NA
"930",2018,"Coral City",2,NA,NA,NA,NA
"931",2018,"Coral City",3,NA,NA,NA,NA
"932",2018,"Coral City",4,0,NA,NA,NA
"933",2018,"Coral City",5,0,NA,NA,NA
"934",2018,"Coral City",6,0,NA,NA,NA
"935",2018,"Coral City",7,0,NA,NA,NA
"936",2018,"Coral City",8,NA,NA,NA,NA
"937",2018,"Coral City",9,NA,NA,NA,NA
"938",2018,"Coral City",10,NA,NA,NA,NA
"939",2018,"Coral City",11,NA,NA,NA,NA
"940",2018,"Grundys  Gardens ",1,NA,NA,NA,NA
"941",2018,"Grundys  Gardens ",2,NA,NA,NA,NA
"942",2018,"Grundys  Gardens ",3,NA,NA,NA,NA
"943",2018,"Grundys  Gardens ",4,0,NA,NA,NA
"944",2018,"Grundys  Gardens ",5,0,NA,NA,NA
"945",2018,"Grundys  Gardens ",6,0,NA,NA,NA
"946",2018,"Grundys  Gardens ",7,0,NA,NA,NA
"947",2018,"Grundys  Gardens ",8,NA,NA,NA,NA
"948",2018,"Grundys  Gardens ",9,NA,NA,NA,NA
"949",2018,"Grundys  Gardens ",10,NA,NA,NA,NA
"950",2018,"Grundys  Gardens ",11,NA,NA,NA,NA
"951",2018,"Grundys  Gardens ",12,NA,NA,NA,NA
"952",2018,"Grundys  Gardens ",13,NA,NA,NA,NA
"953",2018,"Jigsaw",1,NA,NA,NA,NA
"954",2018,"Jigsaw",2,NA,NA,NA,NA
"955",2018,"Jigsaw",3,NA,NA,NA,NA
"956",2018,"Jigsaw",4,0,NA,NA,NA
"957",2018,"Jigsaw",5,0,NA,NA,NA
"958",2018,"Jigsaw",6,0,NA,NA,NA
"959",2018,"Jigsaw",7,0,NA,NA,NA
"960",2018,"Joys Joy",1,NA,NA,NA,NA
"961",2018,"Joys Joy",2,NA,NA,NA,NA
"962",2018,"Joys Joy",3,NA,NA,NA,NA
"963",2018,"Joys Joy",4,0,NA,NA,NA
"964",2018,"Joys Joy",5,1,NA,NA,NA
"965",2018,"Joys Joy",6,0,NA,NA,NA
"966",2018,"Joys Joy",7,0,NA,NA,NA
"967",2018,"Lucas Ledge",1,NA,NA,NA,NA
"968",2018,"Lucas Ledge",2,NA,NA,NA,NA
"969",2018,"Lucas Ledge",3,NA,NA,NA,NA
"970",2018,"Lucas Ledge",4,NA,NA,NA,NA
"971",2018,"Lucas Ledge",5,NA,NA,NA,NA
"972",2018,"Lucas Ledge",6,NA,NA,NA,NA
"973",2018,"Lucas Ledge",7,0,NA,NA,NA
"974",2018,"Lucas Ledge",8,0,NA,NA,NA
"975",2018,"Lucas Ledge",9,0,NA,NA,NA
"976",2018,"Lucas Ledge",10,0,NA,NA,NA
"977",2018,"Lucas Ledge",11,NA,NA,NA,NA
"978",2018,"Lucas Ledge",12,NA,NA,NA,NA
"979",2018,"Lucas Ledge",13,NA,NA,NA,NA
"980",2018,"Lucas Ledge",14,NA,NA,NA,NA
"981",2018,"Meadows",1,NA,NA,NA,NA
"982",2018,"Meadows",2,NA,NA,NA,NA
"983",2018,"Meadows",3,NA,NA,NA,NA
"984",2018,"Meadows",4,0,NA,NA,NA
"985",2018,"Meadows",5,0,NA,NA,NA
"986",2018,"Meadows",6,0,NA,NA,NA
"987",2018,"Meadows",7,0,NA,NA,NA
"988",2018,"Meadows",8,NA,NA,NA,NA
"989",2018,"Meadows",9,NA,NA,NA,NA
"990",2018,"Meadows",10,NA,NA,NA,NA
"991",2018,"West Point",1,NA,NA,NA,NA
"992",2018,"West Point",2,NA,NA,NA,NA
"993",2018,"West Point",3,0,NA,NA,NA
"994",2018,"West Point",4,0,NA,NA,NA
"995",2018,"West Point",5,0,NA,NA,NA
"996",2018,"West Point",6,0,NA,NA,NA
"997",2018,"West Point",7,NA,NA,NA,NA
"998",2018,"West Point",8,NA,NA,NA,NA
"999",2018,"West Point",9,NA,NA,NA,NA
"1000",2019,"CORAL CITY",1,1,NA,NA,NA
"1001",2019,"CORAL CITY",2,0,NA,NA,NA
"1002",2019,"CORAL CITY",3,0,NA,NA,NA
"1003",2019,"CORAL CITY",4,8,NA,NA,NA
"1004",2019,"CORAL CITY",5,9,NA,NA,NA
"1005",2019,"CORAL CITY",6,3,NA,NA,NA
"1006",2019,"CORAL CITY",7,8,NA,NA,NA
"1007",2019,"CORAL CITY",8,3,NA,NA,NA
"1008",2019,"Grundys  Gardens ",1,1,NA,NA,NA
"1009",2019,"Grundys  Gardens ",2,1,NA,NA,NA
"1010",2019,"Grundys  Gardens ",3,0,NA,NA,NA
"1011",2019,"Grundys  Gardens ",4,4,NA,NA,NA
"1012",2019,"Grundys  Gardens ",5,2,NA,NA,NA
"1013",2019,"Grundys  Gardens ",6,3,NA,NA,NA
"1014",2019,"Grundys  Gardens ",7,6,NA,NA,NA
"1015",2019,"Grundys  Gardens ",8,8,NA,NA,NA
"1016",2019,"Icon",1,4,NA,NA,NA
"1017",2019,"Icon",2,4,NA,NA,NA
"1018",2019,"Icon",3,0,NA,NA,NA
"1019",2019,"Icon",4,2,NA,NA,NA
"1020",2019,"Icon",5,4,NA,NA,NA
"1021",2019,"Icon",6,3,NA,NA,NA
"1022",2019,"Icon",7,5,NA,NA,NA
"1023",2019,"Icon",8,9,NA,NA,NA
"1024",2019,"Icon",9,9,NA,NA,NA
"1025",2019,"JIGSAW",1,2,NA,NA,NA
"1026",2019,"JIGSAW",2,3,NA,NA,NA
"1027",2019,"JIGSAW",3,0,NA,NA,NA
"1028",2019,"JIGSAW",4,4,NA,NA,NA
"1029",2019,"JIGSAW",5,3,NA,NA,NA
"1030",2019,"JIGSAW",6,3,NA,NA,NA
"1031",2019,"JIGSAW",7,11,NA,NA,NA
"1032",2019,"JIGSAW",8,3,NA,NA,NA
"1033",2019,"Meadows",1,0,NA,NA,NA
"1034",2019,"Meadows",2,4,NA,NA,NA
"1035",2019,"Meadows",3,3,NA,NA,NA
"1036",2019,"Meadows",4,9,NA,NA,NA
"1037",2019,"Meadows",5,3,NA,NA,NA
"1038",2019,"Meadows",6,3,NA,NA,NA
"1039",2019,"Meadows",7,13,NA,NA,NA
"1040",2019,"Meadows",8,8,NA,NA,NA
"1041",2019,"Mixing Bowl",1,2,NA,NA,NA
"1042",2019,"Mixing Bowl",2,1,NA,NA,NA
"1043",2019,"Mixing Bowl",3,1,NA,NA,NA
"1044",2019,"Mixing Bowl",4,1,NA,NA,NA
"1045",2019,"Mixing Bowl",5,4,NA,NA,NA
"1046",2019,"Mixing Bowl",6,2,NA,NA,NA
"1047",2019,"Mixing Bowl",7,7,NA,NA,NA
"1048",2019,"Mixing Bowl",8,1,NA,NA,NA
"1049",2019,"Pauls Anchor",1,3,NA,NA,NA
"1050",2019,"Pauls Anchor",2,2,NA,NA,NA
"1051",2019,"Pauls Anchor",3,0,NA,NA,NA
"1052",2019,"Pauls Anchor",4,9,NA,NA,NA
"1053",2019,"Pauls Anchor",5,6,NA,NA,NA
"1054",2019,"Pauls Anchor",6,9,NA,NA,NA
"1055",2019,"Pauls Anchor",7,7,NA,NA,NA
"1056",2019,"Pauls Anchor",8,5,NA,NA,NA
"1057",2019,"SNAPSHOT",1,2,NA,NA,NA
"1058",2019,"SNAPSHOT",2,0,NA,NA,NA
"1059",2019,"SNAPSHOT",4,6,NA,NA,NA
"1060",2019,"SNAPSHOT",5,10,NA,NA,NA
"1061",2019,"SNAPSHOT",6,12,NA,NA,NA
"1062",2019,"SNAPSHOT",7,8,NA,NA,NA
"1063",2019,"SNAPSHOT",8,13,NA,NA,NA
"1064",2019,"Sailfin",1,5,NA,NA,NA
"1065",2019,"Sailfin",2,5,NA,NA,NA
"1066",2019,"Sailfin",3,3,NA,NA,NA
"1067",2019,"Sailfin",4,3,NA,NA,NA
"1068",2019,"Sailfin",5,13,NA,NA,NA
"1069",2019,"Sailfin",6,4,NA,NA,NA
"1070",2019,"Sailfin",7,4,NA,NA,NA
"1071",2019,"Sailfin",8,4,NA,NA,NA
"1072",2019,"Snapshot",3,0,NA,NA,NA
"1073",2019,"West Point",1,1,NA,NA,NA
"1074",2019,"West Point",2,4,NA,NA,NA
"1075",2019,"West Point",3,0,NA,NA,NA
"1076",2019,"West Point",4,NA,NA,NA,NA
"1077",2019,"West Point",5,2,NA,NA,NA
"1078",2019,"West Point",6,7,NA,NA,NA
"1079",2019,"West Point",7,8,NA,NA,NA
"1080",2019,"West Point",8,5,NA,NA,NA
"1081",2020,"Marilyn's Cut",2,25,"GGG","August",2
"1082",2020,"Meadows",1,11,"GGG","August",2
"1083",2020,"Meadows",2,16,"GGG","August",2
"1084",2020,"Paul's Anchor",1,18,"GGG","August",2
"1085",2020,"Paul's Anchor",2,10,"GGG","August",2
"1086",2020,"Sailfin",1,37,"GGG","August",3
"1087",2020,"Sailfin",2,32,"GGG","August",3
"1088",2020,"Sailfin",3,30,"GGG","August",3
"1089",2020,"Sailfin",4,22,"GGG","August",3
"1090",2020,"Snapshot",1,24,"GGG","August",5
"1091",2020,"Snapshot",2,14,"GGG","August",5
"1092",2020,"Snapshot",3,16,"GGG","August",5
"1093",2020,"Snapshot",4,12,"GGG","August",5
"1094",2020,"Coral City",1,8,"GGG","July",27
"1095",2020,"Coral City",2,13,"GGG","July",27
"1096",2020,"Coral City",1,4,"MF","July",27
"1097",2020,"Coral City",2,10,"MF","July",27
"1098",2020,"Grundys",1,30,"MF","July",27
"1099",2020,"Grundys",2,27,"MF","July",27
"1100",2020,"Jigsaw",1,21,"GGG","July",28
"1101",2020,"Jigsaw",2,14,"GGG","July",28
"1102",2020,"Jigsaw",1,16,"MF","July",28
"1103",2020,"Jigsaw",2,10,"MF","July",28
"1104",2020,"WestPoint",1,6,"GGG","July",28
"1105",2020,"WestPoint",2,17,"GGG","July",28
"1106",2020,"WestPoint",3,10,"MF","July",28
"1107",2020,"WestPoint",4,9,"MF","July",28
"1108",2020,"Marilyns_cut",1,22,"GGG","July",29
"1109",2020,"Marilyns_cut",1,20,"MF","July",29
"1110",2020,"Marilyns_cut",2,14,"MF","July",29
"1111",2020,"Marthas",1,14,"GGG","July",29
"1112",2020,"Marthas",2,7,"GGG","July",29
"1113",2020,"Marthas",1,9,"MF","July",29
"1114",2020,"Marthas",2,9,"MF","July",29
"1115",2021,"Coral City",1,2,"CG","June",25
"1116",2021,"Coral City",2,3,"CG","June",25
"1117",2021,"Coral City",1,3,"GEC","June",25
"1118",2021,"Coral City",2,5,"GEC","June",25
"1119",2021,"Coral City",1,6,"GGG","June",25
"1120",2021,"Coral City",2,4,"GGG","June",25
"1121",2021,"Marilyns Cut",1,8,"CG","June",25
"1122",2021,"Marilyns Cut",2,3,"CG","June",25
"1123",2021,"Westpoint",1,2,"CG","June",25
"1124",2021,"Westpoint",2,5,"CG","June",25
"1125",2021,"Westpoint",1,6,"GEC","June",25
"1126",2021,"Westpoint",2,8,"GEC","June",25
"1127",2021,"Westpoint",1,5,"GGG","June",25
"1128",2021,"Westpoint",2,7,"GGG","June",25
"1129",2021,"Grundys",1,2,"CG","June",28
"1130",2021,"Grundys",2,1,"CG","June",28
"1131",2021,"Grundys",1,3,"GEC","June",28
"1132",2021,"Grundys",2,8,"GEC","June",28
"1133",2021,"Grundys",1,5,"GGG","June",28
"1134",2021,"Marilyns Cut",1,6,"GEC","June",28
"1135",2021,"Marilyns Cut",1,4,"GGG","June",28
"1136",2021,"Marilyns Cut",1,4,"sw","June",28
"1137",2021,"Marthas",1,3,"CG","June",28
"1138",2021,"Marthas",1,2,"GEC","June",28
"1139",2021,"Marthas",1,5,"GGG","June",28
"1140",2021,"Marthas",1,3,"sw","June",28
"1141",2021,"Snapshot",1,5,"GEC","June",28
"1142",2021,"Meadows",1,4,"sw","June",29
"1143",2021,"Pauls Anchor",1,4,"CG","June",29
"1144",2021,"Pauls Anchor",2,5,"CG_SW","June",29
"1145",2021,"Pauls Anchor",1,15,"GEC","June",29
"1146",2021,"Pauls Anchor",1,6,"sw","June",29
"1147",2021,"Snapshot",1,3,"CG","June",29
"1148",2021,"Snapshot",2,1,"CG","June",29
"1149",2021,"Snapshot",1,2,"GGG","June",29
"1150",2021,"Snapshot",1,2,"sw","June",29
"1151",2021,"Jigsaw",1,3,"CG","June",30
"1152",2021,"Jigsaw",2,2,"CG","June",30
"1153",2021,"Jigsaw",1,5,"GEC","June",30
"1154",2021,"Jigsaw",1,2,"sw","June",30
"1155",2021,"Sailfin",1,3,"CG","June",30
"1156",2021,"Sailfin",2,1,"CG","June",30
"1157",2021,"Sailfin",1,8,"GEC","June",30
"1158",2021,"Sailfin",1,10,"sw","June",30
"1159",2021,"Meadows",1,5,"GGG","June ",29
"1160",2021,"Pauls Anchor",1,7,"GGG","June ",29
"1161",2021,"Jigsaw",1,5,"GGG","June ",30
"1162",2021,"Sailfin",1,8,"GGG","June ",30
"1163",2022,"Coral City",1,10,"GGG","9",3
"1164",2022,"Coral City",2,3,"GGG","9",3
"1165",2022,"Grundys",1,7,"GGG","9",3
"1166",2022,"Grundys",2,5,"GGG","9",3
"1167",2022,"Westpoint",1,13,"GGG","9",3
"1168",2022,"Westpoint",2,6,"GGG","9",3
"1169",2022,"Marilyns Cut",1,10,"GGG","9",4
"1170",2022,"Marilyns Cut",2,4,"GGG","9",4
"1171",2022,"Sailfin",1,10,"GGG","9",4
"1172",2022,"Sailfin",2,11,"GGG","9",4
"1173",2022,"Snapshot",1,6,"GGG","9",4
"1174",2022,"Snapshot",2,3,"GGG","9",4
"1175",2022,"marthas",1,1,"AM","September",1
"1176",2022,"Marilyns Cut",1,6,"AM","September",4
"1177",2022,"Jigsaw",1,4,"AM","September",5
"1178",2022,"Jigsaw",1,3,"AM/ZP","September",5
"1179",2022,"Meadows",1,2,"AM/ZP","September",6
"1180",2023,"Coral City",1,6,"GGG","7",3
"1181",2023,"Grundys",1,5,"GGG","7",3
"1182",2023,"west point",1,1,"LLG","7",3
"1183",2023,"Jigsaw",1,3,"GGG","7",4
"1184",2023,"Jigsaw",1,4,"KE","7",4
"1185",2023,"Jigsaw",1,2,"LLG","7",4
"1186",2023,"Jigsaw",1,2,"LLG ","7",4
"1187",2023,"Marilyns Cut",1,7,"KE","7",4
"1188",2023,"Marilyns Cut",1,2,"LLG ","7",4
"1189",2023,"Marthas",1,11,"GGG","7",4
"1190",2023,"Marthas",1,3,"LLG","7",4
"1191",2023,"Marthas",1,4,"LLG ","7",4
"1192",2023,"Meadows",1,4,"GGG","7",4
"1193",2023,"Meadows",1,4,"KE","7",4
"1194",2023,"Meadows",1,1,"LLG ","7",4
"1195",2023,"Westpoint",1,7,"GGG","7",4
"1196",2023,"Sailfin",1,14,"GGG","7",5
"1197",2023,"Sailfin",1,8,"KE","7",5
"1198",2023,"Sailfin",1,2,"LLG ","7",5
"1199",2023,"Snapshot",1,8,"GGG","7",5
"1200",2023,"Snapshot",1,7,"KE","7",5
"1201",2023,"Snapshot",1,2,"LLG ","7",5
"1202",2023,"Coral City",1,2,"Haley Davis","jul",3
"1203",2023,"Westpoint",1,5,"Haley Davis","jul",3
"1204",2023,"Marilyns Cut",1,4,"Haley Davis","jul",4
"1205",2023,"Marilyns Cut",12,1,"Haley Davis","jul",4
"1206",2023,"Marthas",1,1,"Haley Davis","jul",4
"1207",2023,"Meadows",1,9,"Haley Davis","jul",4
"1208",2023,"Sailfin",1,6,"Haley Davis","jul",5
"1209",2023,"Snapshot",1,2,"Haley Davis","jul",5
