"","Year","Site","Transect","Observer","Perc_cover","Depth"
"1",1999,"Black Tip Tunnels",1,"BR",17.5,14.9
"2",1999,"Black Tip Tunnels",2,"BR",15,10
"3",1999,"Black Tip Tunnels",3,"BR",14,15
"4",1999,"Black Tip Tunnels",4,"BR",10.6,10
"5",1999,"Black Tip Tunnels",1,"CH",29,12.17
"6",1999,"Black Tip Tunnels",2,"CH",16,12.14
"7",1999,"Black Tip Tunnels",3,"CH",17,12.1111111111111
"8",1999,"Black Tip Tunnels",1,"CK",5,13
"9",1999,"Black Tip Tunnels",2,"CK",8.57142857142857,10
"10",1999,"Black Tip Tunnels",3,"CK",11,12.8
"11",1999,"Black Tip Tunnels",4,"CK",4.5,13
"12",1999,"Black Tip Tunnels",1,"JH",18,11.62
"13",1999,"Black Tip Tunnels",2,"JH",13,10
"14",1999,"Black Tip Tunnels",1,"RG",29,10.8
"15",1999,"Black Tip Tunnels",2,"RG",15,11.6
"16",1999,"Black Tip Tunnels",3,"RG",22,10.8181818181818
"17",1999,"Black Tip Tunnels",4,"RG",20.5,11.8916666666667
"18",1999,"Charles Bay",1,"BR",24,4
"19",1999,"Charles Bay",2,"BR",25,4
"20",1999,"Charles Bay",3,"BR",14,10
"21",1999,"Charles Bay",4,"BR",26,10
"22",1999,"Charles Bay",5,"BR",26,10
"23",1999,"Charles Bay",1,"CH",16,14.525
"24",1999,"Charles Bay",2,"CH",16,14.075
"25",1999,"Charles Bay",3,"CH",17,14.6
"26",1999,"Charles Bay",1,"CK",11,10.7
"27",1999,"Charles Bay",2,"CK",8,9
"28",1999,"Charles Bay",3,"CK",6,10
"29",1999,"Charles Bay",4,"CK",8.5,10.7
"30",1999,"Charles Bay",1,"JH",21,10.325
"31",1999,"Charles Bay",2,"JH",20.5,11
"32",1999,"Charles Bay",1,"RG",24,13.8666666666667
"33",1999,"Charles Bay",2,"RG",15,10
"34",1999,"Charles Bay",3,"RG",21.2,13.1266666666667
"35",1999,"Coral City ",1,"BR",30,8.2
"36",1999,"Coral City ",2,"BR",22,10
"37",1999,"Coral City ",3,"BR",29,12
"38",1999,"Coral City ",4,"BR",42,9
"39",1999,"Coral City ",5,"BR",25,9
"40",1999,"Coral City ",8,"CH",27,9.81666666666667
"41",1999,"Coral City ",9,"CH",21,9.82222222222222
"42",1999,"Coral City ",10,"CH",19,10.0583333333333
"43",1999,"Coral City ",6,"CK",22.5,9.5
"44",1999,"Coral City ",7,"CK",15,9
"45",1999,"Coral City ",11,"JH",24.5,10.7
"46",1999,"Coral City ",11,"RG",24.5,10.6125
"47",1999,"Coral City ",12,"RG",26,9.125
"48",1999,"Coral City ",13,"RG",28,10
"49",1999,"Coral City ",14,"RG",25,10
"50",1999,"Grundys  Gardens ",8,"BR",45,8.4
"51",1999,"Grundys  Gardens ",9,"BR",37,8.33333333333333
"52",1999,"Grundys  Gardens ",10,"BR",34,7
"53",1999,"Grundys  Gardens ",11,"BR",53,8
"54",1999,"Grundys  Gardens ",1,"CH",42,9.8
"55",1999,"Grundys  Gardens ",2,"CH",53,9.8
"56",1999,"Grundys  Gardens ",3,"CH",43,9
"57",1999,"Grundys  Gardens ",5,"CK",14,9.8
"58",1999,"Grundys  Gardens ",6,"CK",26,9
"59",1999,"Grundys  Gardens ",7,"CK",28,9.5
"60",1999,"Grundys  Gardens ",3,"RG",43,9.28333333333333
"61",1999,"Grundys  Gardens ",4,"RG",40,10.4166666666667
"62",1999,"Jigsaw",4,"BR",15,9
"63",1999,"Jigsaw",5,"BR",30,8
"64",1999,"Jigsaw",6,"BR",37,8
"65",1999,"Jigsaw",7,"BR",42,10
"66",1999,"Jigsaw",8,"BR",31,9
"67",1999,"Jigsaw",9,"BR",34,9
"68",1999,"Jigsaw",10,"CH",28,12.52
"69",1999,"Jigsaw",11,"CH",20,11.025
"70",1999,"Jigsaw",12,"CH",35,10
"71",1999,"Jigsaw",13,"CK",8,11.6
"72",1999,"Jigsaw",14,"JH",15,12
"73",1999,"Jigsaw",1,"RG",23,12.18
"74",1999,"Jigsaw",2,"RG",30,10.8181818181818
"75",1999,"Jigsaw",3,"RG",32,12.1888888888889
"76",1999,"Joys Joy",1,"BR",16,15
"77",1999,"Joys Joy",2,"BR",16,16
"78",1999,"Joys Joy",3,"BR",14,13
"79",1999,"Joys Joy",4,"BR",14,13
"80",1999,"Joys Joy",1,"CH",14,10.6666666666667
"81",1999,"Joys Joy",2,"CH",18,8.2
"82",1999,"Joys Joy",3,"CH",20,9.81818181818182
"83",1999,"Joys Joy",4,"CH",11,8.8
"84",1999,"Joys Joy",1,"JH",19,14.0666666666667
"85",1999,"Joys Joy",2,"JH",15,15
"86",1999,"Joys Joy",1,"RG",36,12.125
"87",1999,"Joys Joy",2,"RG",19.5,12.1
"88",1999,"Joys Joy",3,"RG",24,13.1428571428571
"89",1999,"Joys Joy",4,"RG",23.5,13.8666666666667
"90",1999,"Lucass Ledge",1,"BR",23,13
"91",1999,"Lucass Ledge",2,"BR",27,14
"92",1999,"Lucass Ledge",3,"BR",24,14
"93",1999,"Lucass Ledge",4,"BR",15,10
"94",1999,"Lucass Ledge",1,"CH",30,13
"95",1999,"Lucass Ledge",2,"CH",28.5,13.9333333333333
"96",1999,"Lucass Ledge",3,"CH",23,13.9166666666667
"97",1999,"Lucass Ledge",4,"CH",24,13.1
"98",1999,"Lucass Ledge",1,"RG",23.5,13.0833333333333
"99",1999,"Lucass Ledge",2,"RG",24.5,14.1428571428571
"100",1999,"Lucass Ledge",3,"RG",15.5,13.8888888888889
"101",1999,"Lucass Ledge",4,"RG",37,14
"102",1999,"Main Channel - East Side",1,"BR",10,10
"103",1999,"Main Channel - East Side",2,"BR",10,10
"104",1999,"Main Channel - East Side",3,"BR",10,10
"105",1999,"Main Channel - East Side",4,"BR",10,10
"106",1999,"Main Channel - East Side",1,"CH",12,3
"107",1999,"Main Channel - East Side",2,"CH",11,3
"108",1999,"Main Channel - East Side",3,"CH",16,3
"109",1999,"Main Channel - East Side",1,"CK",21,2
"110",1999,"Main Channel - East Side",2,"CK",22,2
"111",1999,"Main Channel - East Side",1,"JH",25,10
"112",1999,"Main Channel - East Side",1,"RG",21,10
"113",1999,"Main Channel - East Side",2,"RG",19.5,10
"114",1999,"Main Channel - East Side",3,"RG",17.5,10
"115",1999,"Meadows",1,"BR",32,6
"116",1999,"Meadows",2,"BR",26,6
"117",1999,"Meadows",3,"BR",35,6
"118",1999,"Meadows",4,"BR",30,6
"119",1999,"Meadows",1,"CH",51,5.5
"120",1999,"Meadows",2,"CH",46,5.55454545454545
"121",1999,"Meadows",3,"CH",49,5.71666666666667
"122",1999,"Meadows",1,"CK",29,7
"123",1999,"Meadows",2,"CK",22,10
"124",1999,"Meadows",3,"CK",31,10
"125",1999,"Meadows",1,"JH",46,5.5
"126",1999,"Meadows",2,"JH",45,5.59375
"127",1999,"Meadows",1,"RG",57,6
"128",1999,"Meadows",2,"RG",55,5.90666666666667
"129",1999,"Meadows",3,"RG",68,4.65
"130",1999,"Meadows",4,"RG",54,5.02941176470588
"131",1999,"Mixing Bowl ",6,"BR",26,12
"132",1999,"Mixing Bowl ",7,"BR",29,12
"133",1999,"Mixing Bowl ",8,"BR",27,13
"134",1999,"Mixing Bowl ",9,"BR",16,11
"135",1999,"Mixing Bowl ",10,"BR",39,13
"136",1999,"Mixing Bowl ",3,"CH",32,12
"137",1999,"Mixing Bowl ",4,"CH",38,11.6444444444444
"138",1999,"Mixing Bowl ",5,"CH",32,11.4923076923077
"139",1999,"Mixing Bowl ",11,"CK",15,12
"140",1999,"Mixing Bowl ",12,"CK",57,12.8
"141",1999,"Mixing Bowl ",13,"CK",29,13.4
"142",1999,"Mixing Bowl ",1,"JH",22.5,13
"143",1999,"Mixing Bowl ",2,"JH",14.5,13
"144",1999,"Mixing Bowl ",14,"RG",42,12
"145",1999,"Mixing Bowl ",15,"RG",38,13.7
"146",1999,"Nancys Cup of Tea",1,"BR",10,11
"147",1999,"Nancys Cup of Tea",2,"BR",17.5,12
"148",1999,"Nancys Cup of Tea",3,"BR",26,10
"149",1999,"Nancys Cup of Tea",4,"BR",17,10
"150",1999,"Nancys Cup of Tea",1,"CK",65,12.8
"151",1999,"Nancys Cup of Tea",2,"CK",16,12.8
"152",1999,"Nancys Cup of Tea",3,"CK",25,10
"153",1999,"Nancys Cup of Tea",1,"JH",14,14
"154",1999,"Nancys Cup of Tea",2,"JH",21,14
"155",1999,"Nancys Cup of Tea",1,"RG",23.5,13
"156",1999,"Nancys Cup of Tea",2,"RG",13.5,12.875
"157",1999,"Nancys Cup of Tea",3,"RG",20.5,12
"158",1999,"Nancys Cup of Tea",4,"RG",13,12
"159",1999,"No Name",1,"BR",28,11
"160",1999,"No Name",2,"BR",20,11
"161",1999,"No Name",3,"BR",20,10
"162",1999,"No Name",4,"BR",15,10
"163",1999,"No Name",1,"CH",21,12
"164",1999,"No Name",2,"CH",34,11
"165",1999,"No Name",3,"CH",46,12.375
"166",1999,"No Name",4,"CH",33,11.1384615384615
"167",1999,"No Name",1,"RG",25.5,10
"168",1999,"No Name",2,"RG",20,10.25
"169",1999,"No Name",3,"RG",32,9.92857142857143
"170",1999,"No Name",4,"RG",20.5,10
"171",1999,"Pauls Anchor ",1,"BR",15.5,15
"172",1999,"Pauls Anchor ",2,"BR",8.5,15
"173",1999,"Pauls Anchor ",9,"CH",13,12
"174",1999,"Pauls Anchor ",10,"CH",17,17
"175",1999,"Pauls Anchor ",11,"CH",27,12
"176",1999,"Pauls Anchor ",6,"CK",6,13
"177",1999,"Pauls Anchor ",7,"CK",1.1,13
"178",1999,"Pauls Anchor ",8,"CK",8,12
"179",1999,"Pauls Anchor ",3,"RG",22.5,12
"180",1999,"Pauls Anchor ",4,"RG",26,11
"181",1999,"Pauls Anchor ",5,"RG",43.5,12
"182",1999,"Penguins Leap",1,"BR",20,15
"183",1999,"Penguins Leap",2,"BR",12,15
"184",1999,"Penguins Leap",3,"BR",17,10
"185",1999,"Penguins Leap",4,"BR",2,10
"186",1999,"Penguins Leap",1,"CH",36,17
"187",1999,"Penguins Leap",2,"CH",18,16.9
"188",1999,"Penguins Leap",3,"CH",33,16.9285714285714
"189",1999,"Penguins Leap",1,"CK",14,17
"190",1999,"Penguins Leap",2,"CK",18,10
"191",1999,"Penguins Leap",3,"CK",20,16
"192",1999,"Penguins Leap",1,"JH",12,17
"193",1999,"Penguins Leap",2,"JH",7,10
"194",1999,"Penguins Leap",1,"RG",17.5,15.8083333333333
"195",1999,"Penguins Leap",2,"RG",20,16.6
"196",1999,"Penguins Leap",3,"RG",12,15.0272727272727
"197",1999,"Penguins Leap",4,"RG",22,15
"198",1999,"Rock Bottom",1,"BR",31,15
"199",1999,"Rock Bottom",2,"BR",10,13
"200",1999,"Rock Bottom",3,"BR",35,10
"201",1999,"Rock Bottom",1,"CH",45,11.8461538461538
"202",1999,"Rock Bottom",2,"CH",26,11.8571428571429
"203",1999,"Rock Bottom",3,"CH",24.5,10.1818181818182
"204",1999,"Rock Bottom",1,"CK",15,12
"205",1999,"Rock Bottom",2,"CK",17,13
"206",1999,"Rock Bottom",3,"CK",13,13
"207",1999,"Rock Bottom",1,"RG",14.5,14
"208",1999,"Rock Bottom",2,"RG",17.5,14
"209",1999,"Rock Bottom",3,"RG",22.5,14
"210",1999,"Sailfin ",1,"BR",15,9
"211",1999,"Sailfin ",2,"BR",25,10
"212",1999,"Sailfin ",3,"BR",16,10
"213",1999,"Sailfin ",4,"BR",19,12
"214",1999,"Sailfin ",5,"BR",26,12
"215",1999,"Sailfin ",6,"RG",27.5,8
"216",1999,"Sailfin ",7,"RG",26.5,6.1
"217",1999,"Sailfin ",8,"RG",27.5,7.3
"218",1999,"Sailfin ",9,"RG",20.5,8
"219",1999,"Sailfin ",10,"RG",23.5,10
"220",1999,"Snap Shot ",1,"BR",31,15
"221",1999,"Snap Shot ",2,"BR",10,13
"222",1999,"Snap Shot ",3,"BR",35,10
"223",1999,"Snap Shot ",10,"CH",45,11.8461538461538
"224",1999,"Snap Shot ",11,"CH",26,11.8571428571429
"225",1999,"Snap Shot ",12,"CH",24.5,10.1818181818182
"226",1999,"Snap Shot ",4,"CK",15,12
"227",1999,"Snap Shot ",5,"CK",17,13
"228",1999,"Snap Shot ",6,"CK",13,13
"229",1999,"Snap Shot ",7,"RG",14.5,14
"230",1999,"Snap Shot ",8,"RG",17.5,14
"231",1999,"Snap Shot ",9,"RG",22.5,14
"232",1999,"West Point ",1,"BR",33,17
"233",1999,"West Point ",2,"BR",25,15
"234",1999,"West Point ",3,"BR",23,14
"235",1999,"West Point ",4,"BR",28,16
"236",1999,"West Point ",5,"BR",27,14
"237",1999,"West Point ",6,"RG",17.5,12.1
"238",1999,"West Point ",7,"RG",18.5,13
"239",1999,"West Point ",8,"RG",23.5,13.1
"240",1999,"West Point ",9,"RG",33,13.1666666666667
"241",1999,"West Point ",10,"RG",28.5,14
"242",1999,"Wreck",1,"BR",17,10
"243",1999,"Wreck",2,"BR",11,11
"244",1999,"Wreck",3,"BR",11,10
"245",1999,"Wreck",4,"BR",2,11
"246",1999,"Wreck",5,"BR",14,10
"247",1999,"Wreck",1,"RG",20,11
"248",1999,"Wreck",2,"RG",18.5,11.0909090909091
"249",1999,"Wreck",3,"RG",17.5,11.9
"250",1999,"Wreck",4,"RG",20.3,10
"251",1999,"Wreck",5,"RG",17.5,10.9090909090909
"252",2002,"Coral City ",2,"ALEX",24,9.7
"253",2002,"Coral City ",6,"CARRIE",30,11.2
"254",2002,"Coral City ",7,"CARRIE",26,11.2
"255",2002,"Coral City ",8,"CARRIE",20,9.7
"256",2002,"Coral City ",1,"ERIC",27.5,8
"257",2002,"Coral City ",3,"VICTORIA",22,10.6
"258",2002,"Coral City ",4,"VICTORIA",19.5,10.6
"259",2002,"Coral City ",5,"VICTORIA",19.5,10.6
"260",2002,"Grundys  Gardens ",3,"ALEX",26,8.5
"261",2002,"Grundys  Gardens ",11,"ALEX",25.5,7.25
"262",2002,"Grundys  Gardens ",5,"ERC",20,8.5
"263",2002,"Grundys  Gardens ",5,"ERIC",20,8.5
"264",2002,"Grundys  Gardens ",4,"ERIKA",20,10
"265",2002,"Grundys  Gardens ",6,"PATTI",13.5,9.4
"266",2002,"Grundys  Gardens ",9,"PATTI",19,10
"267",2002,"Grundys  Gardens ",10,"PATTI",30,10
"268",2002,"Grundys  Gardens ",8,"VANIA",25.5,10
"269",2002,"Grundys  Gardens ",1,"VICTORIA",15,8.5
"270",2002,"Grundys  Gardens ",2,"VICTORIA",26.5,8.5
"271",2002,"Grundys  Gardens ",7,"VICTORIA",40.5,7.6
"272",2002,"Jigsaw",6,"ALEX",24.5,12.7
"273",2002,"Jigsaw",10,"ERIC",21,10
"274",2002,"Jigsaw",4,"ERIKA",12.5,15
"275",2002,"Jigsaw",5,"ERIKA",18.5,15
"276",2002,"Jigsaw",7,"PATTI",25,12.8
"277",2002,"Jigsaw",1,"VICTORIA",30,12.5
"278",2002,"Jigsaw",2,"VICTORIA",29,12.5
"279",2002,"Jigsaw",3,"VICTORIA",24,12.5
"280",2002,"Jigsaw",8,"VICTORIA",28.5,13.4
"281",2002,"Jigsaw",9,"VICTORIA",19.5,12.8
"282",2002,"Meadows ",3,"ALEX",45,3
"283",2002,"Meadows ",7,"ALEX",44,3.5
"284",2002,"Meadows ",4,"CARRIE",23,3
"285",2002,"Meadows ",1,"ERIC",26,3
"286",2002,"Meadows ",5,"ERIC",20,3.5
"287",2002,"Meadows ",8,"ERIKA",13,3.5
"288",2002,"Meadows ",9,"PATTI",15.5,3.5
"289",2002,"Meadows ",2,"VICTORIA",24,3
"290",2002,"Meadows ",6,"VICTORIA",32,3.5
"291",2002,"Meadows ",10,"VICTORIA",37.5,3.5
"292",2002,"Sailfin ",5,"ALEX",31,9
"293",2002,"Sailfin ",6,"ALEX",17.5,9
"294",2002,"Sailfin ",1,"ERIC",8,8
"295",2002,"Sailfin ",2,"ERIC",37.5,8
"296",2002,"Sailfin ",7,"ERIKA",17.5,10.6
"297",2002,"Sailfin ",3,"PATTI",20.5,10.6
"298",2002,"Sailfin ",4,"PATTI",18,10.6
"299",2002,"Sailfin ",11,"PATTI",15,9
"300",2002,"Sailfin ",8,"VICTORIA",30,7.9
"301",2002,"Sailfin ",9,"VICTORIA",20,8.5
"302",2002,"Sailfin ",10,"VICTORIA",18,8.5
"303",2003,"Pauls Anchor ",3,"Bill",28.5,13.1615853658333
"304",2003,"Pauls Anchor ",4,"Bill",18,13.05923345
"305",2003,"Pauls Anchor ",6,"Carrie",21,13.7
"306",2003,"Pauls Anchor ",7,"Carrie",11,13.7
"307",2003,"Pauls Anchor ",8,"Carrie",12,11.6
"308",2003,"Pauls Anchor ",1,"David",18,10
"309",2003,"Pauls Anchor ",2,"David",19,14.5571428571429
"310",2003,"Pauls Anchor ",5,"Vania",14.5,13.2
"311",2003,"RichardsReef",3,"Alex",17,10
"312",2003,"RichardsReef",4,"Alexandra",31.3,12.2666666666667
"313",2003,"RichardsReef",10,"Bill",24,9.125
"314",2003,"RichardsReef",5,"Carrie",32,10
"315",2003,"RichardsReef",6,"Carrie",28,11
"316",2003,"RichardsReef",7,"Carrie",42,10
"317",2003,"RichardsReef",8,"Carrie",27,9
"318",2003,"RichardsReef",11,"David",24,11.9285714285714
"319",2003,"RichardsReef",1,"Joselyd",25,10
"320",2003,"RichardsReef",2,"Liz",20,12
"321",2003,"RichardsReef",9,"Vania",24,11.7
"322",2003,"Snap Shot ",6,"Alexandra",22,10.9166666666667
"323",2003,"Snap Shot ",2,"Carrie",14,9
"324",2003,"Snap Shot ",3,"Carrie",17,11
"325",2003,"Snap Shot ",4,"Carrie",18,11
"326",2003,"Snap Shot ",5,"Carrie",15,11
"327",2003,"Snap Shot ",1,"Joselyd",34,12.5
"328",2003,"Snap Shot ",7,"Liz",24,7.96923076923077
"329",2003,"Snap Shot ",8,"Liz",18,9.94117647058824
"330",2003,"Snap Shot ",9,"Vania",24.5,9.7
"331",2003,"West Point ",7,"Alexandra",19.8,9.51818181818182
"332",2003,"West Point ",3,"Bill",16.5,12
"333",2003,"West Point ",4,"Carrie",20,11
"334",2003,"West Point ",5,"Carrie",16,10.6
"335",2003,"West Point ",6,"Carrie",9,10.6
"336",2003,"West Point ",2,"David",19.5,11.9071428571429
"337",2003,"West Point ",8,"Joselyd",18.5,10.9823529411765
"338",2003,"West Point ",9,"Liz",13,9.8
"339",2003,"West Point ",1,"Vania",18.5,11.4
"340",2004,"Coral City ",6,"Carrie",28,10
"341",2004,"Coral City ",7,"Carrie",22,9.4
"342",2004,"Coral City ",8,"Carrie",19,9.7
"343",2004,"Coral City ",3,"Chris",20.5,10
"344",2004,"Coral City ",4,"Chris/Koby",15,9.7
"345",2004,"Coral City ",5,"Koby",18.5,11
"346",2004,"Coral City ",1,"Roy",20,13
"347",2004,"Coral City ",2,"Roy",6,13
"348",2004,"Grundys  Gardens ",5,"Carrie",29,7.93333333333333
"349",2004,"Grundys  Gardens ",6,"Carrie",22,8
"350",2004,"Grundys  Gardens ",7,"Carrie",19.5,8.8
"351",2004,"Grundys  Gardens ",8,"Carrie",31,7.5
"352",2004,"Grundys  Gardens ",3,"Chris",27,9
"353",2004,"Grundys  Gardens ",4,"Chris",39,11
"354",2004,"Grundys  Gardens ",1,"Roy",20.5,9
"355",2004,"Grundys  Gardens ",2,"Roy",10,9
"356",2004,"Jigsaw",7,"Chris",5,10.6
"357",2004,"Jigsaw",8,"Chris",17,12
"358",2004,"Jigsaw",9,"Koby",15.5,11.5
"359",2004,"Jigsaw",3,"Marilyn",16,12
"360",2004,"Jigsaw",4,"Marilyn",10,10
"361",2004,"Jigsaw",5,"Marilyn",10,11.2
"362",2004,"Jigsaw",6,"Marilyn",17,11.5
"363",2004,"Jigsaw",1,"Roy",4.7,13
"364",2004,"Jigsaw",2,"Roy",8.7,13
"365",2004,"Jigsaw",10,"Vania",17.5,11.9
"366",2004,"Jigsaw",11,"Vania",13,13.7
"367",2004,"Mixing Bowl ",8,"Carrie",22,14
"368",2004,"Mixing Bowl ",9,"Carrie",28,14
"369",2004,"Mixing Bowl ",1,"Chris",13,13.1
"370",2004,"Mixing Bowl ",2,"Chris",12,13
"371",2004,"Mixing Bowl ",5,"Marilyn",19,14
"372",2004,"Mixing Bowl ",6,"Marilyn",9.5,14
"373",2004,"Mixing Bowl ",7,"Marilyn",25,14
"374",2004,"Mixing Bowl ",3,"Roy",19.5,13
"375",2004,"Mixing Bowl ",4,"Roy",13.5,13
"376",2004,"Pauls Anchor ",9,"Carrie",18,17
"377",2004,"Pauls Anchor ",10,"Carrie",19,16
"378",2004,"Pauls Anchor ",7,"Chris",10.6,15.2
"379",2004,"Pauls Anchor ",8,"Koby",8.5,18.8
"380",2004,"Pauls Anchor ",3,"Marilyn",11.5,10
"381",2004,"Pauls Anchor ",4,"Marilyn",12,12
"382",2004,"Pauls Anchor ",5,"Marilyn",7.5,13
"383",2004,"Pauls Anchor ",2,"Roy",6,11.8
"384",2004,"Pauls Anchor ",6,"Roy",4,14
"385",2004,"Pauls Anchor ",1,"Vania",14,9.8
"386",2004,"RichardsReef",9,"Chris",10,11
"387",2004,"RichardsReef",10,"Chris",25.5,11
"388",2004,"RichardsReef",11,"Chris",13,10
"389",2004,"RichardsReef",5,"Koby",28.5,10.6
"390",2004,"RichardsReef",6,"Koby",14.5,8.5
"391",2004,"RichardsReef",1,"Marylin",20,10.6333333333333
"392",2004,"RichardsReef",2,"Marylin",34,10.3
"393",2004,"RichardsReef",3,"Marylin",18.5,11.44375
"394",2004,"RichardsReef",4,"Marylin",29,8.8
"395",2004,"RichardsReef",7,"Roy",28.5,12
"396",2004,"RichardsReef",8,"Roy",22,13
"397",2004,"Sailfin ",1,"Carrie",24,9.94117647058824
"398",2004,"Sailfin ",2,"Carrie",23,10
"399",2004,"Sailfin ",3,"Carrie",22,8.54166666666667
"400",2004,"Sailfin ",4,"Carrie",14.5,8.5
"401",2004,"Sailfin ",9,"Chris",17.7,10.6
"402",2004,"Sailfin ",10,"Chris",21.7,8.5
"403",2004,"Sailfin ",7,"Koby",11.5,10.6
"404",2004,"Sailfin ",8,"Koby",15.5,10.6
"405",2004,"Sailfin ",5,"Roy",9.5,13
"406",2004,"Sailfin ",6,"Roy",9.5,12
"407",2004,"Snap Shot ",10,"Carrie",24,10
"408",2004,"Snap Shot ",11,"Carrie",18,10
"409",2004,"Snap Shot ",4,"Chris",11.3,11.3
"410",2004,"Snap Shot ",3,"Koby",9,9.1
"411",2004,"Snap Shot ",2,"Marilyn",13,8.2
"412",2004,"Snap Shot ",6,"Marilyn",6.2,9
"413",2004,"Snap Shot ",7,"Marilyn",18,10
"414",2004,"Snap Shot ",8,"Marilyn",24,9.5
"415",2004,"Snap Shot ",9,"Marilyn",13,11
"416",2004,"Snap Shot ",1,"Roy",5.2,9.7
"417",2004,"Snap Shot ",5,"Vania",7.5,6.7
"418",2004,"West Point ",6,"Chris",15,12
"419",2004,"West Point ",7,"Chris",5.5,11
"420",2004,"West Point ",1,"Marilyn",12.5,13
"421",2004,"West Point ",2,"Marilyn",11.5,11
"422",2004,"West Point ",3,"Marilyn",9.5,12
"423",2004,"West Point ",4,"Marilyn",11.5,12
"424",2004,"West Point ",8,"Roy",12,13
"425",2004,"West Point ",9,"Roy",8.2,11
"426",2004,"West Point ",5,"Vania",11,10
"427",2004,"West Point ",10,"Vania",19.5,11.9
"428",2005,"Coral City ",5,"ALBR",13.5,11.5
"429",2005,"Coral City ",13,"JUEA",19.3,11.1
"430",2005,"Coral City ",14,"JUEA",20.5,11.3
"431",2005,"Coral City ",3,"Jo",6,11
"432",2005,"Coral City ",4,"Jo",16.5,11.3
"433",2005,"Coral City ",7,"KIJO",13.5,11.3
"434",2005,"Coral City ",8,"KIJO",16.5,11
"435",2005,"Coral City ",9,"RADE",10,11.3
"436",2005,"Coral City ",10,"RADE",24,11.5
"437",2005,"Coral City ",6,"SPTA",21,11
"438",2005,"Coral City ",1,"VACO",30.5,10.7
"439",2005,"Coral City ",2,"VACO",25,11.2
"440",2005,"Coral City ",11,"ca",41,11.3
"441",2005,"Coral City ",12,"ca",9,11
"442",2005,"Grundys  Gardens ",3,"ALBR",17,10
"443",2005,"Grundys  Gardens ",4,"ALBR",15,10.5
"444",2005,"Grundys  Gardens ",9,"JO",17,10.8
"445",2005,"Grundys  Gardens ",10,"JO",17.5,10.4
"446",2005,"Grundys  Gardens ",1,"JUEA",18,9.6
"447",2005,"Grundys  Gardens ",2,"JUEA",29.3,10.1
"448",2005,"Grundys  Gardens ",11,"KIJO",8.5,10
"449",2005,"Grundys  Gardens ",12,"KIJO",10,10.1
"450",2005,"Grundys  Gardens ",13,"RADE",15,9.9
"451",2005,"Grundys  Gardens ",14,"RADE",12,10.6
"452",2005,"Grundys  Gardens ",7,"SPTA",4.5,10.2
"453",2005,"Grundys  Gardens ",8,"SPTA",12,10.6
"454",2005,"Grundys  Gardens ",5,"VACO",24,10
"455",2005,"Grundys  Gardens ",6,"VACO",35,10
"456",2005,"Pauls Anchor ",7,"JO",20,13.6
"457",2005,"Pauls Anchor ",3,"JUEA",9.5,13.9
"458",2005,"Pauls Anchor ",4,"JUEA",20,14.8
"459",2005,"Pauls Anchor ",5,"SPTA",7.5,14.9
"460",2005,"Pauls Anchor ",6,"SPTA",6.5,15.2
"461",2005,"Pauls Anchor ",1,"VACO",10,14.3
"462",2005,"Pauls Anchor ",2,"VACO",20,12.3
"463",2005,"West Point ",1,"ALBR",9.5,10
"464",2005,"West Point ",6,"JO",8,10.8
"465",2005,"West Point ",7,"JO",11,11
"466",2005,"West Point ",12,"JUEA",12.5,11.8
"467",2005,"West Point ",2,"KIJO",22,10.2
"468",2005,"West Point ",3,"KIJO",16.5,10.8
"469",2005,"West Point ",10,"RADE",9,11.1
"470",2005,"West Point ",11,"RADE",12,11
"471",2005,"West Point ",8,"SPTA",9,11.1
"472",2005,"West Point ",9,"SPTA",10.5,11.5
"473",2005,"West Point ",4,"VACO",9,10.9
"474",2005,"West Point ",5,"VACO",8.5,10.1
"475",2006,"Coral City ",5,"JS",21,10.3
"476",2006,"Coral City ",6,"JS",23,10
"477",2006,"Coral City ",7,"JS2",12,10.7
"478",2006,"Coral City ",8,"JS2",19.5,9.8
"479",2006,"Coral City ",1,"RB",23,9.1
"480",2006,"Coral City ",2,"RB",13,9.1
"481",2006,"Coral City ",3,"VC",11,10.2
"482",2006,"Coral City ",4,"VC",27,9.5
"483",2006,"Grundys  Gardens ",5,"JS",16,9
"484",2006,"Grundys  Gardens ",6,"JS",17,11
"485",2006,"Grundys  Gardens ",7,"JS2",23.5,8.5
"486",2006,"Grundys  Gardens ",8,"JS2",25,8.5
"487",2006,"Grundys  Gardens ",1,"RB",13.4,6.1
"488",2006,"Grundys  Gardens ",2,"RB",23,7
"489",2006,"Grundys  Gardens ",3,"VC",18,7
"490",2006,"Grundys  Gardens ",4,"VC",15,8.8
"491",2006,"Jigsaw",5,"JS",10.5,7.9
"492",2006,"Jigsaw",6,"JS",11.5,7.9
"493",2006,"Jigsaw",7,"JS2",20.5,9.8
"494",2006,"Jigsaw",8,"JS2",19.5,9.8
"495",2006,"Jigsaw",9,"JS2",24,9.8
"496",2006,"Jigsaw",1,"RB",17,7.6
"497",2006,"Jigsaw",2,"RB",12,7.6
"498",2006,"Jigsaw",3,"VC",25,11.3
"499",2006,"Jigsaw",4,"VC",11.5,9
"500",2006,"Mixing Bowl ",1,"CM",20.5,11.6
"501",2006,"Mixing Bowl ",2,"CM",21,9.1
"502",2006,"Mixing Bowl ",6,"JS",25.5,11.6
"503",2006,"Mixing Bowl ",7,"JS",18.5,12.2
"504",2006,"Mixing Bowl ",8,"JS2",20.5,12.2
"505",2006,"Mixing Bowl ",3,"RB",19.5,10.7
"506",2006,"Mixing Bowl ",4,"RB",14,10.7
"507",2006,"Mixing Bowl ",5,"VC",27,13.2
"508",2006,"Pauls Anchor ",6,"CM",10,10.4
"509",2006,"Pauls Anchor ",7,"CM",21,14
"510",2006,"Pauls Anchor ",8,"CM",16,14
"511",2006,"Pauls Anchor ",4,"JS",14.5,13
"512",2006,"Pauls Anchor ",5,"JS",16,13
"513",2006,"Pauls Anchor ",9,"JS2",10,11.9
"514",2006,"Pauls Anchor ",9,"JS3",10,11.9
"515",2006,"Pauls Anchor ",9,"JS4",10,11.9
"516",2006,"Pauls Anchor ",9,"JS5",10,11.9
"517",2006,"Pauls Anchor ",9,"JS6",10,11.9
"518",2006,"Pauls Anchor ",3,"RB",16,10.7
"519",2006,"Pauls Anchor ",1,"VC",19,11.9
"520",2006,"Pauls Anchor ",2,"VC",9,11.9
"521",2006,"RichardsReef",5,"JS",16,11.1
"522",2006,"RichardsReef",6,"JS",21,12
"523",2006,"RichardsReef",7,"JS2",31.5,11.3
"524",2006,"RichardsReef",8,"JS2",24.5,9.8
"525",2006,"RichardsReef",1,"RB",14.5,9.7
"526",2006,"RichardsReef",2,"RB",14.5,9.7
"527",2006,"RichardsReef",3,"VC",29.5,8.7
"528",2006,"RichardsReef",4,"VC",18,8.6
"529",2006,"Sailfin ",5,"JS",18.5,8
"530",2006,"Sailfin ",6,"JS",13,9
"531",2006,"Sailfin ",7,"JS2",14.5,10.7
"532",2006,"Sailfin ",8,"JS2",13,10.4
"533",2006,"Sailfin ",1,"RB",11,8.5
"534",2006,"Sailfin ",2,"RB",9,10.7
"535",2006,"Sailfin ",3,"VC",17,9.1
"536",2006,"Sailfin ",4,"VC",15,9.4
"537",2006,"Snap Shot ",5,"JS",16.5,10
"538",2006,"Snap Shot ",6,"JS",17,11
"539",2006,"Snap Shot ",7,"JS",14.5,9.1
"540",2006,"Snap Shot ",8,"JS2",12.5,10.7
"541",2006,"Snap Shot ",1,"RB",13,10
"542",2006,"Snap Shot ",2,"RB",9.5,10
"543",2006,"Snap Shot ",3,"VC",13,11.8
"544",2006,"Snap Shot ",4,"VC",17.5,11.8
"545",2006,"West Point ",4,"JS",15,10
"546",2006,"West Point ",5,"JS",14.5,10
"547",2006,"West Point ",6,"JS2",17.5,12.2
"548",2006,"West Point ",7,"JS2",21,11.6
"549",2006,"West Point ",1,"RB",21.5,10.7
"550",2006,"West Point ",2,"VC",9.72222222222222,9.9
"551",2006,"West Point ",3,"VC",19,10
"552",2007,"Coral City ",5,"Christine",16,10
"553",2007,"Coral City ",3,"Diana",23.8,10
"554",2007,"Coral City ",4,"Diana",19.9,10
"555",2007,"Coral City ",6,"KRISTA",27.7,10
"556",2007,"Coral City ",1,"Roy",26.2,10
"557",2007,"Coral City ",2,"Roy",11,10
"558",2007,"Grundys  Gardens ",7,"Jeremy",20.2,10
"559",2007,"Grundys  Gardens ",8,"Jeremy",62.5,10
"560",2007,"Grundys  Gardens ",3,"Lindsay",13.3,10
"561",2007,"Grundys  Gardens ",4,"Lindsay",11.1,10
"562",2007,"Grundys  Gardens ",5,"Lindsay",13.2,10
"563",2007,"Grundys  Gardens ",6,"Lindsay",26.7,10
"564",2007,"Grundys  Gardens ",9,"Lisa ",33,10
"565",2007,"Grundys  Gardens ",10,"Lisa ",11.2,10
"566",2007,"Grundys  Gardens ",11,"Max",20.4,10
"567",2007,"Grundys  Gardens ",12,"Max",19.8,10
"568",2007,"Grundys  Gardens ",1,"Roy",15.3,10
"569",2007,"Grundys  Gardens ",2,"Roy",21.2,10
"570",2007,"Jigsaw",3,"Diana",21.4,10
"571",2007,"Jigsaw",4,"KRISTA",23,10
"572",2007,"Jigsaw",5,"KRISTA",18,10
"573",2007,"Jigsaw",6,"Kim",5.7,10
"574",2007,"Jigsaw",7,"Kim",10.4,10
"575",2007,"Jigsaw",8,"Max",3.1,10
"576",2007,"Jigsaw",9,"Max",8.4,10
"577",2007,"Jigsaw",1,"Roy",13.2,10
"578",2007,"Jigsaw",2,"Roy",15.3,10
"579",2007,"Pauls Anchor ",4,"Diana",17.8,10
"580",2007,"Pauls Anchor ",9,"KRISTA",14,10
"581",2007,"Pauls Anchor ",8,"Kim",3.1,10
"582",2007,"Pauls Anchor ",5,"Lindsay",17,10
"583",2007,"Pauls Anchor ",3,"Lisa ",15.5,10
"584",2007,"Pauls Anchor ",10,"Max",10,10
"585",2007,"Pauls Anchor ",1,"Roy",20.6,10
"586",2007,"Pauls Anchor ",6,"Sara",12.9,10
"587",2007,"Pauls Anchor ",2,"Vania",12,10
"588",2007,"Pauls Anchor ",7,"jeremy ",2.8,10
"589",2007,"Sailfin ",5,"Diana",17.3,10
"590",2007,"Sailfin ",6,"Diana",20,10
"591",2007,"Sailfin ",7,"KRISTA",17,10
"592",2007,"Sailfin ",8,"KRISTA",16.5,10
"593",2007,"Sailfin ",3,"Kim",3.9,10
"594",2007,"Sailfin ",4,"Kim",6.6,10
"595",2007,"Sailfin ",1,"Roy",7.6,10
"596",2007,"Sailfin ",2,"Roy",11,10
"597",2007,"Sailfin ",9,"christine",15.5,10
"598",2007,"Sailfin ",10,"christine",15,10
"599",2007,"Snap Shot ",6,"Diana",19.5,10
"600",2007,"Snap Shot ",3,"KRISTA",23.5,10
"601",2007,"Snap Shot ",4,"Kim",23.5,10
"602",2007,"Snap Shot ",5,"Kim",25.5,10
"603",2007,"Snap Shot ",1,"Roy",7.9,10
"604",2007,"Snap Shot ",2,"Roy",7.6,10
"605",2007,"Snap Shot ",7,"christine",23.3,10
"606",2007,"West Point ",3,"Carey",10.8,10
"607",2007,"West Point ",4,"Carey",14.7,10
"608",2007,"West Point ",5,"Diana",7,10
"609",2007,"West Point ",11,"Ethan",3.9,10
"610",2007,"West Point ",12,"Ethan",6.5,10
"611",2007,"West Point ",15,"Jeremy",9,10
"612",2007,"West Point ",13,"KRISTA",21.6,10
"613",2007,"West Point ",14,"Kim",7.2,10
"614",2007,"West Point ",6,"Lindsay",5.8,10
"615",2007,"West Point ",7,"Lindsay",18.6,10
"616",2007,"West Point ",8,"Max",5.9,10
"617",2007,"West Point ",9,"Max",8.2,10
"618",2007,"West Point ",1,"Roy",8.6,10
"619",2007,"West Point ",2,"Roy",12.1,10
"620",2007,"West Point ",10,"Sara",11.6,10
"621",2009,"Coral City ",1,"CD",19.1,10
"622",2009,"Coral City ",2,"CD",18.5,10
"623",2009,"Coral City ",3,"CD",19.3,9
"624",2009,"Coral City ",4,"CD",17.7,9
"625",2009,"Grundys  Gardens ",1,"CD",10.4,7.5
"626",2009,"Grundys  Gardens ",2,"CD",16.4,10.5
"627",2009,"Grundys  Gardens ",3,"CD",15.2,9
"628",2009,"Grundys  Gardens ",4,"CD",33.4,10
"629",2009,"Grundys  Gardens ",5,"CD",17.3,10.4
"630",2009,"Grundys  Gardens ",6,"CD",16.3,9.2
"631",2009,"Grundys  Gardens ",7,"CD",21.8,11.2
"632",2009,"Jigsaw",1,"CD",11.9,9
"633",2009,"Jigsaw",2,"CD",8.9,11
"634",2009,"Jigsaw",3,"CD",9,10.6
"635",2009,"Jigsaw",4,"CD",7.4,10
"636",2009,"Jigsaw",8,"CD",13.5,11
"637",2009,"Jigsaw",10,"CD",10.1,10.5
"638",2009,"Jigsaw",5,"KW",22.8,10
"639",2009,"Jigsaw",6,"KW",6.5,10
"640",2009,"Jigsaw",7,"KW",9.3,10.5
"641",2009,"Jigsaw",9,"KW",19.6,11
"642",2009,"Meadows",1,"CD",34.9,4
"643",2009,"Meadows",2,"CD",25.2,5
"644",2009,"Meadows",6,"CD",17.2,9.2
"645",2009,"Meadows",7,"CD",45.1,5.2
"646",2009,"Meadows",3,"KW",14.1,5
"647",2009,"Meadows",4,"KW",36.9,5.5
"648",2009,"Meadows",5,"KW",19.2,4.5
"649",2009,"Mixing Bowl ",1,"CD",12,12
"650",2009,"Mixing Bowl ",2,"CD",12.2,12
"651",2009,"Mixing Bowl ",5,"CD",8.6,5.3
"652",2009,"Mixing Bowl ",6,"CD",23.2,12.7
"653",2009,"Mixing Bowl ",3,"KW",17.8,12
"654",2009,"Mixing Bowl ",4,"KW",16.2,12.5
"655",2009,"RichardsReef",1,"CD",4.8,9
"656",2009,"RichardsReef",2,"CD",11.6,9.6
"657",2009,"RichardsReef",5,"CD",25.7,10
"658",2009,"RichardsReef",6,"CD",17.1,13
"659",2009,"RichardsReef",3,"KW",32.6,10
"660",2009,"RichardsReef",4,"KW",23,9.5
"661",2009,"RichardsReef",7,"KW",11,10
"662",2009,"RichardsReef",8,"KW",22.6,10.5
"663",2009,"Sailfin ",1,"CD",17.8,8
"664",2009,"Sailfin ",2,"CD",11.9,12
"665",2009,"Sailfin ",3,"CD",7,13
"666",2009,"Sailfin ",4,"KW",21.1,7.5
"667",2009,"Sailfin ",5,"KW",7.7,10
"668",2009,"Sailfin ",6,"KW",15.5,8
"669",2009,"Snap Shot ",1,"CD",15.5,10
"670",2009,"Snap Shot ",2,"CD",11.1,10
"671",2009,"Snap Shot ",3,"KW",8.2,9
"672",2009,"Snap Shot ",4,"KW",13.2,10
"673",2009,"West Point ",1,"CD",16,10.7
"674",2009,"West Point ",2,"CD",10.5,11
"675",2009,"West Point ",3,"CD",10.9,12
"676",2009,"West Point ",4,"CD",10.1,11
"677",2009,"West Point ",5,"CD",15.2,11
"678",2009,"West Point ",7,"CD",17.3,14.7
"679",2009,"West Point ",5,"KW",15.2,11
"680",2009,"West Point ",6,"KW",8.6,13
"681",2010,"Coral City ",1,"aw",20,10.05
"682",2010,"Coral City ",2,"aw",31.3,9.14
"683",2010,"Coral City ",3,"aw",24,8.61
"684",2010,"Coral City ",4,"aw",45.9,9.14
"685",2010,"Coral City ",5,"aw",36.4,9.75
"686",2010,"Coral City ",6,"aw",4.3,10.05
"687",2010,"Coral City ",7,"fm",21,8.83
"688",2010,"Coral City ",8,"fm",17,9.75
"689",2010,"Coral City ",9,"fm",19,11.58
"690",2010,"Coral City ",10,"fm",22.7,13.1
"691",2010,"Coral City ",11,"fm",24,12.8
"692",2010,"Coral City ",12,"fm",16.3,13
"693",2010,"Grundys  Gardens ",1,"aw",20,7.3
"694",2010,"Grundys  Gardens ",2,"aw",31.3,7.5
"695",2010,"Grundys  Gardens ",3,"aw",24,9.75
"696",2010,"Grundys  Gardens ",4,"aw",45.9,10
"697",2010,"Grundys  Gardens ",5,"aw",36.4,7.5
"698",2010,"Grundys  Gardens ",6,"aw",17.2,7.5
"699",2010,"Grundys  Gardens ",7,"fm",21,7.62
"700",2010,"Grundys  Gardens ",8,"fm",17,9.75
"701",2010,"Grundys  Gardens ",9,"fm",19,8.7
"702",2010,"Grundys  Gardens ",10,"fm",22.7,8
"703",2010,"Grundys  Gardens ",11,"fm",24,8
"704",2010,"Grundys  Gardens ",12,"fm",16.3,8.7
"705",2010,"Jigsaw",1,"aw",24,12.8
"706",2010,"Jigsaw",2,"aw",18.4,12.12
"707",2010,"Jigsaw",3,"aw",33,11.89
"708",2010,"Jigsaw",4,"aw",15.6,10.05
"709",2010,"Jigsaw",5,"aw",32,10.05
"710",2010,"Jigsaw",6,"fm",23.7,12.12
"711",2010,"Jigsaw",7,"fm",21,11.7
"712",2010,"Jigsaw",8,"fm",37,11.58
"713",2010,"Jigsaw",9,"fm",19.2,9.14
"714",2010,"Meadows",1,"aw",34.7,6
"715",2010,"Meadows",2,"aw",23.5,6
"716",2010,"Meadows",3,"aw",12,5.6
"717",2010,"Meadows",4,"aw",21.6,6
"718",2010,"Meadows",5,"aw",43.3,6.2
"719",2010,"Meadows",6,"aw",57.3,6.2
"720",2010,"Meadows",7,"fm",52,6.4
"721",2010,"Meadows",8,"fm",31,6
"722",2010,"Meadows",9,"fm",52.5,7
"723",2010,"Meadows",10,"fm",32,6.8
"724",2010,"Pauls Anchor ",1,"AW",22,12.7538461538462
"725",2010,"Pauls Anchor ",2,"aw",24.7,11.75
"726",2010,"Pauls Anchor ",3,"aw",8.2,11.7818181818182
"727",2010,"Pauls Anchor ",4,"aw",17,10.175
"728",2010,"Pauls Anchor ",5,"aw",30,10
"729",2010,"Pauls Anchor ",6,"fm",19,11.3
"730",2010,"Pauls Anchor ",7,"fm",12,11.0352941176471
"731",2010,"Pauls Anchor ",8,"fm",14,12.1
"732",2010,"Pauls Anchor ",9,"fm",9,10.6
"733",2010,"Pauls Anchor ",10,"fm",16.2,10.3
"734",2010,"West Point ",1,"aw",8,10.97
"735",2010,"West Point ",2,"aw",2,10.97
"736",2010,"West Point ",3,"aw",5,10.97
"737",2010,"West Point ",4,"aw",7.1,11
"738",2010,"West Point ",5,"aw",9.1,12.2
"739",2010,"West Point ",6,"aw",14,12.8
"740",2010,"West Point ",7,"fm",12,12
"741",2010,"West Point ",8,"fm",27,12.2
"742",2010,"West Point ",9,"fm",19,11.8
"743",2011,"Coral City ",4,"CM",19.1,9.4
"744",2011,"Coral City ",5,"CM",44.5,9.4
"745",2011,"Coral City ",6,"CM",34.7,9.6
"746",2011,"Coral City ",1,"EC",31.3,10.1
"747",2011,"Coral City ",2,"EC",13.4,9.5
"748",2011,"Coral City ",3,"EC",12,9
"749",2011,"Grundys  Gardens ",3,"CM",29.5,6.1
"750",2011,"Grundys  Gardens ",4,"CM",22,9.1
"751",2011,"Grundys  Gardens ",5,"CM",42,7.9
"752",2011,"Grundys  Gardens ",1,"EC",25.6,8.1
"753",2011,"Grundys  Gardens ",2,"EC",31,7
"754",2011,"Jigsaw",1,"CM",25,13.4
"755",2011,"Jigsaw",2,"CM",38.4,13
"756",2011,"Jigsaw",3,"CM",23.5,9.1
"757",2011,"Jigsaw",4,"EC",19.8,12.9
"758",2011,"Jigsaw",5,"EC",12.3,11.2
"759",2011,"Jigsaw",6,"EC",31,10
"760",2011,"Meadows",1,"EC",20,4.5
"761",2011,"Meadows",2,"EC",25,5
"762",2011,"Meadows",3,"EC",34,5
"763",2011,"Meadows",4,"EC",35,5.6
"764",2011,"Meadows",5,"ec",45,6.1
"765",2011,"Meadows",6,"ec",40.7,6.9
"766",2011,"Mixing Bowl ",1,"CM",19,15.2
"767",2011,"Mixing Bowl ",2,"CM",24,14
"768",2011,"Mixing Bowl ",3,"CM",33,12.2
"769",2011,"Mixing Bowl ",4,"EC",29,13.8
"770",2011,"Mixing Bowl ",5,"EC",17.5,13.6
"771",2011,"Mixing Bowl ",6,"EC",19,12.6
"772",2011,"Pauls Anchor ",1,"EC",22,15.6
"773",2011,"Pauls Anchor ",2,"EC",25,15.9
"774",2011,"Pauls Anchor ",3,"EC",22.5,17.3
"775",2011,"Pauls Anchor ",4,"EC",19.4,14
"776",2011,"Pauls Anchor ",5,"EC",16.5,11.2
"777",2011,"Pauls Anchor ",6,"EC",17.5,10
"778",2011,"Sailfin ",4,"CM",20.3,9.4
"779",2011,"Sailfin ",5,"CM",22.7,9.1
"780",2011,"Sailfin ",6,"CM",18.7,8.5
"781",2011,"Sailfin ",1,"EC",12.2,10
"782",2011,"Sailfin ",2,"EC",17.7,9.8
"783",2011,"Sailfin ",3,"EC",13.4,7.1
"784",2011,"Snap Shot ",4,"CM",12.9,9.7
"785",2011,"Snap Shot ",5,"CM",25,9.1
"786",2011,"Snap Shot ",6,"CM",28,8.5
"787",2011,"Snap Shot ",1,"EC",16.9,8.6
"788",2011,"Snap Shot ",2,"EC",13.9,8.6
"789",2011,"Snap Shot ",3,"EC",18.2,8.4
"790",2011,"West Point ",3,"CM",33,11.2
"791",2011,"West Point ",4,"CM",33.5,11.2
"792",2011,"West Point ",5,"CM",19,10.3
"793",2011,"West Point ",6,"CM",16,10.3
"794",2011,"West Point ",1,"EC",21.3,10.6
"795",2011,"West Point ",2,"EC",34,11.8
"796",2012,"Anns Attic",1,"Kristi Foster",9.7,6
"797",2012,"Anns Attic",2,"Kristi Foster",8,6
"798",2012,"Anns Attic",3,"Kristi Foster",5.5,6
"799",2012,"Anns Attic",4,"Kristi Foster",3.9,6
"800",2012,"Anns Attic",5,"Kristi Foster",10.5,6
"801",2012,"Anns Attic",6,"Kristi Foster",4.7,6
"802",2012,"Black Tip Tunnels",4,"EFC",18.7,25
"803",2012,"Black Tip Tunnels",5,"EFC",17.6,25
"804",2012,"Black Tip Tunnels",6,"EFC",19.3,25
"805",2012,"Black Tip Tunnels",1,"KEL",25,25
"806",2012,"Black Tip Tunnels",2,"KEL",20.7,25
"807",2012,"Black Tip Tunnels",3,"KEL",14,25
"808",2012,"Coral City ",1,"EFC",28,9.4
"809",2012,"Coral City ",2,"EFC",21,10
"810",2012,"Coral City ",3,"EFC",25.1,8.7
"811",2012,"Coral City ",4,"KEL",48,9.5
"812",2012,"Coral City ",5,"KEL",27,9.1
"813",2012,"Coral City ",6,"KEL",21.5,9.5
"814",2012,"Grundys  Gardens ",1,"EFC",43.5,7
"815",2012,"Grundys  Gardens ",2,"EFC",24,9.5
"816",2012,"Grundys  Gardens ",3,"EFC",46.9,9
"817",2012,"Grundys  Gardens ",4,"KEL",33,7.6
"818",2012,"Grundys  Gardens ",5,"KEL",30,8.5
"819",2012,"Grundys  Gardens ",6,"KEL",32,7.3
"820",2012,"Icon",1,"EFC",23.4,9
"821",2012,"Icon",2,"EFC",20.5,8.9
"822",2012,"Icon",3,"EFC",32.2,8.8
"823",2012,"Icon",4,"EFC",22.1,8.8
"824",2012,"Icon",5,"EFC",18.6,8.5
"825",2012,"Icon",6,"EFC",16.8,8.5
"826",2012,"Jigsaw",1,"EFC",24,12.8
"827",2012,"Jigsaw",2,"EFC",23.4,16
"828",2012,"Jigsaw",3,"EFC",21.1,13.1
"829",2012,"Jigsaw",4,"KEL",10.5,12
"830",2012,"Jigsaw",5,"KEL",16.8,11.5
"831",2012,"Jigsaw",6,"KEL",19.2,12
"832",2012,"Meadows",1,"EFC",40.7,5
"833",2012,"Meadows",5,"EFC",28,6
"834",2012,"Meadows",6,"EFC",39.6,6
"835",2012,"Meadows",2,"KEL",30,5
"836",2012,"Meadows",3,"KEL",35.1,5
"837",2012,"Meadows",4,"KEL",36,5
"838",2012,"Mixing Bowl ",1,"EFC",33,12
"839",2012,"Mixing Bowl ",2,"EFC",39.8,9
"840",2012,"Mixing Bowl ",3,"EFC",39.1,6
"841",2012,"Mixing Bowl ",4,"KEL",29.6,12
"842",2012,"Mixing Bowl ",5,"KEL",21.4,12
"843",2012,"Mixing Bowl ",6,"KEL",31,6
"844",2012,"Pauls Anchor ",1,"EFC",23,11
"845",2012,"Pauls Anchor ",2,"EFC",22.6,12.5
"846",2012,"Pauls Anchor ",3,"EFC",16.3,11.9
"847",2012,"Pauls Anchor ",4,"KEL",12,11
"848",2012,"Pauls Anchor ",5,"KEL",4,11
"849",2012,"Pauls Anchor ",6,"KEL",7.2,13
"850",2012,"Rock Bottom",4,"EFC",36,6
"851",2012,"Rock Bottom",5,"EFC",21,6
"852",2012,"Rock Bottom",6,"EFC",20,6
"853",2012,"Rock Bottom",1,"KEL",21,6
"854",2012,"Rock Bottom",2,"KEL",14,6
"855",2012,"Rock Bottom",3,"KEL",18,6
"856",2012,"Sailfin ",1,"KEL",20,9
"857",2012,"Sailfin ",2,"KEL",24,9.7
"858",2012,"Sailfin ",3,"KEL",18.1,10.3
"859",2012,"Sailfin ",4,"KEL",33.3,7.9
"860",2012,"Sailfin ",5,"KEL",16.5,6.8
"861",2012,"Sailfin ",6,"KEL",26.1,9.1
"862",2012,"Snap Shot ",4,"EFC",30.7,12.5
"863",2012,"Snap Shot ",5,"EFC",24.7,11.5
"864",2012,"Snap Shot ",6,"EFC",22.7,10.8
"865",2012,"Snap Shot ",1,"KEL",17,11
"866",2012,"Snap Shot ",2,"KEL",21,11.5
"867",2012,"Snap Shot ",3,"KEL",14.1,11.5
"868",2012,"West Point ",1,"EFC",20.2,11
"869",2012,"West Point ",2,"EFC",27.2,11
"870",2012,"West Point ",3,"EFC",19.3,11
"871",2012,"West Point ",4,"KEL",24.5,10.3
"872",2012,"West Point ",5,"KEL",13.8,10.3
"873",2012,"West Point ",6,"KEL",31.8,10.3
"874",2013,"Coral City ",5,"K. Foster",23.8,9.7
"875",2013,"Coral City ",6,"K. Foster",18.3,9.7
"876",2013,"Coral City ",1,"K. Lohr",38.1,10.6
"877",2013,"Coral City ",2,"K. Lohr",26,11
"878",2013,"Coral City ",3,"S. Bejarano",26.9,10.7
"879",2013,"Coral City ",4,"S. Bejarano",16.1,11
"880",2013,"Grundys  Gardens ",7,"K. Foster",9.7,8
"881",2013,"Grundys  Gardens ",8,"K. Foster",27.7,9
"882",2013,"Grundys  Gardens ",1,"K. Lohr",42.9,9.7
"883",2013,"Grundys  Gardens ",2,"K. Lohr",35.4,9.7
"884",2013,"Grundys  Gardens ",3,"K. Lohr",29.5,9.7
"885",2013,"Grundys  Gardens ",4,"S. Bejarano",13.5,9.7
"886",2013,"Grundys  Gardens ",5,"S. Bejarano",27.1,9.7
"887",2013,"Grundys  Gardens ",6,"S. Bejarano",18.2,9.7
"888",2013,"Icon Reef",3,"E. Camp",19,8
"889",2013,"Icon Reef",4,"E. Camp",16,9
"890",2013,"Icon Reef",1,"K. Lohr",20.7,9.8
"891",2013,"Icon Reef",2,"K. Lohr",26,9.8
"892",2013,"Icon Reef",5,"S. Bejarano",5.9,8.5
"893",2013,"Icon Reef",6,"S. Bejarano",7.4,8.5
"894",2013,"Jigsaw",6,"CM",45.1,10
"895",2013,"Jigsaw",7,"CM",13.5,11.4
"896",2013,"Jigsaw",1,"K. Lohr",14.7,13
"897",2013,"Jigsaw",2,"K. Lohr",20.2,13
"898",2013,"Jigsaw",3,"S. Bejarano",28.4,12
"899",2013,"Jigsaw",4,"S. Bejarano",13.3,12
"900",2013,"Jigsaw",5,"S. Hamilton",18.3,14
"901",2013,"Meadows",1,"K. Lohr",35.2,6
"902",2013,"Meadows",2,"K. Lohr",22.6,6
"903",2013,"Meadows",3,"K. Lohr",24,6
"904",2013,"Meadows",4,"S. Bejarano",45,6
"905",2013,"Meadows",5,"S. Bejarano",17.4,6
"906",2013,"Meadows",6,"S. Hamilton",34.4,6
"907",2013,"Mixing Bowl ",3,"E. Camp",28,14
"908",2013,"Mixing Bowl ",4,"E. Camp",15,10.7
"909",2013,"Mixing Bowl ",1,"K. Lohr",33.8,13
"910",2013,"Mixing Bowl ",2,"K. Lohr",15.9,9
"911",2013,"Mixing Bowl ",7,"K. Lohr",26.7,14
"912",2013,"Mixing Bowl ",8,"K. Lohr",29.8,14
"913",2013,"Mixing Bowl ",5,"S. Bejarano",19.6,14
"914",2013,"Mixing Bowl ",6,"S. Bejarano",8.9,10.7
"915",2013,"Pauls Anchor ",1,"K. Lohr",11.9,11.6
"916",2013,"Pauls Anchor ",2,"K. Lohr",11.5,11.6
"917",2013,"Pauls Anchor ",3,"S. Bejarano",8.9,12
"918",2013,"Pauls Anchor ",4,"S. Bejarano",12.4,12
"919",2013,"Pauls Anchor ",5,"S. Hamilton",28.8,12
"920",2013,"Pauls Anchor ",6,"S. Hamilton",15.7,12
"921",2013,"Sailfin ",1,"K. Lohr",8.4,10
"922",2013,"Sailfin ",2,"K. Lohr",8,10
"923",2013,"Sailfin ",3,"K. Lohr",19.8,10
"924",2013,"Sailfin ",4,"S. Bejarano",9.1,10
"925",2013,"Sailfin ",5,"S. Bejarano",5.7,10
"926",2013,"Sailfin ",6,"S. Bejarano",8.4,10
"927",2013,"Snap Shot ",1,"K. Lohr",12.4,11
"928",2013,"Snap Shot ",2,"K. Lohr",12.2,11
"929",2013,"Snap Shot ",3,"K. Lohr",9.4,11
"930",2013,"Snap Shot ",7,"K. Lohr",22.8,11
"931",2013,"Snap Shot ",8,"K. Lohr",14.6,10
"932",2013,"Snap Shot ",4,"S. Bejarano",8.8,11
"933",2013,"Snap Shot ",5,"S. Bejarano",8.4,11
"934",2013,"Snap Shot ",6,"S. Bejarano",14.5,11
"935",2013,"West Point ",5,"K. Foster",12.4,11.2
"936",2013,"West Point ",6,"K. Foster",25.4,11.2
"937",2013,"West Point ",1,"K. Lohr",9.5,11.5
"938",2013,"West Point ",2,"K. Lohr",18.1,11.5
"939",2013,"West Point ",3,"K. Lohr",16.1,11.5
"940",2013,"West Point ",7,"K. Lohr",16,12
"941",2013,"West Point ",8,"K. Lohr",19,12
"942",2013,"West Point ",9,"K. Lohr",17,12
"943",2013,"West Point ",10,"K. Lohr",24.8,12
"944",2013,"West Point ",11,"K. Lohr",13.3,12
"945",2013,"West Point ",1,"S. Bejarano",8.4,11.5
"946",2013,"West Point ",2,"S. Bejarano",10.4,11.5
"947",2013,"West Point ",3,"S. Bejarano",3.9,11.5
"948",2013,"West Point ",4,"S. Bejarano",11.6,11.5
"949",2014,"Black Tip Tunnels",1,"J. Binstein",4.9,15
"950",2014,"Black Tip Tunnels",2,"J. Binstein",8.9,15
"951",2014,"Black Tip Tunnels",3,"J. Binstein",7,15
"952",2014,"Black Tip Tunnels",4,"K. Lohr",12.5,15
"953",2014,"Black Tip Tunnels",5,"K. Lohr",6.1,15
"954",2014,"Black Tip Tunnels",6,"K. Lohr",11.1,15
"955",2014,"Coral City ",4,"J. Binstein",26.7,10
"956",2014,"Coral City ",5,"J. Binstein",11.5,10
"957",2014,"Coral City ",6,"J. Binstein",26.3,10
"958",2014,"Coral City ",1,"K. Lohr",23.5,10
"959",2014,"Coral City ",2,"K. Lohr",27.8,10
"960",2014,"Coral City ",3,"K. Lohr",29,10
"961",2014,"Coral City ",7,"K. Lohr",16.7,13
"962",2014,"Coral City ",8,"K. Lohr",9.1,13
"963",2014,"Coral City ",9,"K. Lohr",30.5,14
"964",2014,"Coral City ",10,"K. Lohr",17.9,12
"965",2014,"Crystal Palace",1,"J. Binstein",14.6,14
"966",2014,"Crystal Palace",2,"J. Binstein",16.5,14
"967",2014,"Crystal Palace",3,"J. Binstein",11.2,14
"968",2014,"Crystal Palace",4,"K. Lohr",10.5,14
"969",2014,"Crystal Palace",5,"K. Lohr",9,14
"970",2014,"Crystal Palace",6,"K. Lohr",11,14
"971",2014,"Fins",1,"J. Binstein",4.5,15
"972",2014,"Fins",2,"J. Binstein",6,15
"973",2014,"Fins",3,"J. Binstein",7.7,15
"974",2014,"Fins",4,"K. Lohr",5.5,15
"975",2014,"Fins",5,"K. Lohr",13.5,16
"976",2014,"Fins",6,"K. Lohr",18,14
"977",2014,"Grundys  Gardens ",4,"J. Binstein",65,8
"978",2014,"Grundys  Gardens ",5,"J. Binstein",25.7,7
"979",2014,"Grundys  Gardens ",6,"J. Binstein",5.5,7
"980",2014,"Grundys  Gardens ",1,"K. Lohr",36,9
"981",2014,"Grundys  Gardens ",2,"K. Lohr",23,9
"982",2014,"Grundys  Gardens ",3,"K. Lohr",39,9
"983",2014,"Grundys  Gardens ",7,"K. Lohr",13.7,8
"984",2014,"Grundys  Gardens ",8,"K. Lohr",28.2,8
"985",2014,"Grundys  Gardens ",9,"K. Lohr",9.5,8
"986",2014,"Icon",4,"J. Binstein",8.4,10
"987",2014,"Icon",5,"J. Binstein",19.8,8
"988",2014,"Icon",6,"J. Binstein",6,9
"989",2014,"Icon",9,"J. Binstein",18.2,12
"990",2014,"Icon",10,"J. Binstein",22.8,12
"991",2014,"Icon",1,"K. Lohr",9.5,10
"992",2014,"Icon",2,"K. Lohr",14.5,10
"993",2014,"Icon",3,"K. Lohr",17.8,12
"994",2014,"Icon",7,"K. Lohr",9.4,10
"995",2014,"Icon",8,"K. Lohr",12.6,10
"996",2014,"Jigsaw",4,"J. Binstein",13.5,12
"997",2014,"Jigsaw",5,"J. Binstein",11.8,12
"998",2014,"Jigsaw",6,"J. Binstein",23.3,12
"999",2014,"Jigsaw",7,"J. Binstein",30.3,12
"1000",2014,"Jigsaw",1,"K. Lohr",16,12
"1001",2014,"Jigsaw",2,"K. Lohr",19.8,12
"1002",2014,"Jigsaw",3,"K. Lohr",14.2,12
"1003",2014,"Jigsaw",8,"K. Lohr",16.3,12
"1004",2014,"Jigsaw",9,"K. Lohr",37.5,12
"1005",2014,"Joys Joy",4,"J. Binstein",9.3,14
"1006",2014,"Joys Joy",5,"J. Binstein",16.4,14
"1007",2014,"Joys Joy",6,"J. Binstein",16.4,14
"1008",2014,"Joys Joy",1,"K. Lohr",6.3,14
"1009",2014,"Joys Joy",2,"K. Lohr",9.5,14
"1010",2014,"Joys Joy",3,"K. Lohr",10.7,14
"1011",2014,"Meadows",4,"J. Binstein",33.5,18
"1012",2014,"Meadows",5,"J. Binstein",44.7,20
"1013",2014,"Meadows",6,"J. Binstein",24.5,20
"1014",2014,"Meadows",7,"J. Binstein",29.4,20
"1015",2014,"Meadows",8,"J. Binstein",30.3,20
"1016",2014,"Meadows",1,"K. Lohr",31,15
"1017",2014,"Meadows",2,"K. Lohr",23,15
"1018",2014,"Meadows",3,"K. Lohr",22.2,18
"1019",2014,"Meadows",9,"K. Lohr",24.9,20
"1020",2014,"Meadows",10,"K. Lohr",40.2,20
"1021",2014,"Mixing Bowl ",4,"J. Binstein",41.7,11
"1022",2014,"Mixing Bowl ",5,"J. Binstein",27.7,11
"1023",2014,"Mixing Bowl ",6,"J. Binstein",31,11
"1024",2014,"Mixing Bowl ",1,"K. Lohr",21.6,12
"1025",2014,"Mixing Bowl ",2,"K. Lohr",22.5,12
"1026",2014,"Mixing Bowl ",3,"K. Lohr",29.3,12
"1027",2014,"Pauls Anchor ",4,"J. Binstein",11.9,12
"1028",2014,"Pauls Anchor ",5,"J. Binstein",14.1,11
"1029",2014,"Pauls Anchor ",6,"J. Binstein",16.9,12
"1030",2014,"Pauls Anchor ",1,"K. Lohr",4.8,12
"1031",2014,"Pauls Anchor ",2,"K. Lohr",15.6,12
"1032",2014,"Pauls Anchor ",3,"K. Lohr",14.6,12
"1033",2014,"Pauls Anchor ",7,"K. Lohr",11.1,11
"1034",2014,"Pauls Anchor ",8,"K. Lohr",23.9,11
"1035",2014,"Penguins Leap",1,"J. Binstein",8.9,14
"1036",2014,"Penguins Leap",2,"J. Binstein",7.7,14
"1037",2014,"Penguins Leap",3,"J. Binstein",16.1,14
"1038",2014,"Rock Bottom",4,"J. Binstein",11.3,18
"1039",2014,"Rock Bottom",5,"J. Binstein",10.2,18
"1040",2014,"Rock Bottom",6,"J. Binstein",12.1,18
"1041",2014,"Rock Bottom",1,"K. Lohr",12.8,20
"1042",2014,"Rock Bottom",2,"K. Lohr",7.3,20
"1043",2014,"Rock Bottom",3,"K. Lohr",12.5,20
"1044",2014,"Sailfin ",1,"J. Binstein",21.1,10
"1045",2014,"Sailfin ",2,"J. Binstein",14.8,10
"1046",2014,"Sailfin ",3,"J. Binstein",13.3,10
"1047",2014,"Sailfin ",4,"J. Binstein",25.4,10
"1048",2014,"Sailfin ",5,"K. Lohr",13.4,10
"1049",2014,"Sailfin ",6,"K. Lohr",14.4,10
"1050",2014,"Sailfin ",7,"K. Lohr",17.9,10
"1051",2014,"Snap Shot ",4,"J. Binstein",29.8,9
"1052",2014,"Snap Shot ",5,"J. Binstein",19.9,9
"1053",2014,"Snap Shot ",6,"J. Binstein",11,9
"1054",2014,"Snap Shot ",1,"K. Lohr",17.6,10
"1055",2014,"Snap Shot ",2,"K. Lohr",24.9,10
"1056",2014,"Snap Shot ",3,"K. Lohr",13.8,10
"1057",2014,"West Point ",4,"J. Binstein",6.5,10
"1058",2014,"West Point ",5,"J. Binstein",6.9,11
"1059",2014,"West Point ",6,"J. Binstein",7.3,11
"1060",2014,"West Point ",9,"J. Binstein",8.6,11
"1061",2014,"West Point ",10,"J. Binstein",17.4,11
"1062",2014,"West Point ",1,"K. Lohr",8.5,12
"1063",2014,"West Point ",2,"K. Lohr",17.5,12
"1064",2014,"West Point ",3,"K. Lohr",15.7,12
"1065",2014,"West Point ",7,"K. Lohr",23.1,11
"1066",2014,"West Point ",8,"K. Lohr",14.4,11
"1067",2015,"Coral City ",5,"CM",26.8,9.39
"1068",2015,"Coral City ",6,"CM",32.5,9.7
"1069",2015,"Coral City ",3,"K. Foster",9.5,9.39
"1070",2015,"Coral City ",4,"K. Foster",7.9,9.39
"1071",2015,"Coral City ",1,"K. Lohr",19,10.91
"1072",2015,"Coral City ",2,"K. Lohr",22.5,10.91
"1073",2015,"Grundys  Gardens ",5,"A. Camp",5.3,8.18
"1074",2015,"Grundys  Gardens ",6,"A. Camp",29.3,8.18
"1075",2015,"Grundys  Gardens ",1,"K. Lohr",34.5,7.58
"1076",2015,"Grundys  Gardens ",2,"K. Lohr",24.5,7.58
"1077",2015,"Grundys  Gardens ",3,"K. Lohr",17.5,7.58
"1078",2015,"Grundys  Gardens ",4,"K. Lohr",11,7.58
"1079",2015,"Icon",5,"H. Hughes",9.3,15.45
"1080",2015,"Icon",6,"H. Hughes",6.7,15.45
"1081",2015,"Icon",1,"K. Foster",15.3,9.09
"1082",2015,"Icon",2,"K. Foster",26.1,10
"1083",2015,"Icon",3,"K. Foster",5,15.76
"1084",2015,"Icon",4,"K. Foster",3.8,10
"1085",2015,"Jigsaw",5,"K. Foster",20.7,12.8
"1086",2015,"Jigsaw",6,"K. Foster",30,12.8
"1087",2015,"Jigsaw",1,"K. Lohr",24.1,12.8
"1088",2015,"Jigsaw",2,"K. Lohr",16.7,12.8
"1089",2015,"Jigsaw",3,"K. Lohr",12,12.8
"1090",2015,"Jigsaw",4,"K. Lohr",22,12.8
"1091",2015,"Meadows",5,"H. Hughes",28.9,4.55
"1092",2015,"Meadows",6,"H. Hughes",18.6,4.55
"1093",2015,"Meadows",1,"K. Lohr",18.1,5.15
"1094",2015,"Meadows",2,"K. Lohr",38.3,5.15
"1095",2015,"Meadows",3,"K. Lohr",26.5,5.15
"1096",2015,"Meadows",4,"K. Lohr",26,5.15
"1097",2015,"Mixing Bowl ",5,"H. Hughes",8.2,10.91
"1098",2015,"Mixing Bowl ",6,"H. Hughes",10.9,10.91
"1099",2015,"Mixing Bowl ",1,"K. Lohr",15,12.2
"1100",2015,"Mixing Bowl ",2,"K. Lohr",17,12.2
"1101",2015,"Mixing Bowl ",3,"K. Lohr",10,12.2
"1102",2015,"Mixing Bowl ",4,"K. Lohr",24.4,12.2
"1103",2015,"Pauls Anchor ",1,"H. Hughes",8.1,10.61
"1104",2015,"Pauls Anchor ",2,"H. Hughes",11.1,10
"1105",2015,"Pauls Anchor ",3,"K. Foster",12.8,12.12
"1106",2015,"Pauls Anchor ",4,"K. Foster",8.3,12.12
"1107",2015,"Pauls Anchor ",5,"K. Foster",24.8,10.91
"1108",2015,"Pauls Anchor ",6,"K. Foster",12,11.21
"1109",2015,"Sailfin ",5,"H. Hughes",14.5,8.18
"1110",2015,"Sailfin ",6,"H. Hughes",15,8.18
"1111",2015,"Sailfin ",1,"K. Lohr",11,6.97
"1112",2015,"Sailfin ",2,"K. Lohr",18,6.97
"1113",2015,"Sailfin ",3,"K. Lohr",20.5,6.97
"1114",2015,"Sailfin ",4,"K. Lohr",10.5,6.97
"1115",2015,"Snap Shot ",1,"K. Foster",17.3,9.39
"1116",2015,"Snap Shot ",2,"K. Foster",15.7,9.39
"1117",2015,"Snap Shot ",1,"K. Lohr",25.1,9.4
"1118",2015,"Snap Shot ",2,"K. Lohr",27.5,9.4
"1119",2015,"Snap Shot ",3,"K. Lohr",24.5,9.4
"1120",2015,"Snap Shot ",4,"K. Lohr",20,9.4
"1121",2015,"West Point ",6,"A. Camp",5.8,10.3
"1122",2015,"West Point ",1,"K. Lohr",10.5,11.21
"1123",2015,"West Point ",2,"K. Lohr",10,11.21
"1124",2015,"West Point ",3,"K. Lohr",15,11.21
"1125",2015,"West Point ",4,"K. Lohr",11,11.21
"1126",2015,"West Point ",5,"K. Lohr",13.5,11.21
"1127",2017,"Coral City ",1,"Daniel Veras",21.5,13.8
"1128",2017,"Coral City ",2,"Daniel Veras",36.5,13.3
"1129",2017,"Coral City ",1,"Katie Correia",31.4,16.008
"1130",2017,"Coral City ",2,"Katie Correia",22.4,16.008
"1131",2017,"Coral City ",1,"Tim Kary",22.6,13.11
"1132",2017,"Coral City ",2,"Tim Kary",31.9,11.89
"1133",2017,"Grundys  Gardens ",1,"Daniel Veras",17.5,8.3
"1134",2017,"Grundys  Gardens ",2,"Daniel Veras",28,8.6
"1135",2017,"Grundys  Gardens ",1,"Katie Correia",41.7,9.744
"1136",2017,"Grundys  Gardens ",2,"Katie Correia",35,10.44
"1137",2017,"Grundys  Gardens ",1,"Tim Kary",14.2,9.76
"1138",2017,"Grundys  Gardens ",2,"Tim Kary",3.9,9.76
"1139",2017,"Icon",1,"Daniel Veras",7.5,14.5
"1140",2017,"Icon",2,"Daniel Veras",11.5,14.8
"1141",2017,"Icon",3,"Daniel Veras",10,14.5
"1142",2017,"Icon",1,"Katie Correia",15,18.096
"1143",2017,"Icon",2,"Katie Correia",11.6,17.052
"1144",2017,"Icon",3,"Katie Correia",23.1,19.488
"1145",2017,"Jigsaw",1,"Daniel Veras",41,10.2
"1146",2017,"Jigsaw",2,"Daniel Veras",17.5,11.2
"1147",2017,"Jigsaw",1,"Katie Correia",17.5,14.616
"1148",2017,"Jigsaw",2,"Katie Correia",16.8,14.616
"1149",2017,"Jigsaw",1,"Tim Kary",35.8,10.98
"1150",2017,"Jigsaw",2,"Tim Kary",15.9,10.37
"1151",2017,"Marthas Finyard",1,"Daniel Veras",29.8,13.1
"1152",2017,"Marthas Finyard",2,"Daniel Veras",39.3,12.3
"1153",2017,"Marthas Finyard",1,"Katie Correia",30.5,22.62
"1154",2017,"Marthas Finyard",2,"Katie Correia",45.6,18.096
"1155",2017,"Marthas Finyard",1,"Tim Kary",12.4,12.5
"1156",2017,"Marthas Finyard",2,"Tim Kary",21.3,12.5
"1157",2017,"Meadows",1,"Daniel Veras",19.2,10.4
"1158",2017,"Meadows",2,"Daniel Veras",7.5,10.3
"1159",2017,"Meadows",3,"Daniel Veras",14.1,10.3
"1160",2017,"Meadows",1,"Katie Correia",17.7,10.788
"1161",2017,"Meadows",2,"Katie Correia",28.5,11.136
"1162",2017,"Meadows",1,"Tim Kary",25.2,9.45
"1163",2017,"Meadows",2,"Tim Kary",18.9,9.76
"1164",2017,"Mixing Bowl ",1,"Daniel Veras",31,12.1
"1165",2017,"Mixing Bowl ",2,"Daniel Veras",4.3,11.7
"1166",2017,"Mixing Bowl ",3,"Daniel Veras",16,10.4
"1167",2017,"Mixing Bowl ",1,"Katie Correia",20.6,14.616
"1168",2017,"Mixing Bowl ",2,"Katie Correia",22.6,16.008
"1169",2017,"Mixing Bowl ",3,"Katie Correia",18.4,15.312
"1170",2017,"Mixing Bowl ",4,"Katie Correia",9.2,11.136
"1171",2017,"Mixing Bowl ",1,"Tim Kary",14.7,11.59
"1172",2017,"Pauls Anchor ",1,"Daniel Veras",22.6,15.7
"1173",2017,"Pauls Anchor ",2,"Daniel Veras",21,15.1
"1174",2017,"Pauls Anchor ",1,"Katie Correia",14.3,22.62
"1175",2017,"Pauls Anchor ",2,"Katie Correia",17.4,19.488
"1176",2017,"Pauls Anchor ",2,"Tim Kary",21.6,18.6
"1177",2017,"Pauls Anchor ",3,"Tim Kary",13.2,16.46
"1178",2017,"Sailfin ",1,"Daniel Veras",13.1,8.7
"1179",2017,"Sailfin ",2,"Daniel Veras",27,9.8
"1180",2017,"Sailfin ",1,"Katie Correia",14.9,11.832
"1181",2017,"Sailfin ",2,"Katie Correia",14.9,10.788
"1182",2017,"Sailfin ",1,"Tim Kary",8.8,10.98
"1183",2017,"Sailfin ",2,"Tim Kary",23.3,10.37
"1184",2017,"Snap Shot ",1,"Daniel Veras",23.5,10.5
"1185",2017,"Snap Shot ",2,"Daniel Veras",9.1,9.7
"1186",2017,"Snap Shot ",3,"Daniel Veras",20.8,9.7
"1187",2017,"Snap Shot ",1,"Katie Correia",18.7,15.312
"1188",2017,"Snap Shot ",2,"Katie Correia",20.3,14.616
"1189",2017,"Snap Shot ",3,"Katie Correia",25.6,13.92
"1190",2017,"West Point ",1,"Daniel Veras",13.5,11.4
"1191",2017,"West Point ",2,"Daniel Veras",13,12.1
"1192",2017,"West Point ",1,"Katie Correia",23,15.66
"1193",2017,"West Point ",2,"Katie Correia",16,12.876
"1194",2017,"West Point ",1,"Tim Kary",10.3,12.5
"1195",2017,"West Point ",2,"Tim Kary",7.8,11.28
"1196",2018,"Black Tip Tunnels",1,"Tim Kary",14.5,14
"1197",2018,"Black Tip Tunnels",2,"Tim Kary",23,15.6
"1198",2018,"Black Tip Tunnels",3,"Tim Kary",13,10
"1199",2018,"Black Tip Tunnels",4,"Tim Kary",32.2,10
"1200",2018,"Black Tip Tunnels",5,"Tim Kary",11,13
"1201",2018,"Black Tip Tunnels",6,"Tim Kary",12,14
"1202",2018,"Black Tip Tunnels",7,"Tim Kary",8,13
"1203",2018,"Black Tip Tunnels",8,"Tim Kary",0,12
"1204",2018,"Black Tip Tunnels",9,"Tim Kary",0,12
"1205",2018,"Black Tip Tunnels",10,"Tim Kary",10,12
"1206",2018,"Black Tip Tunnels",11,"Tim Kary",10,12
"1207",2018,"Coral City ",1,"Tim Kary",47,9.5
"1208",2018,"Coral City ",2,"Tim Kary",28,9
"1209",2018,"Coral City ",3,"Tim Kary",36,10
"1210",2018,"Coral City ",4,"Tim Kary",39,10
"1211",2018,"Coral City ",5,"Tim Kary",18,9.4
"1212",2018,"Coral City ",6,"Tim Kary",15,11.6
"1213",2018,"Coral City ",7,"Tim Kary",10,10
"1214",2018,"Coral City ",8,"Tim Kary",10,11
"1215",2018,"Coral City ",9,"Tim Kary",20,11
"1216",2018,"Coral City ",10,"Tim Kary",30,11
"1217",2018,"Coral City ",11,"Tim Kary",20,10
"1218",2018,"Grundys  Gardens ",1,"Tim Kary",27.7,8.5
"1219",2018,"Grundys  Gardens ",2,"Tim Kary",31,9
"1220",2018,"Grundys  Gardens ",3,"Tim Kary",78,9
"1221",2018,"Grundys  Gardens ",4,"Tim Kary",11,8
"1222",2018,"Grundys  Gardens ",5,"Tim Kary",20,8
"1223",2018,"Grundys  Gardens ",6,"Tim Kary",14,8
"1224",2018,"Grundys  Gardens ",7,"Tim Kary",40,8
"1225",2018,"Grundys  Gardens ",8,"Tim Kary",20,8
"1226",2018,"Grundys  Gardens ",9,"Tim Kary",30,8
"1227",2018,"Grundys  Gardens ",10,"Tim Kary",10,8
"1228",2018,"Jigsaw",1,"Tim Kary",15.8,12
"1229",2018,"Jigsaw",2,"Tim Kary",44,12
"1230",2018,"Jigsaw",3,"Tim Kary",29.5,12
"1231",2018,"Jigsaw",4,"Tim Kary",14,12
"1232",2018,"Jigsaw",5,"Tim Kary",10,12
"1233",2018,"Jigsaw",6,"Tim Kary",11,13
"1234",2018,"Jigsaw",7,"Tim Kary",0,12
"1235",2018,"Jigsaw",8,"Tim Kary",10,12
"1236",2018,"Jigsaw",9,"Tim Kary",12,12
"1237",2018,"Jigsaw",10,"Tim Kary",0,12
"1238",2018,"Joys Joy",1,"Tim Kary",20.2,8.5
"1239",2018,"Joys Joy",2,"Tim Kary",28.5,12.8
"1240",2018,"Joys Joy",3,"Tim Kary",14.4,9
"1241",2018,"Joys Joy",4,"Tim Kary",16,7
"1242",2018,"Joys Joy",5,"Tim Kary",11,7
"1243",2018,"Joys Joy",6,"Tim Kary",11,7.5
"1244",2018,"Joys Joy",7,"Tim Kary",10,8
"1245",2018,"Joys Joy",8,"Tim Kary",20,6
"1246",2018,"Joys Joy",9,"Tim Kary",0,7
"1247",2018,"Joys Joy",10,"Tim Kary",20,6
"1248",2018,"Lucass Ledge",1,"Tim Kary",42,13
"1249",2018,"Lucass Ledge",2,"Tim Kary",34.5,11
"1250",2018,"Lucass Ledge",3,"Tim Kary",32.5,10
"1251",2018,"Lucass Ledge",4,"Tim Kary",12,14
"1252",2018,"Lucass Ledge",5,"Tim Kary",18,14
"1253",2018,"Lucass Ledge",6,"Tim Kary",14,12
"1254",2018,"Lucass Ledge",7,"Tim Kary",10,14
"1255",2018,"Lucass Ledge",8,"Tim Kary",20,14
"1256",2018,"Lucass Ledge",9,"Tim Kary",10,12
"1257",2018,"Lucass Ledge",10,"Tim Kary",10,12
"1258",2018,"Meadows",1,"Tim Kary",27,10
"1259",2018,"Meadows",2,"Tim Kary",22,10
"1260",2018,"Meadows",3,"Tim Kary",23,10
"1261",2018,"Meadows",4,"Tim Kary",20,6
"1262",2018,"Meadows",5,"Tim Kary",17,5
"1263",2018,"Meadows",6,"Tim Kary",17,5.5
"1264",2018,"Meadows",7,"Tim Kary",22,6
"1265",2018,"Meadows",8,"Tim Kary",22,5
"1266",2018,"Meadows",9,"Tim Kary",12,5
"1267",2018,"Meadows",10,"Tim Kary",20,12
"1268",2018,"West Point ",1,"Tim Kary",28.1,11
"1269",2018,"West Point ",2,"Tim Kary",23.2,12
"1270",2018,"West Point ",3,"Tim Kary",33.3,13
"1271",2018,"West Point ",4,"Tim Kary",26.6,10
"1272",2018,"West Point ",5,"Tim Kary",5,11
"1273",2018,"West Point ",6,"Tim Kary",11,11
"1274",2018,"West Point ",7,"Tim Kary",5,9
"1275",2018,"West Point ",8,"Tim Kary",10,10
"1276",2018,"West Point ",9,"Tim Kary",10,10
"1277",2018,"West Point ",10,"Tim Kary",10,10
"1278",2018,"West Point ",11,"Tim Kary",0,10
"1279",2019,"Coral City ",4,"DEA",31.3,13.5
"1280",2019,"Coral City ",5,"DEA",38,13.5
"1281",2019,"Coral City ",6,"DEA",31.3,13.5
"1282",2019,"Coral City ",1,"KC",18.2461538461538,13.4112
"1283",2019,"Coral City ",2,"KC",24.1,13.4112
"1284",2019,"Coral City ",1,"SM",23.4,11.8
"1285",2019,"Coral City ",2,"SM",19.3,11.8
"1286",2019,"Coral City ",3,"SN",23.7,13.7
"1287",2019,"Grundys  Gardens ",4,"DEA",26,11
"1288",2019,"Grundys  Gardens ",5,"DEA",32,11
"1289",2019,"Grundys  Gardens ",6,"DEA",28.8,11
"1290",2019,"Grundys  Gardens ",7,"KC",21.7,11.5824
"1291",2019,"Grundys  Gardens ",8,"KC",25.2,8.8392
"1292",2019,"Grundys  Gardens ",1,"SM",16.3,8
"1293",2019,"Grundys  Gardens ",2,"SM",16.7,9
"1294",2019,"Grundys  Gardens ",3,"SN",37.3,11.5
"1295",2019,"Icon",4,"DEA",29,10.3
"1296",2019,"Icon",5,"DEA",11.6,10.3
"1297",2019,"Icon",6,"DEA",16.4,9.8
"1298",2019,"Icon",7,"DEA",9.1,9.5
"1299",2019,"Icon",8,"KC",16.8384615384615,10.668
"1300",2019,"Icon",9,"KC",13.8,9.144
"1301",2019,"Icon",1,"SM",12.6,9.5
"1302",2019,"Icon",2,"SM",7.8,9.9
"1303",2019,"Icon",3,"SM",15,10.5
"1304",2019,"Jigsaw",4,"DEA",12.2,13
"1305",2019,"Jigsaw",5,"DEA",13,13
"1306",2019,"Jigsaw",8,"DEA",14.2,13
"1307",2019,"Jigsaw",6,"KC",13.8,13.716
"1308",2019,"Jigsaw",7,"KC",11.1,12.8016
"1309",2019,"Jigsaw",1,"SM",18.1,11.6
"1310",2019,"Jigsaw",2,"SM",7.6,11.6
"1311",2019,"Jigsaw",3,"SN",15.1,13
"1312",2019,"Marthas Finyard",3,"DEA",35,12
"1313",2019,"Marthas Finyard",4,"DEA",26.5,12
"1314",2019,"Marthas Finyard",5,"KC",24.5,10.668
"1315",2019,"Marthas Finyard",6,"KC",30.2,10.9728
"1316",2019,"Marthas Finyard",1,"SM",11,14.2
"1317",2019,"Marthas Finyard",2,"SM",11.2,13.2
"1318",2019,"Marthas Finyard",7,"SN",14.8,14.6
"1319",2019,"Meadows",4,"DEA",15,33
"1320",2019,"Meadows",5,"DEA",54.2,33
"1321",2019,"Meadows",6,"DEA",16.5,33
"1322",2019,"Meadows",7,"KC",18,10.0584
"1323",2019,"Meadows",8,"KC",32.7,8.92048
"1324",2019,"Meadows",2,"SM",9.8,8.4
"1325",2019,"Meadows",3,"SM",6,10.5
"1326",2019,"Meadows",1,"SN",16.1,10
"1327",2019,"Mixing Bowl ",4,"DEA",21.5,12.12121212
"1328",2019,"Mixing Bowl ",5,"DEA",24.7,12.12121212
"1329",2019,"Mixing Bowl ",6,"DEA",40.4,12.12121212
"1330",2019,"Mixing Bowl ",1,"KC",24.2,13.4112
"1331",2019,"Mixing Bowl ",2,"KC",22.6,12.2637176470588
"1332",2019,"Mixing Bowl ",1,"SM",17.6,11.8
"1333",2019,"Mixing Bowl ",2,"SM",10.2833333333333,11.8
"1334",2019,"Mixing Bowl ",3,"Tim Kary",51.9,12.8
"1335",2019,"Pauls Anchor ",4,"DEA",8,11.51515
"1336",2019,"Pauls Anchor ",5,"DEA",21.1,10.30303
"1337",2019,"Pauls Anchor ",6,"DEA",11.3,10.30303
"1338",2019,"Pauls Anchor ",7,"KC",8.8,10.3632
"1339",2019,"Pauls Anchor ",8,"KC",7.9,10.668
"1340",2019,"Pauls Anchor ",1,"SM",15.3,11.5
"1341",2019,"Pauls Anchor ",2,"SM",15.3,11.5
"1342",2019,"Pauls Anchor ",3,"Tim Kary",13,15.7
"1343",2019,"Sailfin ",4,"DEA",29.6,10.3
"1344",2019,"Sailfin ",5,"DEA",36.3,10.3
"1345",2019,"Sailfin ",8,"DEA",21,10.3
"1346",2019,"Sailfin ",6,"KC",22.3214285714286,10.3632
"1347",2019,"Sailfin ",7,"KC",10.9,9.4488
"1348",2019,"Sailfin ",1,"SM",10,9.65
"1349",2019,"Sailfin ",2,"SM",25.4,8.85
"1350",2019,"Sailfin ",3,"Tim Kary",26,9.8
"1351",2019,"Snap Shot ",4,"DEA",14.1,9.696969697
"1352",2019,"Snap Shot ",5,"DEA",17.5,9.696969697
"1353",2019,"Snap Shot ",6,"DEA",16.9,10
"1354",2019,"Snap Shot ",7,"KC",22,10.3632
"1355",2019,"Snap Shot ",8,"KC",14.6142857142857,10.668
"1356",2019,"Snap Shot ",1,"SM",12.7,8.5
"1357",2019,"Snap Shot ",2,"SM",14.5,9.2
"1358",2019,"Snap Shot ",3,"Tim Kary",34.4,11.05625
"1359",2019,"West Point ",4,"DEA",14.6,12
"1360",2019,"West Point ",5,"DEA",6.9,12
"1361",2019,"West Point ",6,"DEA",12.9,12
"1362",2019,"West Point ",7,"KC",11.1181818181818,11.5824
"1363",2019,"West Point ",8,"KC",10.5142857142857,10.668
"1364",2019,"West Point ",1,"SM",8,11.2
"1365",2019,"West Point ",2,"SM",7.5,11.35
"1366",2019,"West Point ",3,"SN",18,12
"1367",2020,"Coral City",1,"GGG",44.2,42
"1368",2020,"Coral City",2,"GGG",33,41
"1369",2020,"Coral City",1,"MF",14,45
"1370",2020,"Coral City",2,"MF",32,45
"1371",2020,"Grundys Gardens",1,"GGG",9,25
"1372",2020,"Grundys Gardens",2,"GGG",32.5,28
"1373",2020,"Grundys Gardens",1,"MF",11.8,28
"1374",2020,"Grundys Gardens",2,"MF",12.5,28
"1375",2020,"Jigsaw",1,"GGG",20.6,41
"1376",2020,"Jigsaw",2,"GGG",32,35
"1377",2020,"Jigsaw",1,"MF",17,43
"1378",2020,"Jigsaw",2,"MF",15,33
"1379",2020,"Marilyns Cut",1,"GGG",14.4,30
"1380",2020,"Marilyns Cut",2,"GGG",15.8,29
"1381",2020,"Marilyns Cut",1,"MF",16,31
"1382",2020,"Marilyns Cut",2,"MF",17,23
"1383",2020,"Marthas Finyard",1,"MF",40,43
"1384",2020,"Marthas Finyard",2,"MF",32,50
"1385",2020,"Marthas Finyard ",1,"GGG",31,51
"1386",2020,"Marthas Finyard ",2,"GGG",41,51
"1387",2020,"Meadows",1,"GGG",31.8,36
"1388",2020,"Meadows",2,"GGG",24,39
"1389",2020,"Pauls Anchor",1,"GGG",26.6,44
"1390",2020,"Pauls Anchor",2,"GGG",10.4,52
"1391",2020,"Sailfin",1,"GGG",12.8,30
"1392",2020,"Sailfin",2,"GGG",26.4,30
"1393",2020,"Sailfin",3,"GGG",13.8,28
"1394",2020,"Sailfin",4,"GGG",30.4,35
"1395",2020,"Snap Shot",1,"GGG",14.2,33
"1396",2020,"Snap Shot",2,"GGG",20.4,32
"1397",2020,"Snap Shot",3,"GGG",31.4,41
"1398",2020,"Snap Shot",4,"GGG",25,40
"1399",2020,"West Point",1,"GGG",16,52
"1400",2020,"West Point",2,"GGG",32,43
"1401",2020,"West Point",3,"MF",13.4,54
"1402",2020,"West Point",4,"MF",14.2,44
"1403",2021,"Coral City",1,"CG",28,40
"1404",2021,"Coral City",2,"CG",35,35
"1405",2021,"Coral City",1,"GEC",16,33
"1406",2021,"Coral City",2,"GEC",22,33
"1407",2021,"Coral City",1,"GGG",13.8,38
"1408",2021,"Coral City",2,"GGG",23,40
"1409",2021,"Coral City",3,"GGG",44,35
"1410",2021,"Grundys",1,"CG",27,43
"1411",2021,"Grundys",1,"GEC",13.8,40
"1412",2021,"Grundys",1,"GGG",31,42.8716216216216
"1413",2021,"Jigsaw",1,"CG",42,35
"1414",2021,"Jigsaw",1,"GEC",22.4,45
"1415",2021,"Jigsaw",1,"GGG",12,38
"1416",2021,"Jigsaw",2,"GGG_GEC",47,43.4036697247706
"1417",2021,"Jigsaw",1,"sw",20,39.4
"1418",2021,"Marilyns Cut",1,"CG",2.4,30
"1419",2021,"Marilyns Cut",1,"GEC",11,35
"1420",2021,"Marilyns Cut",1,"GGG",20,33
"1421",2021,"Marilyns Cut",2,"GGG_GEC",21,34.0265486725664
"1422",2021,"Marilyns Cut",1,"sw",19,25.6
"1423",2021,"Marthas",1,"CG",23.3,35
"1424",2021,"Marthas",1,"GEC",38,47
"1425",2021,"Marthas",1,"GGG",38.2,38
"1426",2021,"Marthas",2,"GGG_GC",38,44.9705882352941
"1427",2021,"Marthas",1,"sw",35.2,45.3
"1428",2021,"Meadows",1,"CG",56,18
"1429",2021,"Meadows",1,"GEC",41,15
"1430",2021,"Meadows",1,"GGG",39,18
"1431",2021,"Meadows",2,"GGG_GEC",14,15.958904109589
"1432",2021,"Meadows",1,"sw",20,14.8
"1433",2021,"Pauls Anchor",1,"CG",18,38
"1434",2021,"Pauls Anchor",1,"GEC",26,42
"1435",2021,"Pauls Anchor",1,"GGG",15,38
"1436",2021,"Pauls Anchor",2,"GGG_GEC",23.3,39.0652173913044
"1437",2021,"Pauls Anchor",1,"sw",21,40.7
"1438",2021,"Sailfin",1,"CG",6,30
"1439",2021,"Sailfin",1,"GEC",20.8,30
"1440",2021,"Sailfin",1,"GGG",37,25
"1441",2021,"Sailfin",2,"GGG_GEC",14,27.4752475247525
"1442",2021,"Sailfin",1,"sw",10.2,15.6
"1443",2021,"Snapshot",1,"CG",22,33
"1444",2021,"Snapshot",1,"GEC",21,51
"1445",2021,"Snapshot",1,"GGG",19,32
"1446",2021,"Snapshot",2,"GGG",19,35
"1447",2021,"Snapshot",2,"GGG_GEC",49,51
"1448",2021,"Snapshot",1,"sw",28.8,35.4
"1449",2021,"Westpoint",1,"CG",40,40
"1450",2021,"Westpoint",2,"CG",30,33
"1451",2021,"Westpoint",1,"GEC",7,44
"1452",2021,"Westpoint",2,"GEC",11,41
"1453",2021,"Westpoint",1,"GGG",24,43
"1454",2021,"Westpoint",2,"GGG",15,40
"1455",2022,"Coral City",1,"AM",22,31
"1456",2022,"Coral City",1,"GGG",30,33
"1457",2022,"Coral City",2,"GGG",46.4,36
"1458",2022,"Coral City",1,"ZP",0,33
"1459",2022,"Grundys",1,"AM",18,32
"1460",2022,"Grundys",1,"GGG",34,30
"1461",2022,"Grundys",2,"GGG",45.2,30
"1462",2022,"Grundys",1,"ZP",30,29
"1463",2022,"Jigsaw",1,"AM",12,46
"1464",2022,"Jigsaw",1,"AM/ZP",10,46
"1465",2022,"Jigsaw",1,"JLR",37,46
"1466",2022,"Marilyns",1,"AM",2.8,21
"1467",2022,"Marilyns Cut",1,"AM/ZP",18,21
"1468",2022,"Marilyns Cut",1,"GGG",25,33
"1469",2022,"Marilyns Cut",2,"GGG",31.2,30
"1470",2022,"Marthas",1,"AM",16,43
"1471",2022,"Marthas",1,"AM/ZP",19.4,50
"1472",2022,"Marthas",1,"JLR",10,53
"1473",2022,"Meadows",1,"AM",15,18
"1474",2022,"Meadows",1,"AM/ZP",19,18
"1475",2022,"Meadows",1,"JLR",20,18
"1476",2022,"Sailfin",1,"AM",11,35
"1477",2022,"Sailfin",1,"GGG",5,30
"1478",2022,"Sailfin",2,"GGG",43,31
"1479",2022,"Snapshot",1,"AM",8,33
"1480",2022,"Snapshot",1,"GGG",36,31
"1481",2022,"Snapshot",2,"GGG",38,32
"1482",2022,"Snapshot",1,"ZP",15,30
"1483",2022,"Westpoint",1,"AM",19,32
"1484",2022,"Westpoint",1,"GGG",17,41
"1485",2022,"Westpoint",2,"GGG",15,41
"1486",2022,"Westpoint",1,"ZP",29,39
"1487",2023,"Coral City",1,"GGG",20,NA
"1488",2023,"Coral City",1,"Haley Davis",35,10
"1489",2023,"Coral City",1,"LLG",20,10.8
"1490",2023,"Grundys",1,"GGG",36,NA
"1491",2023,"Grundys",1,"Haley Davis",12.5,9
"1492",2023,"Grundys",1,"LLG",14,8.5
"1493",2023,"Jigsaw",1,"GGG",58,NA
"1494",2023,"Jigsaw",1,"Haley Davis",43,11.52
"1495",2023,"Jigsaw",1,"KE",20,12.8
"1496",2023,"Jigsaw",1,"LLG",15,NA
"1497",2023,"Marilyns Cut",1,"GGG",14.4,NA
"1498",2023,"Marilyns Cut",1,"Haley Davis",23.75,8.79
"1499",2023,"Marilyns Cut",1,"KE",18,10
"1500",2023,"Marilyns Cut",1,"LLG",24,10
"1501",2023,"Marthas",1,"GGG",16.4,NA
"1502",2023,"Marthas",1,"Haley Davis",45,10.90909091
"1503",2023,"Marthas",1,"LLG",48,14
"1504",2023,"Meadows",1,"GGG",42,NA
"1505",2023,"Meadows",1,"Haley Davis",51,7.88
"1506",2023,"Meadows",1,"KE",48,7
"1507",2023,"Meadows",1,"LLG",16.2,9.6
"1508",2023,"Sailfin",1,"GGG",32.4,NA
"1509",2023,"Sailfin",1,"Haley Davis",25,10.61
"1510",2023,"Sailfin",1,"KE",22,10.4
"1511",2023,"Sailfin",1,"LLG",22,11
"1512",2023,"Snapshot",1,"GGG",38,NA
"1513",2023,"Snapshot",1,"Haley Davis",19.1666666666667,8.79
"1514",2023,"Snapshot",1,"KE",16,10.7
"1515",2023,"Snapshot",1,"LLG",NA,NA
"1516",2023,"Westpoint",1,"GGG",17,NA
"1517",2023,"Westpoint",1,"Haley Davis",14,12.12121212
"1518",2023,"Westpoint",1,"LLG",18,10.9
