"","X","Year","Site","Transect","Observer","Perc_cover","Depth","Site_Name"
"1",1,"1999","Black Tip Tunnels",1,"BR",17.5,14.9,"Blacktip Blvd."
"2",2,"1999","Black Tip Tunnels",2,"BR",15,10,"Blacktip Blvd."
"3",3,"1999","Black Tip Tunnels",3,"BR",14,15,"Blacktip Blvd."
"4",4,"1999","Black Tip Tunnels",4,"BR",10.6,10,"Blacktip Blvd."
"5",5,"1999","Black Tip Tunnels",1,"CH",29,12.17,"Blacktip Blvd."
"6",6,"1999","Black Tip Tunnels",2,"CH",16,12.14,"Blacktip Blvd."
"7",7,"1999","Black Tip Tunnels",3,"CH",17,12.1111111111111,"Blacktip Blvd."
"8",8,"1999","Black Tip Tunnels",1,"CK",5,13,"Blacktip Blvd."
"9",9,"1999","Black Tip Tunnels",2,"CK",8.57142857142857,10,"Blacktip Blvd."
"10",10,"1999","Black Tip Tunnels",3,"CK",11,12.8,"Blacktip Blvd."
"11",11,"1999","Black Tip Tunnels",4,"CK",4.5,13,"Blacktip Blvd."
"12",12,"1999","Black Tip Tunnels",1,"JH",18,11.62,"Blacktip Blvd."
"13",13,"1999","Black Tip Tunnels",2,"JH",13,10,"Blacktip Blvd."
"14",14,"1999","Black Tip Tunnels",1,"RG",29,10.8,"Blacktip Blvd."
"15",15,"1999","Black Tip Tunnels",2,"RG",15,11.6,"Blacktip Blvd."
"16",16,"1999","Black Tip Tunnels",3,"RG",22,10.8181818181818,"Blacktip Blvd."
"17",17,"1999","Black Tip Tunnels",4,"RG",20.5,11.8916666666667,"Blacktip Blvd."
"18",18,"1999","Charles Bay",1,"BR",24,4,"Charlie's Chimney"
"19",19,"1999","Charles Bay",2,"BR",25,4,"Charlie's Chimney"
"20",20,"1999","Charles Bay",3,"BR",14,10,"Charlie's Chimney"
"21",21,"1999","Charles Bay",4,"BR",26,10,"Charlie's Chimney"
"22",22,"1999","Charles Bay",5,"BR",26,10,"Charlie's Chimney"
"23",23,"1999","Charles Bay",1,"CH",16,14.525,"Charlie's Chimney"
"24",24,"1999","Charles Bay",2,"CH",16,14.075,"Charlie's Chimney"
"25",25,"1999","Charles Bay",3,"CH",17,14.6,"Charlie's Chimney"
"26",26,"1999","Charles Bay",1,"CK",11,10.7,"Charlie's Chimney"
"27",27,"1999","Charles Bay",2,"CK",8,9,"Charlie's Chimney"
"28",28,"1999","Charles Bay",3,"CK",6,10,"Charlie's Chimney"
"29",29,"1999","Charles Bay",4,"CK",8.5,10.7,"Charlie's Chimney"
"30",30,"1999","Charles Bay",1,"JH",21,10.325,"Charlie's Chimney"
"31",31,"1999","Charles Bay",2,"JH",20.5,11,"Charlie's Chimney"
"32",32,"1999","Charles Bay",1,"RG",24,13.8666666666667,"Charlie's Chimney"
"33",33,"1999","Charles Bay",2,"RG",15,10,"Charlie's Chimney"
"34",34,"1999","Charles Bay",3,"RG",21.2,13.1266666666667,"Charlie's Chimney"
"35",35,"1999","Coral City",1,"BR",30,8.2,"Coral City"
"36",36,"1999","Coral City",2,"BR",22,10,"Coral City"
"37",37,"1999","Coral City",3,"BR",29,12,"Coral City"
"38",38,"1999","Coral City",4,"BR",42,9,"Coral City"
"39",39,"1999","Coral City",5,"BR",25,9,"Coral City"
"40",40,"1999","Coral City",8,"CH",27,9.81666666666667,"Coral City"
"41",41,"1999","Coral City",9,"CH",21,9.82222222222222,"Coral City"
"42",42,"1999","Coral City",10,"CH",19,10.0583333333333,"Coral City"
"43",43,"1999","Coral City",6,"CK",22.5,9.5,"Coral City"
"44",44,"1999","Coral City",7,"CK",15,9,"Coral City"
"45",45,"1999","Coral City",11,"JH",24.5,10.7,"Coral City"
"46",46,"1999","Coral City",11,"RG",24.5,10.6125,"Coral City"
"47",47,"1999","Coral City",12,"RG",26,9.125,"Coral City"
"48",48,"1999","Coral City",13,"RG",28,10,"Coral City"
"49",49,"1999","Coral City",14,"RG",25,10,"Coral City"
"50",50,"1999","Grundys  Gardens",8,"BR",45,8.4,"Grundy's Gardens"
"51",51,"1999","Grundys  Gardens",9,"BR",37,8.33333333333333,"Grundy's Gardens"
"52",52,"1999","Grundys  Gardens",10,"BR",34,7,"Grundy's Gardens"
"53",53,"1999","Grundys  Gardens",11,"BR",53,8,"Grundy's Gardens"
"54",54,"1999","Grundys  Gardens",1,"CH",42,9.8,"Grundy's Gardens"
"55",55,"1999","Grundys  Gardens",2,"CH",53,9.8,"Grundy's Gardens"
"56",56,"1999","Grundys  Gardens",3,"CH",43,9,"Grundy's Gardens"
"57",57,"1999","Grundys  Gardens",5,"CK",14,9.8,"Grundy's Gardens"
"58",58,"1999","Grundys  Gardens",6,"CK",26,9,"Grundy's Gardens"
"59",59,"1999","Grundys  Gardens",7,"CK",28,9.5,"Grundy's Gardens"
"60",60,"1999","Grundys  Gardens",3,"RG",43,9.28333333333333,"Grundy's Gardens"
"61",61,"1999","Grundys  Gardens",4,"RG",40,10.4166666666667,"Grundy's Gardens"
"62",62,"1999","Jigsaw",4,"BR",15,9,"Jigsaw Puzzle"
"63",63,"1999","Jigsaw",5,"BR",30,8,"Jigsaw Puzzle"
"64",64,"1999","Jigsaw",6,"BR",37,8,"Jigsaw Puzzle"
"65",65,"1999","Jigsaw",7,"BR",42,10,"Jigsaw Puzzle"
"66",66,"1999","Jigsaw",8,"BR",31,9,"Jigsaw Puzzle"
"67",67,"1999","Jigsaw",9,"BR",34,9,"Jigsaw Puzzle"
"68",68,"1999","Jigsaw",10,"CH",28,12.52,"Jigsaw Puzzle"
"69",69,"1999","Jigsaw",11,"CH",20,11.025,"Jigsaw Puzzle"
"70",70,"1999","Jigsaw",12,"CH",35,10,"Jigsaw Puzzle"
"71",71,"1999","Jigsaw",13,"CK",8,11.6,"Jigsaw Puzzle"
"72",72,"1999","Jigsaw",14,"JH",15,12,"Jigsaw Puzzle"
"73",73,"1999","Jigsaw",1,"RG",23,12.18,"Jigsaw Puzzle"
"74",74,"1999","Jigsaw",2,"RG",30,10.8181818181818,"Jigsaw Puzzle"
"75",75,"1999","Jigsaw",3,"RG",32,12.1888888888889,"Jigsaw Puzzle"
"76",76,"1999","Joys Joy",1,"BR",16,15,"Joy's Joy"
"77",77,"1999","Joys Joy",2,"BR",16,16,"Joy's Joy"
"78",78,"1999","Joys Joy",3,"BR",14,13,"Joy's Joy"
"79",79,"1999","Joys Joy",4,"BR",14,13,"Joy's Joy"
"80",80,"1999","Joys Joy",1,"CH",14,10.6666666666667,"Joy's Joy"
"81",81,"1999","Joys Joy",2,"CH",18,8.2,"Joy's Joy"
"82",82,"1999","Joys Joy",3,"CH",20,9.81818181818182,"Joy's Joy"
"83",83,"1999","Joys Joy",4,"CH",11,8.8,"Joy's Joy"
"84",84,"1999","Joys Joy",1,"JH",19,14.0666666666667,"Joy's Joy"
"85",85,"1999","Joys Joy",2,"JH",15,15,"Joy's Joy"
"86",86,"1999","Joys Joy",1,"RG",36,12.125,"Joy's Joy"
"87",87,"1999","Joys Joy",2,"RG",19.5,12.1,"Joy's Joy"
"88",88,"1999","Joys Joy",3,"RG",24,13.1428571428571,"Joy's Joy"
"89",89,"1999","Joys Joy",4,"RG",23.5,13.8666666666667,"Joy's Joy"
"90",90,"1999","Lucass Ledge",1,"BR",23,13,"Luca's Ledges"
"91",91,"1999","Lucass Ledge",2,"BR",27,14,"Luca's Ledges"
"92",92,"1999","Lucass Ledge",3,"BR",24,14,"Luca's Ledges"
"93",93,"1999","Lucass Ledge",4,"BR",15,10,"Luca's Ledges"
"94",94,"1999","Lucass Ledge",1,"CH",30,13,"Luca's Ledges"
"95",95,"1999","Lucass Ledge",2,"CH",28.5,13.9333333333333,"Luca's Ledges"
"96",96,"1999","Lucass Ledge",3,"CH",23,13.9166666666667,"Luca's Ledges"
"97",97,"1999","Lucass Ledge",4,"CH",24,13.1,"Luca's Ledges"
"98",98,"1999","Lucass Ledge",1,"RG",23.5,13.0833333333333,"Luca's Ledges"
"99",99,"1999","Lucass Ledge",2,"RG",24.5,14.1428571428571,"Luca's Ledges"
"100",100,"1999","Lucass Ledge",3,"RG",15.5,13.8888888888889,"Luca's Ledges"
"101",101,"1999","Lucass Ledge",4,"RG",37,14,"Luca's Ledges"
"102",102,"1999","Main Channel - East Side",1,"BR",10,10,"Great Wall East"
"103",103,"1999","Main Channel - East Side",2,"BR",10,10,"Great Wall East"
"104",104,"1999","Main Channel - East Side",3,"BR",10,10,"Great Wall East"
"105",105,"1999","Main Channel - East Side",4,"BR",10,10,"Great Wall East"
"106",106,"1999","Main Channel - East Side",1,"CH",12,3,"Great Wall East"
"107",107,"1999","Main Channel - East Side",2,"CH",11,3,"Great Wall East"
"108",108,"1999","Main Channel - East Side",3,"CH",16,3,"Great Wall East"
"109",109,"1999","Main Channel - East Side",1,"CK",21,2,"Great Wall East"
"110",110,"1999","Main Channel - East Side",2,"CK",22,2,"Great Wall East"
"111",111,"1999","Main Channel - East Side",1,"JH",25,10,"Great Wall East"
"112",112,"1999","Main Channel - East Side",1,"RG",21,10,"Great Wall East"
"113",113,"1999","Main Channel - East Side",2,"RG",19.5,10,"Great Wall East"
"114",114,"1999","Main Channel - East Side",3,"RG",17.5,10,"Great Wall East"
"115",115,"1999","Meadows",1,"BR",32,6,"The Meadows"
"116",116,"1999","Meadows",2,"BR",26,6,"The Meadows"
"117",117,"1999","Meadows",3,"BR",35,6,"The Meadows"
"118",118,"1999","Meadows",4,"BR",30,6,"The Meadows"
"119",119,"1999","Meadows",1,"CH",51,5.5,"The Meadows"
"120",120,"1999","Meadows",2,"CH",46,5.55454545454545,"The Meadows"
"121",121,"1999","Meadows",3,"CH",49,5.71666666666667,"The Meadows"
"122",122,"1999","Meadows",1,"CK",29,7,"The Meadows"
"123",123,"1999","Meadows",2,"CK",22,10,"The Meadows"
"124",124,"1999","Meadows",3,"CK",31,10,"The Meadows"
"125",125,"1999","Meadows",1,"JH",46,5.5,"The Meadows"
"126",126,"1999","Meadows",2,"JH",45,5.59375,"The Meadows"
"127",127,"1999","Meadows",1,"RG",57,6,"The Meadows"
"128",128,"1999","Meadows",2,"RG",55,5.90666666666667,"The Meadows"
"129",129,"1999","Meadows",3,"RG",68,4.65,"The Meadows"
"130",130,"1999","Meadows",4,"RG",54,5.02941176470588,"The Meadows"
"131",131,"1999","Mixing Bowl",6,"BR",26,12,"Sailfin Miniwall"
"132",132,"1999","Mixing Bowl",7,"BR",29,12,"Sailfin Miniwall"
"133",133,"1999","Mixing Bowl",8,"BR",27,13,"Sailfin Miniwall"
"134",134,"1999","Mixing Bowl",9,"BR",16,11,"Sailfin Miniwall"
"135",135,"1999","Mixing Bowl",10,"BR",39,13,"Sailfin Miniwall"
"136",136,"1999","Mixing Bowl",3,"CH",32,12,"Sailfin Miniwall"
"137",137,"1999","Mixing Bowl",4,"CH",38,11.6444444444444,"Sailfin Miniwall"
"138",138,"1999","Mixing Bowl",5,"CH",32,11.4923076923077,"Sailfin Miniwall"
"139",139,"1999","Mixing Bowl",11,"CK",15,12,"Sailfin Miniwall"
"140",140,"1999","Mixing Bowl",12,"CK",57,12.8,"Sailfin Miniwall"
"141",141,"1999","Mixing Bowl",13,"CK",29,13.4,"Sailfin Miniwall"
"142",142,"1999","Mixing Bowl",1,"JH",22.5,13,"Sailfin Miniwall"
"143",143,"1999","Mixing Bowl",2,"JH",14.5,13,"Sailfin Miniwall"
"144",144,"1999","Mixing Bowl",14,"RG",42,12,"Sailfin Miniwall"
"145",145,"1999","Mixing Bowl",15,"RG",38,13.7,"Sailfin Miniwall"
"146",146,"1999","Nancys Cup of Tea",1,"BR",10,11,"Paul's Anchor"
"147",147,"1999","Nancys Cup of Tea",2,"BR",17.5,12,"Paul's Anchor"
"148",148,"1999","Nancys Cup of Tea",3,"BR",26,10,"Paul's Anchor"
"149",149,"1999","Nancys Cup of Tea",4,"BR",17,10,"Paul's Anchor"
"150",150,"1999","Nancys Cup of Tea",1,"CK",65,12.8,"Paul's Anchor"
"151",151,"1999","Nancys Cup of Tea",2,"CK",16,12.8,"Paul's Anchor"
"152",152,"1999","Nancys Cup of Tea",3,"CK",25,10,"Paul's Anchor"
"153",153,"1999","Nancys Cup of Tea",1,"JH",14,14,"Paul's Anchor"
"154",154,"1999","Nancys Cup of Tea",2,"JH",21,14,"Paul's Anchor"
"155",155,"1999","Nancys Cup of Tea",1,"RG",23.5,13,"Paul's Anchor"
"156",156,"1999","Nancys Cup of Tea",2,"RG",13.5,12.875,"Paul's Anchor"
"157",157,"1999","Nancys Cup of Tea",3,"RG",20.5,12,"Paul's Anchor"
"158",158,"1999","Nancys Cup of Tea",4,"RG",13,12,"Paul's Anchor"
"159",159,"1999","No Name",1,"BR",28,11,"Icon"
"160",160,"1999","No Name",2,"BR",20,11,"Icon"
"161",161,"1999","No Name",3,"BR",20,10,"Icon"
"162",162,"1999","No Name",4,"BR",15,10,"Icon"
"163",163,"1999","No Name",1,"CH",21,12,"Icon"
"164",164,"1999","No Name",2,"CH",34,11,"Icon"
"165",165,"1999","No Name",3,"CH",46,12.375,"Icon"
"166",166,"1999","No Name",4,"CH",33,11.1384615384615,"Icon"
"167",167,"1999","No Name",1,"RG",25.5,10,"Icon"
"168",168,"1999","No Name",2,"RG",20,10.25,"Icon"
"169",169,"1999","No Name",3,"RG",32,9.92857142857143,"Icon"
"170",170,"1999","No Name",4,"RG",20.5,10,"Icon"
"171",171,"1999","Pauls Anchor",1,"BR",15.5,15,"Paul's Anchor"
"172",172,"1999","Pauls Anchor",2,"BR",8.5,15,"Paul's Anchor"
"173",173,"1999","Pauls Anchor",9,"CH",13,12,"Paul's Anchor"
"174",174,"1999","Pauls Anchor",10,"CH",17,17,"Paul's Anchor"
"175",175,"1999","Pauls Anchor",11,"CH",27,12,"Paul's Anchor"
"176",176,"1999","Pauls Anchor",6,"CK",6,13,"Paul's Anchor"
"177",177,"1999","Pauls Anchor",7,"CK",1.1,13,"Paul's Anchor"
"178",178,"1999","Pauls Anchor",8,"CK",8,12,"Paul's Anchor"
"179",179,"1999","Pauls Anchor",3,"RG",22.5,12,"Paul's Anchor"
"180",180,"1999","Pauls Anchor",4,"RG",26,11,"Paul's Anchor"
"181",181,"1999","Pauls Anchor",5,"RG",43.5,12,"Paul's Anchor"
"182",182,"1999","Penguins Leap",1,"BR",20,15,"Penguin's Leap"
"183",183,"1999","Penguins Leap",2,"BR",12,15,"Penguin's Leap"
"184",184,"1999","Penguins Leap",3,"BR",17,10,"Penguin's Leap"
"185",185,"1999","Penguins Leap",4,"BR",2,10,"Penguin's Leap"
"186",186,"1999","Penguins Leap",1,"CH",36,17,"Penguin's Leap"
"187",187,"1999","Penguins Leap",2,"CH",18,16.9,"Penguin's Leap"
"188",188,"1999","Penguins Leap",3,"CH",33,16.9285714285714,"Penguin's Leap"
"189",189,"1999","Penguins Leap",1,"CK",14,17,"Penguin's Leap"
"190",190,"1999","Penguins Leap",2,"CK",18,10,"Penguin's Leap"
"191",191,"1999","Penguins Leap",3,"CK",20,16,"Penguin's Leap"
"192",192,"1999","Penguins Leap",1,"JH",12,17,"Penguin's Leap"
"193",193,"1999","Penguins Leap",2,"JH",7,10,"Penguin's Leap"
"194",194,"1999","Penguins Leap",1,"RG",17.5,15.8083333333333,"Penguin's Leap"
"195",195,"1999","Penguins Leap",2,"RG",20,16.6,"Penguin's Leap"
"196",196,"1999","Penguins Leap",3,"RG",12,15.0272727272727,"Penguin's Leap"
"197",197,"1999","Penguins Leap",4,"RG",22,15,"Penguin's Leap"
"198",198,"1999","Rock Bottom",1,"BR",31,15,"Rock Bottom Wall"
"199",199,"1999","Rock Bottom",2,"BR",10,13,"Rock Bottom Wall"
"200",200,"1999","Rock Bottom",3,"BR",35,10,"Rock Bottom Wall"
"201",201,"1999","Rock Bottom",1,"CH",45,11.8461538461538,"Rock Bottom Wall"
"202",202,"1999","Rock Bottom",2,"CH",26,11.8571428571429,"Rock Bottom Wall"
"203",203,"1999","Rock Bottom",3,"CH",24.5,10.1818181818182,"Rock Bottom Wall"
"204",204,"1999","Rock Bottom",1,"CK",15,12,"Rock Bottom Wall"
"205",205,"1999","Rock Bottom",2,"CK",17,13,"Rock Bottom Wall"
"206",206,"1999","Rock Bottom",3,"CK",13,13,"Rock Bottom Wall"
"207",207,"1999","Rock Bottom",1,"RG",14.5,14,"Rock Bottom Wall"
"208",208,"1999","Rock Bottom",2,"RG",17.5,14,"Rock Bottom Wall"
"209",209,"1999","Rock Bottom",3,"RG",22.5,14,"Rock Bottom Wall"
"210",210,"1999","Sailfin",1,"BR",15,9,"Sailfin Reef"
"211",211,"1999","Sailfin",2,"BR",25,10,"Sailfin Reef"
"212",212,"1999","Sailfin",3,"BR",16,10,"Sailfin Reef"
"213",213,"1999","Sailfin",4,"BR",19,12,"Sailfin Reef"
"214",214,"1999","Sailfin",5,"BR",26,12,"Sailfin Reef"
"215",215,"1999","Sailfin",6,"RG",27.5,8,"Sailfin Reef"
"216",216,"1999","Sailfin",7,"RG",26.5,6.1,"Sailfin Reef"
"217",217,"1999","Sailfin",8,"RG",27.5,7.3,"Sailfin Reef"
"218",218,"1999","Sailfin",9,"RG",20.5,8,"Sailfin Reef"
"219",219,"1999","Sailfin",10,"RG",23.5,10,"Sailfin Reef"
"220",220,"1999","Snap Shot",1,"BR",31,15,"Snap Shot"
"221",221,"1999","Snap Shot",2,"BR",10,13,"Snap Shot"
"222",222,"1999","Snap Shot",3,"BR",35,10,"Snap Shot"
"223",223,"1999","Snap Shot",10,"CH",45,11.8461538461538,"Snap Shot"
"224",224,"1999","Snap Shot",11,"CH",26,11.8571428571429,"Snap Shot"
"225",225,"1999","Snap Shot",12,"CH",24.5,10.1818181818182,"Snap Shot"
"226",226,"1999","Snap Shot",4,"CK",15,12,"Snap Shot"
"227",227,"1999","Snap Shot",5,"CK",17,13,"Snap Shot"
"228",228,"1999","Snap Shot",6,"CK",13,13,"Snap Shot"
"229",229,"1999","Snap Shot",7,"RG",14.5,14,"Snap Shot"
"230",230,"1999","Snap Shot",8,"RG",17.5,14,"Snap Shot"
"231",231,"1999","Snap Shot",9,"RG",22.5,14,"Snap Shot"
"232",232,"1999","West Point",1,"BR",33,17,"West Point"
"233",233,"1999","West Point",2,"BR",25,15,"West Point"
"234",234,"1999","West Point",3,"BR",23,14,"West Point"
"235",235,"1999","West Point",4,"BR",28,16,"West Point"
"236",236,"1999","West Point",5,"BR",27,14,"West Point"
"237",237,"1999","West Point",6,"RG",17.5,12.1,"West Point"
"238",238,"1999","West Point",7,"RG",18.5,13,"West Point"
"239",239,"1999","West Point",8,"RG",23.5,13.1,"West Point"
"240",240,"1999","West Point",9,"RG",33,13.1666666666667,"West Point"
"241",241,"1999","West Point",10,"RG",28.5,14,"West Point"
"242",242,"1999","Wreck",1,"BR",17,10,"Soto Trader"
"243",243,"1999","Wreck",2,"BR",11,11,"Soto Trader"
"244",244,"1999","Wreck",3,"BR",11,10,"Soto Trader"
"245",245,"1999","Wreck",4,"BR",2,11,"Soto Trader"
"246",246,"1999","Wreck",5,"BR",14,10,"Soto Trader"
"247",247,"1999","Wreck",1,"RG",20,11,"Soto Trader"
"248",248,"1999","Wreck",2,"RG",18.5,11.0909090909091,"Soto Trader"
"249",249,"1999","Wreck",3,"RG",17.5,11.9,"Soto Trader"
"250",250,"1999","Wreck",4,"RG",20.3,10,"Soto Trader"
"251",251,"1999","Wreck",5,"RG",17.5,10.9090909090909,"Soto Trader"
"252",252,"2002","Coral City",2,"ALEX",24,9.7,"Coral City"
"253",253,"2002","Coral City",6,"CARRIE",30,11.2,"Coral City"
"254",254,"2002","Coral City",7,"CARRIE",26,11.2,"Coral City"
"255",255,"2002","Coral City",8,"CARRIE",20,9.7,"Coral City"
"256",256,"2002","Coral City",1,"ERIC",27.5,8,"Coral City"
"257",257,"2002","Coral City",3,"VICTORIA",22,10.6,"Coral City"
"258",258,"2002","Coral City",4,"VICTORIA",19.5,10.6,"Coral City"
"259",259,"2002","Coral City",5,"VICTORIA",19.5,10.6,"Coral City"
"260",260,"2002","Grundys  Gardens",3,"ALEX",26,8.5,"Grundy's Gardens"
"261",261,"2002","Grundys  Gardens",11,"ALEX",25.5,7.25,"Grundy's Gardens"
"262",262,"2002","Grundys  Gardens",5,"ERC",20,8.5,"Grundy's Gardens"
"263",263,"2002","Grundys  Gardens",5,"ERIC",20,8.5,"Grundy's Gardens"
"264",264,"2002","Grundys  Gardens",4,"ERIKA",20,10,"Grundy's Gardens"
"265",265,"2002","Grundys  Gardens",6,"PATTI",13.5,9.4,"Grundy's Gardens"
"266",266,"2002","Grundys  Gardens",9,"PATTI",19,10,"Grundy's Gardens"
"267",267,"2002","Grundys  Gardens",10,"PATTI",30,10,"Grundy's Gardens"
"268",268,"2002","Grundys  Gardens",8,"VANIA",25.5,10,"Grundy's Gardens"
"269",269,"2002","Grundys  Gardens",1,"VICTORIA",15,8.5,"Grundy's Gardens"
"270",270,"2002","Grundys  Gardens",2,"VICTORIA",26.5,8.5,"Grundy's Gardens"
"271",271,"2002","Grundys  Gardens",7,"VICTORIA",40.5,7.6,"Grundy's Gardens"
"272",272,"2002","Jigsaw",6,"ALEX",24.5,12.7,"Jigsaw Puzzle"
"273",273,"2002","Jigsaw",10,"ERIC",21,10,"Jigsaw Puzzle"
"274",274,"2002","Jigsaw",4,"ERIKA",12.5,15,"Jigsaw Puzzle"
"275",275,"2002","Jigsaw",5,"ERIKA",18.5,15,"Jigsaw Puzzle"
"276",276,"2002","Jigsaw",7,"PATTI",25,12.8,"Jigsaw Puzzle"
"277",277,"2002","Jigsaw",1,"VICTORIA",30,12.5,"Jigsaw Puzzle"
"278",278,"2002","Jigsaw",2,"VICTORIA",29,12.5,"Jigsaw Puzzle"
"279",279,"2002","Jigsaw",3,"VICTORIA",24,12.5,"Jigsaw Puzzle"
"280",280,"2002","Jigsaw",8,"VICTORIA",28.5,13.4,"Jigsaw Puzzle"
"281",281,"2002","Jigsaw",9,"VICTORIA",19.5,12.8,"Jigsaw Puzzle"
"282",282,"2002","Meadows",3,"ALEX",45,3,"The Meadows"
"283",283,"2002","Meadows",7,"ALEX",44,3.5,"The Meadows"
"284",284,"2002","Meadows",4,"CARRIE",23,3,"The Meadows"
"285",285,"2002","Meadows",1,"ERIC",26,3,"The Meadows"
"286",286,"2002","Meadows",5,"ERIC",20,3.5,"The Meadows"
"287",287,"2002","Meadows",8,"ERIKA",13,3.5,"The Meadows"
"288",288,"2002","Meadows",9,"PATTI",15.5,3.5,"The Meadows"
"289",289,"2002","Meadows",2,"VICTORIA",24,3,"The Meadows"
"290",290,"2002","Meadows",6,"VICTORIA",32,3.5,"The Meadows"
"291",291,"2002","Meadows",10,"VICTORIA",37.5,3.5,"The Meadows"
"292",292,"2002","Sailfin",5,"ALEX",31,9,"Sailfin Reef"
"293",293,"2002","Sailfin",6,"ALEX",17.5,9,"Sailfin Reef"
"294",294,"2002","Sailfin",1,"ERIC",8,8,"Sailfin Reef"
"295",295,"2002","Sailfin",2,"ERIC",37.5,8,"Sailfin Reef"
"296",296,"2002","Sailfin",7,"ERIKA",17.5,10.6,"Sailfin Reef"
"297",297,"2002","Sailfin",3,"PATTI",20.5,10.6,"Sailfin Reef"
"298",298,"2002","Sailfin",4,"PATTI",18,10.6,"Sailfin Reef"
"299",299,"2002","Sailfin",11,"PATTI",15,9,"Sailfin Reef"
"300",300,"2002","Sailfin",8,"VICTORIA",30,7.9,"Sailfin Reef"
"301",301,"2002","Sailfin",9,"VICTORIA",20,8.5,"Sailfin Reef"
"302",302,"2002","Sailfin",10,"VICTORIA",18,8.5,"Sailfin Reef"
"303",303,"2003","Pauls Anchor",3,"Bill",28.5,13.1615853658333,"Paul's Anchor"
"304",304,"2003","Pauls Anchor",4,"Bill",18,13.05923345,"Paul's Anchor"
"305",305,"2003","Pauls Anchor",6,"Carrie",21,13.7,"Paul's Anchor"
"306",306,"2003","Pauls Anchor",7,"Carrie",11,13.7,"Paul's Anchor"
"307",307,"2003","Pauls Anchor",8,"Carrie",12,11.6,"Paul's Anchor"
"308",308,"2003","Pauls Anchor",1,"David",18,10,"Paul's Anchor"
"309",309,"2003","Pauls Anchor",2,"David",19,14.5571428571429,"Paul's Anchor"
"310",310,"2003","Pauls Anchor",5,"Vania",14.5,13.2,"Paul's Anchor"
"311",311,"2003","RichardsReef",3,"Alex",17,10,"Richard's Reef"
"312",312,"2003","RichardsReef",4,"Alexandra",31.3,12.2666666666667,"Richard's Reef"
"313",313,"2003","RichardsReef",10,"Bill",24,9.125,"Richard's Reef"
"314",314,"2003","RichardsReef",5,"Carrie",32,10,"Richard's Reef"
"315",315,"2003","RichardsReef",6,"Carrie",28,11,"Richard's Reef"
"316",316,"2003","RichardsReef",7,"Carrie",42,10,"Richard's Reef"
"317",317,"2003","RichardsReef",8,"Carrie",27,9,"Richard's Reef"
"318",318,"2003","RichardsReef",11,"David",24,11.9285714285714,"Richard's Reef"
"319",319,"2003","RichardsReef",1,"Joselyd",25,10,"Richard's Reef"
"320",320,"2003","RichardsReef",2,"Liz",20,12,"Richard's Reef"
"321",321,"2003","RichardsReef",9,"Vania",24,11.7,"Richard's Reef"
"322",322,"2003","Snap Shot",6,"Alexandra",22,10.9166666666667,"Snap Shot"
"323",323,"2003","Snap Shot",2,"Carrie",14,9,"Snap Shot"
"324",324,"2003","Snap Shot",3,"Carrie",17,11,"Snap Shot"
"325",325,"2003","Snap Shot",4,"Carrie",18,11,"Snap Shot"
"326",326,"2003","Snap Shot",5,"Carrie",15,11,"Snap Shot"
"327",327,"2003","Snap Shot",1,"Joselyd",34,12.5,"Snap Shot"
"328",328,"2003","Snap Shot",7,"Liz",24,7.96923076923077,"Snap Shot"
"329",329,"2003","Snap Shot",8,"Liz",18,9.94117647058824,"Snap Shot"
"330",330,"2003","Snap Shot",9,"Vania",24.5,9.7,"Snap Shot"
"331",331,"2003","West Point",7,"Alexandra",19.8,9.51818181818182,"West Point"
"332",332,"2003","West Point",3,"Bill",16.5,12,"West Point"
"333",333,"2003","West Point",4,"Carrie",20,11,"West Point"
"334",334,"2003","West Point",5,"Carrie",16,10.6,"West Point"
"335",335,"2003","West Point",6,"Carrie",9,10.6,"West Point"
"336",336,"2003","West Point",2,"David",19.5,11.9071428571429,"West Point"
"337",337,"2003","West Point",8,"Joselyd",18.5,10.9823529411765,"West Point"
"338",338,"2003","West Point",9,"Liz",13,9.8,"West Point"
"339",339,"2003","West Point",1,"Vania",18.5,11.4,"West Point"
"340",340,"2004","Coral City",6,"Carrie",28,10,"Coral City"
"341",341,"2004","Coral City",7,"Carrie",22,9.4,"Coral City"
"342",342,"2004","Coral City",8,"Carrie",19,9.7,"Coral City"
"343",343,"2004","Coral City",3,"Chris",20.5,10,"Coral City"
"344",344,"2004","Coral City",4,"Chris/Koby",15,9.7,"Coral City"
"345",345,"2004","Coral City",5,"Koby",18.5,11,"Coral City"
"346",346,"2004","Coral City",1,"Roy",20,13,"Coral City"
"347",347,"2004","Coral City",2,"Roy",6,13,"Coral City"
"348",348,"2004","Grundys  Gardens",5,"Carrie",29,7.93333333333333,"Grundy's Gardens"
"349",349,"2004","Grundys  Gardens",6,"Carrie",22,8,"Grundy's Gardens"
"350",350,"2004","Grundys  Gardens",7,"Carrie",19.5,8.8,"Grundy's Gardens"
"351",351,"2004","Grundys  Gardens",8,"Carrie",31,7.5,"Grundy's Gardens"
"352",352,"2004","Grundys  Gardens",3,"Chris",27,9,"Grundy's Gardens"
"353",353,"2004","Grundys  Gardens",4,"Chris",39,11,"Grundy's Gardens"
"354",354,"2004","Grundys  Gardens",1,"Roy",20.5,9,"Grundy's Gardens"
"355",355,"2004","Grundys  Gardens",2,"Roy",10,9,"Grundy's Gardens"
"356",356,"2004","Jigsaw",7,"Chris",5,10.6,"Jigsaw Puzzle"
"357",357,"2004","Jigsaw",8,"Chris",17,12,"Jigsaw Puzzle"
"358",358,"2004","Jigsaw",9,"Koby",15.5,11.5,"Jigsaw Puzzle"
"359",359,"2004","Jigsaw",3,"Marilyn",16,12,"Jigsaw Puzzle"
"360",360,"2004","Jigsaw",4,"Marilyn",10,10,"Jigsaw Puzzle"
"361",361,"2004","Jigsaw",5,"Marilyn",10,11.2,"Jigsaw Puzzle"
"362",362,"2004","Jigsaw",6,"Marilyn",17,11.5,"Jigsaw Puzzle"
"363",363,"2004","Jigsaw",1,"Roy",4.7,13,"Jigsaw Puzzle"
"364",364,"2004","Jigsaw",2,"Roy",8.7,13,"Jigsaw Puzzle"
"365",365,"2004","Jigsaw",10,"Vania",17.5,11.9,"Jigsaw Puzzle"
"366",366,"2004","Jigsaw",11,"Vania",13,13.7,"Jigsaw Puzzle"
"367",367,"2004","Mixing Bowl",8,"Carrie",22,14,"Sailfin Miniwall"
"368",368,"2004","Mixing Bowl",9,"Carrie",28,14,"Sailfin Miniwall"
"369",369,"2004","Mixing Bowl",1,"Chris",13,13.1,"Sailfin Miniwall"
"370",370,"2004","Mixing Bowl",2,"Chris",12,13,"Sailfin Miniwall"
"371",371,"2004","Mixing Bowl",5,"Marilyn",19,14,"Sailfin Miniwall"
"372",372,"2004","Mixing Bowl",6,"Marilyn",9.5,14,"Sailfin Miniwall"
"373",373,"2004","Mixing Bowl",7,"Marilyn",25,14,"Sailfin Miniwall"
"374",374,"2004","Mixing Bowl",3,"Roy",19.5,13,"Sailfin Miniwall"
"375",375,"2004","Mixing Bowl",4,"Roy",13.5,13,"Sailfin Miniwall"
"376",376,"2004","Pauls Anchor",9,"Carrie",18,17,"Paul's Anchor"
"377",377,"2004","Pauls Anchor",10,"Carrie",19,16,"Paul's Anchor"
"378",378,"2004","Pauls Anchor",7,"Chris",10.6,15.2,"Paul's Anchor"
"379",379,"2004","Pauls Anchor",8,"Koby",8.5,18.8,"Paul's Anchor"
"380",380,"2004","Pauls Anchor",3,"Marilyn",11.5,10,"Paul's Anchor"
"381",381,"2004","Pauls Anchor",4,"Marilyn",12,12,"Paul's Anchor"
"382",382,"2004","Pauls Anchor",5,"Marilyn",7.5,13,"Paul's Anchor"
"383",383,"2004","Pauls Anchor",2,"Roy",6,11.8,"Paul's Anchor"
"384",384,"2004","Pauls Anchor",6,"Roy",4,14,"Paul's Anchor"
"385",385,"2004","Pauls Anchor",1,"Vania",14,9.8,"Paul's Anchor"
"386",386,"2004","RichardsReef",9,"Chris",10,11,"Richard's Reef"
"387",387,"2004","RichardsReef",10,"Chris",25.5,11,"Richard's Reef"
"388",388,"2004","RichardsReef",11,"Chris",13,10,"Richard's Reef"
"389",389,"2004","RichardsReef",5,"Koby",28.5,10.6,"Richard's Reef"
"390",390,"2004","RichardsReef",6,"Koby",14.5,8.5,"Richard's Reef"
"391",391,"2004","RichardsReef",1,"Marylin",20,10.6333333333333,"Richard's Reef"
"392",392,"2004","RichardsReef",2,"Marylin",34,10.3,"Richard's Reef"
"393",393,"2004","RichardsReef",3,"Marylin",18.5,11.44375,"Richard's Reef"
"394",394,"2004","RichardsReef",4,"Marylin",29,8.8,"Richard's Reef"
"395",395,"2004","RichardsReef",7,"Roy",28.5,12,"Richard's Reef"
"396",396,"2004","RichardsReef",8,"Roy",22,13,"Richard's Reef"
"397",397,"2004","Sailfin",1,"Carrie",24,9.94117647058824,"Sailfin Reef"
"398",398,"2004","Sailfin",2,"Carrie",23,10,"Sailfin Reef"
"399",399,"2004","Sailfin",3,"Carrie",22,8.54166666666667,"Sailfin Reef"
"400",400,"2004","Sailfin",4,"Carrie",14.5,8.5,"Sailfin Reef"
"401",401,"2004","Sailfin",9,"Chris",17.7,10.6,"Sailfin Reef"
"402",402,"2004","Sailfin",10,"Chris",21.7,8.5,"Sailfin Reef"
"403",403,"2004","Sailfin",7,"Koby",11.5,10.6,"Sailfin Reef"
"404",404,"2004","Sailfin",8,"Koby",15.5,10.6,"Sailfin Reef"
"405",405,"2004","Sailfin",5,"Roy",9.5,13,"Sailfin Reef"
"406",406,"2004","Sailfin",6,"Roy",9.5,12,"Sailfin Reef"
"407",407,"2004","Snap Shot",10,"Carrie",24,10,"Snap Shot"
"408",408,"2004","Snap Shot",11,"Carrie",18,10,"Snap Shot"
"409",409,"2004","Snap Shot",4,"Chris",11.3,11.3,"Snap Shot"
"410",410,"2004","Snap Shot",3,"Koby",9,9.1,"Snap Shot"
"411",411,"2004","Snap Shot",2,"Marilyn",13,8.2,"Snap Shot"
"412",412,"2004","Snap Shot",6,"Marilyn",6.2,9,"Snap Shot"
"413",413,"2004","Snap Shot",7,"Marilyn",18,10,"Snap Shot"
"414",414,"2004","Snap Shot",8,"Marilyn",24,9.5,"Snap Shot"
"415",415,"2004","Snap Shot",9,"Marilyn",13,11,"Snap Shot"
"416",416,"2004","Snap Shot",1,"Roy",5.2,9.7,"Snap Shot"
"417",417,"2004","Snap Shot",5,"Vania",7.5,6.7,"Snap Shot"
"418",418,"2004","West Point",6,"Chris",15,12,"West Point"
"419",419,"2004","West Point",7,"Chris",5.5,11,"West Point"
"420",420,"2004","West Point",1,"Marilyn",12.5,13,"West Point"
"421",421,"2004","West Point",2,"Marilyn",11.5,11,"West Point"
"422",422,"2004","West Point",3,"Marilyn",9.5,12,"West Point"
"423",423,"2004","West Point",4,"Marilyn",11.5,12,"West Point"
"424",424,"2004","West Point",8,"Roy",12,13,"West Point"
"425",425,"2004","West Point",9,"Roy",8.2,11,"West Point"
"426",426,"2004","West Point",5,"Vania",11,10,"West Point"
"427",427,"2004","West Point",10,"Vania",19.5,11.9,"West Point"
"428",428,"2005","Coral City",5,"ALBR",13.5,11.5,"Coral City"
"429",429,"2005","Coral City",13,"JUEA",19.3,11.1,"Coral City"
"430",430,"2005","Coral City",14,"JUEA",20.5,11.3,"Coral City"
"431",431,"2005","Coral City",3,"Jo",6,11,"Coral City"
"432",432,"2005","Coral City",4,"Jo",16.5,11.3,"Coral City"
"433",433,"2005","Coral City",7,"KIJO",13.5,11.3,"Coral City"
"434",434,"2005","Coral City",8,"KIJO",16.5,11,"Coral City"
"435",435,"2005","Coral City",9,"RADE",10,11.3,"Coral City"
"436",436,"2005","Coral City",10,"RADE",24,11.5,"Coral City"
"437",437,"2005","Coral City",6,"SPTA",21,11,"Coral City"
"438",438,"2005","Coral City",1,"VACO",30.5,10.7,"Coral City"
"439",439,"2005","Coral City",2,"VACO",25,11.2,"Coral City"
"440",440,"2005","Coral City",11,"ca",41,11.3,"Coral City"
"441",441,"2005","Coral City",12,"ca",9,11,"Coral City"
"442",442,"2005","Grundys  Gardens",3,"ALBR",17,10,"Grundy's Gardens"
"443",443,"2005","Grundys  Gardens",4,"ALBR",15,10.5,"Grundy's Gardens"
"444",444,"2005","Grundys  Gardens",9,"JO",17,10.8,"Grundy's Gardens"
"445",445,"2005","Grundys  Gardens",10,"JO",17.5,10.4,"Grundy's Gardens"
"446",446,"2005","Grundys  Gardens",1,"JUEA",18,9.6,"Grundy's Gardens"
"447",447,"2005","Grundys  Gardens",2,"JUEA",29.3,10.1,"Grundy's Gardens"
"448",448,"2005","Grundys  Gardens",11,"KIJO",8.5,10,"Grundy's Gardens"
"449",449,"2005","Grundys  Gardens",12,"KIJO",10,10.1,"Grundy's Gardens"
"450",450,"2005","Grundys  Gardens",13,"RADE",15,9.9,"Grundy's Gardens"
"451",451,"2005","Grundys  Gardens",14,"RADE",12,10.6,"Grundy's Gardens"
"452",452,"2005","Grundys  Gardens",7,"SPTA",4.5,10.2,"Grundy's Gardens"
"453",453,"2005","Grundys  Gardens",8,"SPTA",12,10.6,"Grundy's Gardens"
"454",454,"2005","Grundys  Gardens",5,"VACO",24,10,"Grundy's Gardens"
"455",455,"2005","Grundys  Gardens",6,"VACO",35,10,"Grundy's Gardens"
"456",456,"2005","Pauls Anchor",7,"JO",20,13.6,"Paul's Anchor"
"457",457,"2005","Pauls Anchor",3,"JUEA",9.5,13.9,"Paul's Anchor"
"458",458,"2005","Pauls Anchor",4,"JUEA",20,14.8,"Paul's Anchor"
"459",459,"2005","Pauls Anchor",5,"SPTA",7.5,14.9,"Paul's Anchor"
"460",460,"2005","Pauls Anchor",6,"SPTA",6.5,15.2,"Paul's Anchor"
"461",461,"2005","Pauls Anchor",1,"VACO",10,14.3,"Paul's Anchor"
"462",462,"2005","Pauls Anchor",2,"VACO",20,12.3,"Paul's Anchor"
"463",463,"2005","West Point",1,"ALBR",9.5,10,"West Point"
"464",464,"2005","West Point",6,"JO",8,10.8,"West Point"
"465",465,"2005","West Point",7,"JO",11,11,"West Point"
"466",466,"2005","West Point",12,"JUEA",12.5,11.8,"West Point"
"467",467,"2005","West Point",2,"KIJO",22,10.2,"West Point"
"468",468,"2005","West Point",3,"KIJO",16.5,10.8,"West Point"
"469",469,"2005","West Point",10,"RADE",9,11.1,"West Point"
"470",470,"2005","West Point",11,"RADE",12,11,"West Point"
"471",471,"2005","West Point",8,"SPTA",9,11.1,"West Point"
"472",472,"2005","West Point",9,"SPTA",10.5,11.5,"West Point"
"473",473,"2005","West Point",4,"VACO",9,10.9,"West Point"
"474",474,"2005","West Point",5,"VACO",8.5,10.1,"West Point"
"475",475,"2006","Coral City",5,"JS",21,10.3,"Coral City"
"476",476,"2006","Coral City",6,"JS",23,10,"Coral City"
"477",477,"2006","Coral City",7,"JS2",12,10.7,"Coral City"
"478",478,"2006","Coral City",8,"JS2",19.5,9.8,"Coral City"
"479",479,"2006","Coral City",1,"RB",23,9.1,"Coral City"
"480",480,"2006","Coral City",2,"RB",13,9.1,"Coral City"
"481",481,"2006","Coral City",3,"VC",11,10.2,"Coral City"
"482",482,"2006","Coral City",4,"VC",27,9.5,"Coral City"
"483",483,"2006","Grundys  Gardens",5,"JS",16,9,"Grundy's Gardens"
"484",484,"2006","Grundys  Gardens",6,"JS",17,11,"Grundy's Gardens"
"485",485,"2006","Grundys  Gardens",7,"JS2",23.5,8.5,"Grundy's Gardens"
"486",486,"2006","Grundys  Gardens",8,"JS2",25,8.5,"Grundy's Gardens"
"487",487,"2006","Grundys  Gardens",1,"RB",13.4,6.1,"Grundy's Gardens"
"488",488,"2006","Grundys  Gardens",2,"RB",23,7,"Grundy's Gardens"
"489",489,"2006","Grundys  Gardens",3,"VC",18,7,"Grundy's Gardens"
"490",490,"2006","Grundys  Gardens",4,"VC",15,8.8,"Grundy's Gardens"
"491",491,"2006","Jigsaw",5,"JS",10.5,7.9,"Jigsaw Puzzle"
"492",492,"2006","Jigsaw",6,"JS",11.5,7.9,"Jigsaw Puzzle"
"493",493,"2006","Jigsaw",7,"JS2",20.5,9.8,"Jigsaw Puzzle"
"494",494,"2006","Jigsaw",8,"JS2",19.5,9.8,"Jigsaw Puzzle"
"495",495,"2006","Jigsaw",9,"JS2",24,9.8,"Jigsaw Puzzle"
"496",496,"2006","Jigsaw",1,"RB",17,7.6,"Jigsaw Puzzle"
"497",497,"2006","Jigsaw",2,"RB",12,7.6,"Jigsaw Puzzle"
"498",498,"2006","Jigsaw",3,"VC",25,11.3,"Jigsaw Puzzle"
"499",499,"2006","Jigsaw",4,"VC",11.5,9,"Jigsaw Puzzle"
"500",500,"2006","Mixing Bowl",1,"CM",20.5,11.6,"Sailfin Miniwall"
"501",501,"2006","Mixing Bowl",2,"CM",21,9.1,"Sailfin Miniwall"
"502",502,"2006","Mixing Bowl",6,"JS",25.5,11.6,"Sailfin Miniwall"
"503",503,"2006","Mixing Bowl",7,"JS",18.5,12.2,"Sailfin Miniwall"
"504",504,"2006","Mixing Bowl",8,"JS2",20.5,12.2,"Sailfin Miniwall"
"505",505,"2006","Mixing Bowl",3,"RB",19.5,10.7,"Sailfin Miniwall"
"506",506,"2006","Mixing Bowl",4,"RB",14,10.7,"Sailfin Miniwall"
"507",507,"2006","Mixing Bowl",5,"VC",27,13.2,"Sailfin Miniwall"
"508",508,"2006","Pauls Anchor",6,"CM",10,10.4,"Paul's Anchor"
"509",509,"2006","Pauls Anchor",7,"CM",21,14,"Paul's Anchor"
"510",510,"2006","Pauls Anchor",8,"CM",16,14,"Paul's Anchor"
"511",511,"2006","Pauls Anchor",4,"JS",14.5,13,"Paul's Anchor"
"512",512,"2006","Pauls Anchor",5,"JS",16,13,"Paul's Anchor"
"513",513,"2006","Pauls Anchor",9,"JS2",10,11.9,"Paul's Anchor"
"514",514,"2006","Pauls Anchor",9,"JS3",10,11.9,"Paul's Anchor"
"515",515,"2006","Pauls Anchor",9,"JS4",10,11.9,"Paul's Anchor"
"516",516,"2006","Pauls Anchor",9,"JS5",10,11.9,"Paul's Anchor"
"517",517,"2006","Pauls Anchor",9,"JS6",10,11.9,"Paul's Anchor"
"518",518,"2006","Pauls Anchor",3,"RB",16,10.7,"Paul's Anchor"
"519",519,"2006","Pauls Anchor",1,"VC",19,11.9,"Paul's Anchor"
"520",520,"2006","Pauls Anchor",2,"VC",9,11.9,"Paul's Anchor"
"521",521,"2006","RichardsReef",5,"JS",16,11.1,"Richard's Reef"
"522",522,"2006","RichardsReef",6,"JS",21,12,"Richard's Reef"
"523",523,"2006","RichardsReef",7,"JS2",31.5,11.3,"Richard's Reef"
"524",524,"2006","RichardsReef",8,"JS2",24.5,9.8,"Richard's Reef"
"525",525,"2006","RichardsReef",1,"RB",14.5,9.7,"Richard's Reef"
"526",526,"2006","RichardsReef",2,"RB",14.5,9.7,"Richard's Reef"
"527",527,"2006","RichardsReef",3,"VC",29.5,8.7,"Richard's Reef"
"528",528,"2006","RichardsReef",4,"VC",18,8.6,"Richard's Reef"
"529",529,"2006","Sailfin",5,"JS",18.5,8,"Sailfin Reef"
"530",530,"2006","Sailfin",6,"JS",13,9,"Sailfin Reef"
"531",531,"2006","Sailfin",7,"JS2",14.5,10.7,"Sailfin Reef"
"532",532,"2006","Sailfin",8,"JS2",13,10.4,"Sailfin Reef"
"533",533,"2006","Sailfin",1,"RB",11,8.5,"Sailfin Reef"
"534",534,"2006","Sailfin",2,"RB",9,10.7,"Sailfin Reef"
"535",535,"2006","Sailfin",3,"VC",17,9.1,"Sailfin Reef"
"536",536,"2006","Sailfin",4,"VC",15,9.4,"Sailfin Reef"
"537",537,"2006","Snap Shot",5,"JS",16.5,10,"Snap Shot"
"538",538,"2006","Snap Shot",6,"JS",17,11,"Snap Shot"
"539",539,"2006","Snap Shot",7,"JS",14.5,9.1,"Snap Shot"
"540",540,"2006","Snap Shot",8,"JS2",12.5,10.7,"Snap Shot"
"541",541,"2006","Snap Shot",1,"RB",13,10,"Snap Shot"
"542",542,"2006","Snap Shot",2,"RB",9.5,10,"Snap Shot"
"543",543,"2006","Snap Shot",3,"VC",13,11.8,"Snap Shot"
"544",544,"2006","Snap Shot",4,"VC",17.5,11.8,"Snap Shot"
"545",545,"2006","West Point",4,"JS",15,10,"West Point"
"546",546,"2006","West Point",5,"JS",14.5,10,"West Point"
"547",547,"2006","West Point",6,"JS2",17.5,12.2,"West Point"
"548",548,"2006","West Point",7,"JS2",21,11.6,"West Point"
"549",549,"2006","West Point",1,"RB",21.5,10.7,"West Point"
"550",550,"2006","West Point",2,"VC",9.72222222222222,9.9,"West Point"
"551",551,"2006","West Point",3,"VC",19,10,"West Point"
"552",552,"2007","Coral City",5,"Christine",16,10,"Coral City"
"553",553,"2007","Coral City",3,"Diana",23.8,10,"Coral City"
"554",554,"2007","Coral City",4,"Diana",19.9,10,"Coral City"
"555",555,"2007","Coral City",6,"KRISTA",27.7,10,"Coral City"
"556",556,"2007","Coral City",1,"Roy",26.2,10,"Coral City"
"557",557,"2007","Coral City",2,"Roy",11,10,"Coral City"
"558",558,"2007","Grundys  Gardens",7,"Jeremy",20.2,10,"Grundy's Gardens"
"559",559,"2007","Grundys  Gardens",8,"Jeremy",62.5,10,"Grundy's Gardens"
"560",560,"2007","Grundys  Gardens",3,"Lindsay",13.3,10,"Grundy's Gardens"
"561",561,"2007","Grundys  Gardens",4,"Lindsay",11.1,10,"Grundy's Gardens"
"562",562,"2007","Grundys  Gardens",5,"Lindsay",13.2,10,"Grundy's Gardens"
"563",563,"2007","Grundys  Gardens",6,"Lindsay",26.7,10,"Grundy's Gardens"
"564",564,"2007","Grundys  Gardens",9,"Lisa ",33,10,"Grundy's Gardens"
"565",565,"2007","Grundys  Gardens",10,"Lisa ",11.2,10,"Grundy's Gardens"
"566",566,"2007","Grundys  Gardens",11,"Max",20.4,10,"Grundy's Gardens"
"567",567,"2007","Grundys  Gardens",12,"Max",19.8,10,"Grundy's Gardens"
"568",568,"2007","Grundys  Gardens",1,"Roy",15.3,10,"Grundy's Gardens"
"569",569,"2007","Grundys  Gardens",2,"Roy",21.2,10,"Grundy's Gardens"
"570",570,"2007","Jigsaw",3,"Diana",21.4,10,"Jigsaw Puzzle"
"571",571,"2007","Jigsaw",4,"KRISTA",23,10,"Jigsaw Puzzle"
"572",572,"2007","Jigsaw",5,"KRISTA",18,10,"Jigsaw Puzzle"
"573",573,"2007","Jigsaw",6,"Kim",5.7,10,"Jigsaw Puzzle"
"574",574,"2007","Jigsaw",7,"Kim",10.4,10,"Jigsaw Puzzle"
"575",575,"2007","Jigsaw",8,"Max",3.1,10,"Jigsaw Puzzle"
"576",576,"2007","Jigsaw",9,"Max",8.4,10,"Jigsaw Puzzle"
"577",577,"2007","Jigsaw",1,"Roy",13.2,10,"Jigsaw Puzzle"
"578",578,"2007","Jigsaw",2,"Roy",15.3,10,"Jigsaw Puzzle"
"579",579,"2007","Pauls Anchor",4,"Diana",17.8,10,"Paul's Anchor"
"580",580,"2007","Pauls Anchor",9,"KRISTA",14,10,"Paul's Anchor"
"581",581,"2007","Pauls Anchor",8,"Kim",3.1,10,"Paul's Anchor"
"582",582,"2007","Pauls Anchor",5,"Lindsay",17,10,"Paul's Anchor"
"583",583,"2007","Pauls Anchor",3,"Lisa ",15.5,10,"Paul's Anchor"
"584",584,"2007","Pauls Anchor",10,"Max",10,10,"Paul's Anchor"
"585",585,"2007","Pauls Anchor",1,"Roy",20.6,10,"Paul's Anchor"
"586",586,"2007","Pauls Anchor",6,"Sara",12.9,10,"Paul's Anchor"
"587",587,"2007","Pauls Anchor",2,"Vania",12,10,"Paul's Anchor"
"588",588,"2007","Pauls Anchor",7,"jeremy ",2.8,10,"Paul's Anchor"
"589",589,"2007","Sailfin",5,"Diana",17.3,10,"Sailfin Reef"
"590",590,"2007","Sailfin",6,"Diana",20,10,"Sailfin Reef"
"591",591,"2007","Sailfin",7,"KRISTA",17,10,"Sailfin Reef"
"592",592,"2007","Sailfin",8,"KRISTA",16.5,10,"Sailfin Reef"
"593",593,"2007","Sailfin",3,"Kim",3.9,10,"Sailfin Reef"
"594",594,"2007","Sailfin",4,"Kim",6.6,10,"Sailfin Reef"
"595",595,"2007","Sailfin",1,"Roy",7.6,10,"Sailfin Reef"
"596",596,"2007","Sailfin",2,"Roy",11,10,"Sailfin Reef"
"597",597,"2007","Sailfin",9,"christine",15.5,10,"Sailfin Reef"
"598",598,"2007","Sailfin",10,"christine",15,10,"Sailfin Reef"
"599",599,"2007","Snap Shot",6,"Diana",19.5,10,"Snap Shot"
"600",600,"2007","Snap Shot",3,"KRISTA",23.5,10,"Snap Shot"
"601",601,"2007","Snap Shot",4,"Kim",23.5,10,"Snap Shot"
"602",602,"2007","Snap Shot",5,"Kim",25.5,10,"Snap Shot"
"603",603,"2007","Snap Shot",1,"Roy",7.9,10,"Snap Shot"
"604",604,"2007","Snap Shot",2,"Roy",7.6,10,"Snap Shot"
"605",605,"2007","Snap Shot",7,"christine",23.3,10,"Snap Shot"
"606",606,"2007","West Point",3,"Carey",10.8,10,"West Point"
"607",607,"2007","West Point",4,"Carey",14.7,10,"West Point"
"608",608,"2007","West Point",5,"Diana",7,10,"West Point"
"609",609,"2007","West Point",11,"Ethan",3.9,10,"West Point"
"610",610,"2007","West Point",12,"Ethan",6.5,10,"West Point"
"611",611,"2007","West Point",15,"Jeremy",9,10,"West Point"
"612",612,"2007","West Point",13,"KRISTA",21.6,10,"West Point"
"613",613,"2007","West Point",14,"Kim",7.2,10,"West Point"
"614",614,"2007","West Point",6,"Lindsay",5.8,10,"West Point"
"615",615,"2007","West Point",7,"Lindsay",18.6,10,"West Point"
"616",616,"2007","West Point",8,"Max",5.9,10,"West Point"
"617",617,"2007","West Point",9,"Max",8.2,10,"West Point"
"618",618,"2007","West Point",1,"Roy",8.6,10,"West Point"
"619",619,"2007","West Point",2,"Roy",12.1,10,"West Point"
"620",620,"2007","West Point",10,"Sara",11.6,10,"West Point"
"621",621,"2009","Coral City",1,"CD",19.1,10,"Coral City"
"622",622,"2009","Coral City",2,"CD",18.5,10,"Coral City"
"623",623,"2009","Coral City",3,"CD",19.3,9,"Coral City"
"624",624,"2009","Coral City",4,"CD",17.7,9,"Coral City"
"625",625,"2009","Grundys  Gardens",1,"CD",10.4,7.5,"Grundy's Gardens"
"626",626,"2009","Grundys  Gardens",2,"CD",16.4,10.5,"Grundy's Gardens"
"627",627,"2009","Grundys  Gardens",3,"CD",15.2,9,"Grundy's Gardens"
"628",628,"2009","Grundys  Gardens",4,"CD",33.4,10,"Grundy's Gardens"
"629",629,"2009","Grundys  Gardens",5,"CD",17.3,10.4,"Grundy's Gardens"
"630",630,"2009","Grundys  Gardens",6,"CD",16.3,9.2,"Grundy's Gardens"
"631",631,"2009","Grundys  Gardens",7,"CD",21.8,11.2,"Grundy's Gardens"
"632",632,"2009","Jigsaw",1,"CD",11.9,9,"Jigsaw Puzzle"
"633",633,"2009","Jigsaw",2,"CD",8.9,11,"Jigsaw Puzzle"
"634",634,"2009","Jigsaw",3,"CD",9,10.6,"Jigsaw Puzzle"
"635",635,"2009","Jigsaw",4,"CD",7.4,10,"Jigsaw Puzzle"
"636",636,"2009","Jigsaw",8,"CD",13.5,11,"Jigsaw Puzzle"
"637",637,"2009","Jigsaw",10,"CD",10.1,10.5,"Jigsaw Puzzle"
"638",638,"2009","Jigsaw",5,"KW",22.8,10,"Jigsaw Puzzle"
"639",639,"2009","Jigsaw",6,"KW",6.5,10,"Jigsaw Puzzle"
"640",640,"2009","Jigsaw",7,"KW",9.3,10.5,"Jigsaw Puzzle"
"641",641,"2009","Jigsaw",9,"KW",19.6,11,"Jigsaw Puzzle"
"642",642,"2009","Meadows",1,"CD",34.9,4,"The Meadows"
"643",643,"2009","Meadows",2,"CD",25.2,5,"The Meadows"
"644",644,"2009","Meadows",6,"CD",17.2,9.2,"The Meadows"
"645",645,"2009","Meadows",7,"CD",45.1,5.2,"The Meadows"
"646",646,"2009","Meadows",3,"KW",14.1,5,"The Meadows"
"647",647,"2009","Meadows",4,"KW",36.9,5.5,"The Meadows"
"648",648,"2009","Meadows",5,"KW",19.2,4.5,"The Meadows"
"649",649,"2009","Mixing Bowl",1,"CD",12,12,"Sailfin Miniwall"
"650",650,"2009","Mixing Bowl",2,"CD",12.2,12,"Sailfin Miniwall"
"651",651,"2009","Mixing Bowl",5,"CD",8.6,5.3,"Sailfin Miniwall"
"652",652,"2009","Mixing Bowl",6,"CD",23.2,12.7,"Sailfin Miniwall"
"653",653,"2009","Mixing Bowl",3,"KW",17.8,12,"Sailfin Miniwall"
"654",654,"2009","Mixing Bowl",4,"KW",16.2,12.5,"Sailfin Miniwall"
"655",655,"2009","RichardsReef",1,"CD",4.8,9,"Richard's Reef"
"656",656,"2009","RichardsReef",2,"CD",11.6,9.6,"Richard's Reef"
"657",657,"2009","RichardsReef",5,"CD",25.7,10,"Richard's Reef"
"658",658,"2009","RichardsReef",6,"CD",17.1,13,"Richard's Reef"
"659",659,"2009","RichardsReef",3,"KW",32.6,10,"Richard's Reef"
"660",660,"2009","RichardsReef",4,"KW",23,9.5,"Richard's Reef"
"661",661,"2009","RichardsReef",7,"KW",11,10,"Richard's Reef"
"662",662,"2009","RichardsReef",8,"KW",22.6,10.5,"Richard's Reef"
"663",663,"2009","Sailfin",1,"CD",17.8,8,"Sailfin Reef"
"664",664,"2009","Sailfin",2,"CD",11.9,12,"Sailfin Reef"
"665",665,"2009","Sailfin",3,"CD",7,13,"Sailfin Reef"
"666",666,"2009","Sailfin",4,"KW",21.1,7.5,"Sailfin Reef"
"667",667,"2009","Sailfin",5,"KW",7.7,10,"Sailfin Reef"
"668",668,"2009","Sailfin",6,"KW",15.5,8,"Sailfin Reef"
"669",669,"2009","Snap Shot",1,"CD",15.5,10,"Snap Shot"
"670",670,"2009","Snap Shot",2,"CD",11.1,10,"Snap Shot"
"671",671,"2009","Snap Shot",3,"KW",8.2,9,"Snap Shot"
"672",672,"2009","Snap Shot",4,"KW",13.2,10,"Snap Shot"
"673",673,"2009","West Point",1,"CD",16,10.7,"West Point"
"674",674,"2009","West Point",2,"CD",10.5,11,"West Point"
"675",675,"2009","West Point",3,"CD",10.9,12,"West Point"
"676",676,"2009","West Point",4,"CD",10.1,11,"West Point"
"677",677,"2009","West Point",5,"CD",15.2,11,"West Point"
"678",678,"2009","West Point",7,"CD",17.3,14.7,"West Point"
"679",679,"2009","West Point",5,"KW",15.2,11,"West Point"
"680",680,"2009","West Point",6,"KW",8.6,13,"West Point"
"681",681,"2010","Coral City",1,"aw",20,10.05,"Coral City"
"682",682,"2010","Coral City",2,"aw",31.3,9.14,"Coral City"
"683",683,"2010","Coral City",3,"aw",24,8.61,"Coral City"
"684",684,"2010","Coral City",4,"aw",45.9,9.14,"Coral City"
"685",685,"2010","Coral City",5,"aw",36.4,9.75,"Coral City"
"686",686,"2010","Coral City",6,"aw",4.3,10.05,"Coral City"
"687",687,"2010","Coral City",7,"fm",21,8.83,"Coral City"
"688",688,"2010","Coral City",8,"fm",17,9.75,"Coral City"
"689",689,"2010","Coral City",9,"fm",19,11.58,"Coral City"
"690",690,"2010","Coral City",10,"fm",22.7,13.1,"Coral City"
"691",691,"2010","Coral City",11,"fm",24,12.8,"Coral City"
"692",692,"2010","Coral City",12,"fm",16.3,13,"Coral City"
"693",693,"2010","Grundys  Gardens",1,"aw",20,7.3,"Grundy's Gardens"
"694",694,"2010","Grundys  Gardens",2,"aw",31.3,7.5,"Grundy's Gardens"
"695",695,"2010","Grundys  Gardens",3,"aw",24,9.75,"Grundy's Gardens"
"696",696,"2010","Grundys  Gardens",4,"aw",45.9,10,"Grundy's Gardens"
"697",697,"2010","Grundys  Gardens",5,"aw",36.4,7.5,"Grundy's Gardens"
"698",698,"2010","Grundys  Gardens",6,"aw",17.2,7.5,"Grundy's Gardens"
"699",699,"2010","Grundys  Gardens",7,"fm",21,7.62,"Grundy's Gardens"
"700",700,"2010","Grundys  Gardens",8,"fm",17,9.75,"Grundy's Gardens"
"701",701,"2010","Grundys  Gardens",9,"fm",19,8.7,"Grundy's Gardens"
"702",702,"2010","Grundys  Gardens",10,"fm",22.7,8,"Grundy's Gardens"
"703",703,"2010","Grundys  Gardens",11,"fm",24,8,"Grundy's Gardens"
"704",704,"2010","Grundys  Gardens",12,"fm",16.3,8.7,"Grundy's Gardens"
"705",705,"2010","Jigsaw",1,"aw",24,12.8,"Jigsaw Puzzle"
"706",706,"2010","Jigsaw",2,"aw",18.4,12.12,"Jigsaw Puzzle"
"707",707,"2010","Jigsaw",3,"aw",33,11.89,"Jigsaw Puzzle"
"708",708,"2010","Jigsaw",4,"aw",15.6,10.05,"Jigsaw Puzzle"
"709",709,"2010","Jigsaw",5,"aw",32,10.05,"Jigsaw Puzzle"
"710",710,"2010","Jigsaw",6,"fm",23.7,12.12,"Jigsaw Puzzle"
"711",711,"2010","Jigsaw",7,"fm",21,11.7,"Jigsaw Puzzle"
"712",712,"2010","Jigsaw",8,"fm",37,11.58,"Jigsaw Puzzle"
"713",713,"2010","Jigsaw",9,"fm",19.2,9.14,"Jigsaw Puzzle"
"714",714,"2010","Meadows",1,"aw",34.7,6,"The Meadows"
"715",715,"2010","Meadows",2,"aw",23.5,6,"The Meadows"
"716",716,"2010","Meadows",3,"aw",12,5.6,"The Meadows"
"717",717,"2010","Meadows",4,"aw",21.6,6,"The Meadows"
"718",718,"2010","Meadows",5,"aw",43.3,6.2,"The Meadows"
"719",719,"2010","Meadows",6,"aw",57.3,6.2,"The Meadows"
"720",720,"2010","Meadows",7,"fm",52,6.4,"The Meadows"
"721",721,"2010","Meadows",8,"fm",31,6,"The Meadows"
"722",722,"2010","Meadows",9,"fm",52.5,7,"The Meadows"
"723",723,"2010","Meadows",10,"fm",32,6.8,"The Meadows"
"724",724,"2010","Pauls Anchor",1,"AW",22,12.7538461538462,"Paul's Anchor"
"725",725,"2010","Pauls Anchor",2,"aw",24.7,11.75,"Paul's Anchor"
"726",726,"2010","Pauls Anchor",3,"aw",8.2,11.7818181818182,"Paul's Anchor"
"727",727,"2010","Pauls Anchor",4,"aw",17,10.175,"Paul's Anchor"
"728",728,"2010","Pauls Anchor",5,"aw",30,10,"Paul's Anchor"
"729",729,"2010","Pauls Anchor",6,"fm",19,11.3,"Paul's Anchor"
"730",730,"2010","Pauls Anchor",7,"fm",12,11.0352941176471,"Paul's Anchor"
"731",731,"2010","Pauls Anchor",8,"fm",14,12.1,"Paul's Anchor"
"732",732,"2010","Pauls Anchor",9,"fm",9,10.6,"Paul's Anchor"
"733",733,"2010","Pauls Anchor",10,"fm",16.2,10.3,"Paul's Anchor"
"734",734,"2010","West Point",1,"aw",8,10.97,"West Point"
"735",735,"2010","West Point",2,"aw",2,10.97,"West Point"
"736",736,"2010","West Point",3,"aw",5,10.97,"West Point"
"737",737,"2010","West Point",4,"aw",7.1,11,"West Point"
"738",738,"2010","West Point",5,"aw",9.1,12.2,"West Point"
"739",739,"2010","West Point",6,"aw",14,12.8,"West Point"
"740",740,"2010","West Point",7,"fm",12,12,"West Point"
"741",741,"2010","West Point",8,"fm",27,12.2,"West Point"
"742",742,"2010","West Point",9,"fm",19,11.8,"West Point"
"743",743,"2011","Coral City",4,"CM",19.1,9.4,"Coral City"
"744",744,"2011","Coral City",5,"CM",44.5,9.4,"Coral City"
"745",745,"2011","Coral City",6,"CM",34.7,9.6,"Coral City"
"746",746,"2011","Coral City",1,"EC",31.3,10.1,"Coral City"
"747",747,"2011","Coral City",2,"EC",13.4,9.5,"Coral City"
"748",748,"2011","Coral City",3,"EC",12,9,"Coral City"
"749",749,"2011","Grundys  Gardens",3,"CM",29.5,6.1,"Grundy's Gardens"
"750",750,"2011","Grundys  Gardens",4,"CM",22,9.1,"Grundy's Gardens"
"751",751,"2011","Grundys  Gardens",5,"CM",42,7.9,"Grundy's Gardens"
"752",752,"2011","Grundys  Gardens",1,"EC",25.6,8.1,"Grundy's Gardens"
"753",753,"2011","Grundys  Gardens",2,"EC",31,7,"Grundy's Gardens"
"754",754,"2011","Jigsaw",1,"CM",25,13.4,"Jigsaw Puzzle"
"755",755,"2011","Jigsaw",2,"CM",38.4,13,"Jigsaw Puzzle"
"756",756,"2011","Jigsaw",3,"CM",23.5,9.1,"Jigsaw Puzzle"
"757",757,"2011","Jigsaw",4,"EC",19.8,12.9,"Jigsaw Puzzle"
"758",758,"2011","Jigsaw",5,"EC",12.3,11.2,"Jigsaw Puzzle"
"759",759,"2011","Jigsaw",6,"EC",31,10,"Jigsaw Puzzle"
"760",760,"2011","Meadows",1,"EC",20,4.5,"The Meadows"
"761",761,"2011","Meadows",2,"EC",25,5,"The Meadows"
"762",762,"2011","Meadows",3,"EC",34,5,"The Meadows"
"763",763,"2011","Meadows",4,"EC",35,5.6,"The Meadows"
"764",764,"2011","Meadows",5,"ec",45,6.1,"The Meadows"
"765",765,"2011","Meadows",6,"ec",40.7,6.9,"The Meadows"
"766",766,"2011","Mixing Bowl",1,"CM",19,15.2,"Sailfin Miniwall"
"767",767,"2011","Mixing Bowl",2,"CM",24,14,"Sailfin Miniwall"
"768",768,"2011","Mixing Bowl",3,"CM",33,12.2,"Sailfin Miniwall"
"769",769,"2011","Mixing Bowl",4,"EC",29,13.8,"Sailfin Miniwall"
"770",770,"2011","Mixing Bowl",5,"EC",17.5,13.6,"Sailfin Miniwall"
"771",771,"2011","Mixing Bowl",6,"EC",19,12.6,"Sailfin Miniwall"
"772",772,"2011","Pauls Anchor",1,"EC",22,15.6,"Paul's Anchor"
"773",773,"2011","Pauls Anchor",2,"EC",25,15.9,"Paul's Anchor"
"774",774,"2011","Pauls Anchor",3,"EC",22.5,17.3,"Paul's Anchor"
"775",775,"2011","Pauls Anchor",4,"EC",19.4,14,"Paul's Anchor"
"776",776,"2011","Pauls Anchor",5,"EC",16.5,11.2,"Paul's Anchor"
"777",777,"2011","Pauls Anchor",6,"EC",17.5,10,"Paul's Anchor"
"778",778,"2011","Sailfin",4,"CM",20.3,9.4,"Sailfin Reef"
"779",779,"2011","Sailfin",5,"CM",22.7,9.1,"Sailfin Reef"
"780",780,"2011","Sailfin",6,"CM",18.7,8.5,"Sailfin Reef"
"781",781,"2011","Sailfin",1,"EC",12.2,10,"Sailfin Reef"
"782",782,"2011","Sailfin",2,"EC",17.7,9.8,"Sailfin Reef"
"783",783,"2011","Sailfin",3,"EC",13.4,7.1,"Sailfin Reef"
"784",784,"2011","Snap Shot",4,"CM",12.9,9.7,"Snap Shot"
"785",785,"2011","Snap Shot",5,"CM",25,9.1,"Snap Shot"
"786",786,"2011","Snap Shot",6,"CM",28,8.5,"Snap Shot"
"787",787,"2011","Snap Shot",1,"EC",16.9,8.6,"Snap Shot"
"788",788,"2011","Snap Shot",2,"EC",13.9,8.6,"Snap Shot"
"789",789,"2011","Snap Shot",3,"EC",18.2,8.4,"Snap Shot"
"790",790,"2011","West Point",3,"CM",33,11.2,"West Point"
"791",791,"2011","West Point",4,"CM",33.5,11.2,"West Point"
"792",792,"2011","West Point",5,"CM",19,10.3,"West Point"
"793",793,"2011","West Point",6,"CM",16,10.3,"West Point"
"794",794,"2011","West Point",1,"EC",21.3,10.6,"West Point"
"795",795,"2011","West Point",2,"EC",34,11.8,"West Point"
"796",796,"2012","Anns Attic",1,"Kristi Foster",9.7,6,"Three Fathom Wall"
"797",797,"2012","Anns Attic",2,"Kristi Foster",8,6,"Three Fathom Wall"
"798",798,"2012","Anns Attic",3,"Kristi Foster",5.5,6,"Three Fathom Wall"
"799",799,"2012","Anns Attic",4,"Kristi Foster",3.9,6,"Three Fathom Wall"
"800",800,"2012","Anns Attic",5,"Kristi Foster",10.5,6,"Three Fathom Wall"
"801",801,"2012","Anns Attic",6,"Kristi Foster",4.7,6,"Three Fathom Wall"
"802",802,"2012","Black Tip Tunnels",4,"EFC",18.7,25,"Blacktip Blvd."
"803",803,"2012","Black Tip Tunnels",5,"EFC",17.6,25,"Blacktip Blvd."
"804",804,"2012","Black Tip Tunnels",6,"EFC",19.3,25,"Blacktip Blvd."
"805",805,"2012","Black Tip Tunnels",1,"KEL",25,25,"Blacktip Blvd."
"806",806,"2012","Black Tip Tunnels",2,"KEL",20.7,25,"Blacktip Blvd."
"807",807,"2012","Black Tip Tunnels",3,"KEL",14,25,"Blacktip Blvd."
"808",808,"2012","Coral City",1,"EFC",28,9.4,"Coral City"
"809",809,"2012","Coral City",2,"EFC",21,10,"Coral City"
"810",810,"2012","Coral City",3,"EFC",25.1,8.7,"Coral City"
"811",811,"2012","Coral City",4,"KEL",48,9.5,"Coral City"
"812",812,"2012","Coral City",5,"KEL",27,9.1,"Coral City"
"813",813,"2012","Coral City",6,"KEL",21.5,9.5,"Coral City"
"814",814,"2012","Grundys  Gardens",1,"EFC",43.5,7,"Grundy's Gardens"
"815",815,"2012","Grundys  Gardens",2,"EFC",24,9.5,"Grundy's Gardens"
"816",816,"2012","Grundys  Gardens",3,"EFC",46.9,9,"Grundy's Gardens"
"817",817,"2012","Grundys  Gardens",4,"KEL",33,7.6,"Grundy's Gardens"
"818",818,"2012","Grundys  Gardens",5,"KEL",30,8.5,"Grundy's Gardens"
"819",819,"2012","Grundys  Gardens",6,"KEL",32,7.3,"Grundy's Gardens"
"820",820,"2012","Icon",1,"EFC",23.4,9,"Icon"
"821",821,"2012","Icon",2,"EFC",20.5,8.9,"Icon"
"822",822,"2012","Icon",3,"EFC",32.2,8.8,"Icon"
"823",823,"2012","Icon",4,"EFC",22.1,8.8,"Icon"
"824",824,"2012","Icon",5,"EFC",18.6,8.5,"Icon"
"825",825,"2012","Icon",6,"EFC",16.8,8.5,"Icon"
"826",826,"2012","Jigsaw",1,"EFC",24,12.8,"Jigsaw Puzzle"
"827",827,"2012","Jigsaw",2,"EFC",23.4,16,"Jigsaw Puzzle"
"828",828,"2012","Jigsaw",3,"EFC",21.1,13.1,"Jigsaw Puzzle"
"829",829,"2012","Jigsaw",4,"KEL",10.5,12,"Jigsaw Puzzle"
"830",830,"2012","Jigsaw",5,"KEL",16.8,11.5,"Jigsaw Puzzle"
"831",831,"2012","Jigsaw",6,"KEL",19.2,12,"Jigsaw Puzzle"
"832",832,"2012","Meadows",1,"EFC",40.7,5,"The Meadows"
"833",833,"2012","Meadows",5,"EFC",28,6,"The Meadows"
"834",834,"2012","Meadows",6,"EFC",39.6,6,"The Meadows"
"835",835,"2012","Meadows",2,"KEL",30,5,"The Meadows"
"836",836,"2012","Meadows",3,"KEL",35.1,5,"The Meadows"
"837",837,"2012","Meadows",4,"KEL",36,5,"The Meadows"
"838",838,"2012","Mixing Bowl",1,"EFC",33,12,"Sailfin Miniwall"
"839",839,"2012","Mixing Bowl",2,"EFC",39.8,9,"Sailfin Miniwall"
"840",840,"2012","Mixing Bowl",3,"EFC",39.1,6,"Sailfin Miniwall"
"841",841,"2012","Mixing Bowl",4,"KEL",29.6,12,"Sailfin Miniwall"
"842",842,"2012","Mixing Bowl",5,"KEL",21.4,12,"Sailfin Miniwall"
"843",843,"2012","Mixing Bowl",6,"KEL",31,6,"Sailfin Miniwall"
"844",844,"2012","Pauls Anchor",1,"EFC",23,11,"Paul's Anchor"
"845",845,"2012","Pauls Anchor",2,"EFC",22.6,12.5,"Paul's Anchor"
"846",846,"2012","Pauls Anchor",3,"EFC",16.3,11.9,"Paul's Anchor"
"847",847,"2012","Pauls Anchor",4,"KEL",12,11,"Paul's Anchor"
"848",848,"2012","Pauls Anchor",5,"KEL",4,11,"Paul's Anchor"
"849",849,"2012","Pauls Anchor",6,"KEL",7.2,13,"Paul's Anchor"
"850",850,"2012","Rock Bottom",4,"EFC",36,6,"Rock Bottom Wall"
"851",851,"2012","Rock Bottom",5,"EFC",21,6,"Rock Bottom Wall"
"852",852,"2012","Rock Bottom",6,"EFC",20,6,"Rock Bottom Wall"
"853",853,"2012","Rock Bottom",1,"KEL",21,6,"Rock Bottom Wall"
"854",854,"2012","Rock Bottom",2,"KEL",14,6,"Rock Bottom Wall"
"855",855,"2012","Rock Bottom",3,"KEL",18,6,"Rock Bottom Wall"
"856",856,"2012","Sailfin",1,"KEL",20,9,"Sailfin Reef"
"857",857,"2012","Sailfin",2,"KEL",24,9.7,"Sailfin Reef"
"858",858,"2012","Sailfin",3,"KEL",18.1,10.3,"Sailfin Reef"
"859",859,"2012","Sailfin",4,"KEL",33.3,7.9,"Sailfin Reef"
"860",860,"2012","Sailfin",5,"KEL",16.5,6.8,"Sailfin Reef"
"861",861,"2012","Sailfin",6,"KEL",26.1,9.1,"Sailfin Reef"
"862",862,"2012","Snap Shot",4,"EFC",30.7,12.5,"Snap Shot"
"863",863,"2012","Snap Shot",5,"EFC",24.7,11.5,"Snap Shot"
"864",864,"2012","Snap Shot",6,"EFC",22.7,10.8,"Snap Shot"
"865",865,"2012","Snap Shot",1,"KEL",17,11,"Snap Shot"
"866",866,"2012","Snap Shot",2,"KEL",21,11.5,"Snap Shot"
"867",867,"2012","Snap Shot",3,"KEL",14.1,11.5,"Snap Shot"
"868",868,"2012","West Point",1,"EFC",20.2,11,"West Point"
"869",869,"2012","West Point",2,"EFC",27.2,11,"West Point"
"870",870,"2012","West Point",3,"EFC",19.3,11,"West Point"
"871",871,"2012","West Point",4,"KEL",24.5,10.3,"West Point"
"872",872,"2012","West Point",5,"KEL",13.8,10.3,"West Point"
"873",873,"2012","West Point",6,"KEL",31.8,10.3,"West Point"
"874",874,"2013","Coral City",5,"K. Foster",23.8,9.7,"Coral City"
"875",875,"2013","Coral City",6,"K. Foster",18.3,9.7,"Coral City"
"876",876,"2013","Coral City",1,"K. Lohr",38.1,10.6,"Coral City"
"877",877,"2013","Coral City",2,"K. Lohr",26,11,"Coral City"
"878",878,"2013","Coral City",3,"S. Bejarano",26.9,10.7,"Coral City"
"879",879,"2013","Coral City",4,"S. Bejarano",16.1,11,"Coral City"
"880",880,"2013","Grundys  Gardens",7,"K. Foster",9.7,8,"Grundy's Gardens"
"881",881,"2013","Grundys  Gardens",8,"K. Foster",27.7,9,"Grundy's Gardens"
"882",882,"2013","Grundys  Gardens",1,"K. Lohr",42.9,9.7,"Grundy's Gardens"
"883",883,"2013","Grundys  Gardens",2,"K. Lohr",35.4,9.7,"Grundy's Gardens"
"884",884,"2013","Grundys  Gardens",3,"K. Lohr",29.5,9.7,"Grundy's Gardens"
"885",885,"2013","Grundys  Gardens",4,"S. Bejarano",13.5,9.7,"Grundy's Gardens"
"886",886,"2013","Grundys  Gardens",5,"S. Bejarano",27.1,9.7,"Grundy's Gardens"
"887",887,"2013","Grundys  Gardens",6,"S. Bejarano",18.2,9.7,"Grundy's Gardens"
"888",888,"2013","Icon Reef",3,"E. Camp",19,8,"Icon"
"889",889,"2013","Icon Reef",4,"E. Camp",16,9,"Icon"
"890",890,"2013","Icon Reef",1,"K. Lohr",20.7,9.8,"Icon"
"891",891,"2013","Icon Reef",2,"K. Lohr",26,9.8,"Icon"
"892",892,"2013","Icon Reef",5,"S. Bejarano",5.9,8.5,"Icon"
"893",893,"2013","Icon Reef",6,"S. Bejarano",7.4,8.5,"Icon"
"894",894,"2013","Jigsaw",6,"CM",45.1,10,"Jigsaw Puzzle"
"895",895,"2013","Jigsaw",7,"CM",13.5,11.4,"Jigsaw Puzzle"
"896",896,"2013","Jigsaw",1,"K. Lohr",14.7,13,"Jigsaw Puzzle"
"897",897,"2013","Jigsaw",2,"K. Lohr",20.2,13,"Jigsaw Puzzle"
"898",898,"2013","Jigsaw",3,"S. Bejarano",28.4,12,"Jigsaw Puzzle"
"899",899,"2013","Jigsaw",4,"S. Bejarano",13.3,12,"Jigsaw Puzzle"
"900",900,"2013","Jigsaw",5,"S. Hamilton",18.3,14,"Jigsaw Puzzle"
"901",901,"2013","Meadows",1,"K. Lohr",35.2,6,"The Meadows"
"902",902,"2013","Meadows",2,"K. Lohr",22.6,6,"The Meadows"
"903",903,"2013","Meadows",3,"K. Lohr",24,6,"The Meadows"
"904",904,"2013","Meadows",4,"S. Bejarano",45,6,"The Meadows"
"905",905,"2013","Meadows",5,"S. Bejarano",17.4,6,"The Meadows"
"906",906,"2013","Meadows",6,"S. Hamilton",34.4,6,"The Meadows"
"907",907,"2013","Mixing Bowl",3,"E. Camp",28,14,"Sailfin Miniwall"
"908",908,"2013","Mixing Bowl",4,"E. Camp",15,10.7,"Sailfin Miniwall"
"909",909,"2013","Mixing Bowl",1,"K. Lohr",33.8,13,"Sailfin Miniwall"
"910",910,"2013","Mixing Bowl",2,"K. Lohr",15.9,9,"Sailfin Miniwall"
"911",911,"2013","Mixing Bowl",7,"K. Lohr",26.7,14,"Sailfin Miniwall"
"912",912,"2013","Mixing Bowl",8,"K. Lohr",29.8,14,"Sailfin Miniwall"
"913",913,"2013","Mixing Bowl",5,"S. Bejarano",19.6,14,"Sailfin Miniwall"
"914",914,"2013","Mixing Bowl",6,"S. Bejarano",8.9,10.7,"Sailfin Miniwall"
"915",915,"2013","Pauls Anchor",1,"K. Lohr",11.9,11.6,"Paul's Anchor"
"916",916,"2013","Pauls Anchor",2,"K. Lohr",11.5,11.6,"Paul's Anchor"
"917",917,"2013","Pauls Anchor",3,"S. Bejarano",8.9,12,"Paul's Anchor"
"918",918,"2013","Pauls Anchor",4,"S. Bejarano",12.4,12,"Paul's Anchor"
"919",919,"2013","Pauls Anchor",5,"S. Hamilton",28.8,12,"Paul's Anchor"
"920",920,"2013","Pauls Anchor",6,"S. Hamilton",15.7,12,"Paul's Anchor"
"921",921,"2013","Sailfin",1,"K. Lohr",8.4,10,"Sailfin Reef"
"922",922,"2013","Sailfin",2,"K. Lohr",8,10,"Sailfin Reef"
"923",923,"2013","Sailfin",3,"K. Lohr",19.8,10,"Sailfin Reef"
"924",924,"2013","Sailfin",4,"S. Bejarano",9.1,10,"Sailfin Reef"
"925",925,"2013","Sailfin",5,"S. Bejarano",5.7,10,"Sailfin Reef"
"926",926,"2013","Sailfin",6,"S. Bejarano",8.4,10,"Sailfin Reef"
"927",927,"2013","Snap Shot",1,"K. Lohr",12.4,11,"Snap Shot"
"928",928,"2013","Snap Shot",2,"K. Lohr",12.2,11,"Snap Shot"
"929",929,"2013","Snap Shot",3,"K. Lohr",9.4,11,"Snap Shot"
"930",930,"2013","Snap Shot",7,"K. Lohr",22.8,11,"Snap Shot"
"931",931,"2013","Snap Shot",8,"K. Lohr",14.6,10,"Snap Shot"
"932",932,"2013","Snap Shot",4,"S. Bejarano",8.8,11,"Snap Shot"
"933",933,"2013","Snap Shot",5,"S. Bejarano",8.4,11,"Snap Shot"
"934",934,"2013","Snap Shot",6,"S. Bejarano",14.5,11,"Snap Shot"
"935",935,"2013","West Point",5,"K. Foster",12.4,11.2,"West Point"
"936",936,"2013","West Point",6,"K. Foster",25.4,11.2,"West Point"
"937",937,"2013","West Point",1,"K. Lohr",9.5,11.5,"West Point"
"938",938,"2013","West Point",2,"K. Lohr",18.1,11.5,"West Point"
"939",939,"2013","West Point",3,"K. Lohr",16.1,11.5,"West Point"
"940",940,"2013","West Point",7,"K. Lohr",16,12,"West Point"
"941",941,"2013","West Point",8,"K. Lohr",19,12,"West Point"
"942",942,"2013","West Point",9,"K. Lohr",17,12,"West Point"
"943",943,"2013","West Point",10,"K. Lohr",24.8,12,"West Point"
"944",944,"2013","West Point",11,"K. Lohr",13.3,12,"West Point"
"945",945,"2013","West Point",1,"S. Bejarano",8.4,11.5,"West Point"
"946",946,"2013","West Point",2,"S. Bejarano",10.4,11.5,"West Point"
"947",947,"2013","West Point",3,"S. Bejarano",3.9,11.5,"West Point"
"948",948,"2013","West Point",4,"S. Bejarano",11.6,11.5,"West Point"
"949",949,"2014","Black Tip Tunnels",1,"J. Binstein",4.9,15,"Blacktip Blvd."
"950",950,"2014","Black Tip Tunnels",2,"J. Binstein",8.9,15,"Blacktip Blvd."
"951",951,"2014","Black Tip Tunnels",3,"J. Binstein",7,15,"Blacktip Blvd."
"952",952,"2014","Black Tip Tunnels",4,"K. Lohr",12.5,15,"Blacktip Blvd."
"953",953,"2014","Black Tip Tunnels",5,"K. Lohr",6.1,15,"Blacktip Blvd."
"954",954,"2014","Black Tip Tunnels",6,"K. Lohr",11.1,15,"Blacktip Blvd."
"955",955,"2014","Coral City",4,"J. Binstein",26.7,10,"Coral City"
"956",956,"2014","Coral City",5,"J. Binstein",11.5,10,"Coral City"
"957",957,"2014","Coral City",6,"J. Binstein",26.3,10,"Coral City"
"958",958,"2014","Coral City",1,"K. Lohr",23.5,10,"Coral City"
"959",959,"2014","Coral City",2,"K. Lohr",27.8,10,"Coral City"
"960",960,"2014","Coral City",3,"K. Lohr",29,10,"Coral City"
"961",961,"2014","Coral City",7,"K. Lohr",16.7,13,"Coral City"
"962",962,"2014","Coral City",8,"K. Lohr",9.1,13,"Coral City"
"963",963,"2014","Coral City",9,"K. Lohr",30.5,14,"Coral City"
"964",964,"2014","Coral City",10,"K. Lohr",17.9,12,"Coral City"
"965",965,"2014","Crystal Palace",1,"J. Binstein",14.6,14,"Crystal Palace Wall"
"966",966,"2014","Crystal Palace",2,"J. Binstein",16.5,14,"Crystal Palace Wall"
"967",967,"2014","Crystal Palace",3,"J. Binstein",11.2,14,"Crystal Palace Wall"
"968",968,"2014","Crystal Palace",4,"K. Lohr",10.5,14,"Crystal Palace Wall"
"969",969,"2014","Crystal Palace",5,"K. Lohr",9,14,"Crystal Palace Wall"
"970",970,"2014","Crystal Palace",6,"K. Lohr",11,14,"Crystal Palace Wall"
"971",971,"2014","Fins",1,"J. Binstein",4.5,15,"Martha's Finyard"
"972",972,"2014","Fins",2,"J. Binstein",6,15,"Martha's Finyard"
"973",973,"2014","Fins",3,"J. Binstein",7.7,15,"Martha's Finyard"
"974",974,"2014","Fins",4,"K. Lohr",5.5,15,"Martha's Finyard"
"975",975,"2014","Fins",5,"K. Lohr",13.5,16,"Martha's Finyard"
"976",976,"2014","Fins",6,"K. Lohr",18,14,"Martha's Finyard"
"977",977,"2014","Grundys  Gardens",4,"J. Binstein",65,8,"Grundy's Gardens"
"978",978,"2014","Grundys  Gardens",5,"J. Binstein",25.7,7,"Grundy's Gardens"
"979",979,"2014","Grundys  Gardens",6,"J. Binstein",5.5,7,"Grundy's Gardens"
"980",980,"2014","Grundys  Gardens",1,"K. Lohr",36,9,"Grundy's Gardens"
"981",981,"2014","Grundys  Gardens",2,"K. Lohr",23,9,"Grundy's Gardens"
"982",982,"2014","Grundys  Gardens",3,"K. Lohr",39,9,"Grundy's Gardens"
"983",983,"2014","Grundys  Gardens",7,"K. Lohr",13.7,8,"Grundy's Gardens"
"984",984,"2014","Grundys  Gardens",8,"K. Lohr",28.2,8,"Grundy's Gardens"
"985",985,"2014","Grundys  Gardens",9,"K. Lohr",9.5,8,"Grundy's Gardens"
"986",986,"2014","Icon",4,"J. Binstein",8.4,10,"Icon"
"987",987,"2014","Icon",5,"J. Binstein",19.8,8,"Icon"
"988",988,"2014","Icon",6,"J. Binstein",6,9,"Icon"
"989",989,"2014","Icon",9,"J. Binstein",18.2,12,"Icon"
"990",990,"2014","Icon",10,"J. Binstein",22.8,12,"Icon"
"991",991,"2014","Icon",1,"K. Lohr",9.5,10,"Icon"
"992",992,"2014","Icon",2,"K. Lohr",14.5,10,"Icon"
"993",993,"2014","Icon",3,"K. Lohr",17.8,12,"Icon"
"994",994,"2014","Icon",7,"K. Lohr",9.4,10,"Icon"
"995",995,"2014","Icon",8,"K. Lohr",12.6,10,"Icon"
"996",996,"2014","Jigsaw",4,"J. Binstein",13.5,12,"Jigsaw Puzzle"
"997",997,"2014","Jigsaw",5,"J. Binstein",11.8,12,"Jigsaw Puzzle"
"998",998,"2014","Jigsaw",6,"J. Binstein",23.3,12,"Jigsaw Puzzle"
"999",999,"2014","Jigsaw",7,"J. Binstein",30.3,12,"Jigsaw Puzzle"
"1000",1000,"2014","Jigsaw",1,"K. Lohr",16,12,"Jigsaw Puzzle"
"1001",1001,"2014","Jigsaw",2,"K. Lohr",19.8,12,"Jigsaw Puzzle"
"1002",1002,"2014","Jigsaw",3,"K. Lohr",14.2,12,"Jigsaw Puzzle"
"1003",1003,"2014","Jigsaw",8,"K. Lohr",16.3,12,"Jigsaw Puzzle"
"1004",1004,"2014","Jigsaw",9,"K. Lohr",37.5,12,"Jigsaw Puzzle"
"1005",1005,"2014","Joys Joy",4,"J. Binstein",9.3,14,"Joy's Joy"
"1006",1006,"2014","Joys Joy",5,"J. Binstein",16.4,14,"Joy's Joy"
"1007",1007,"2014","Joys Joy",6,"J. Binstein",16.4,14,"Joy's Joy"
"1008",1008,"2014","Joys Joy",1,"K. Lohr",6.3,14,"Joy's Joy"
"1009",1009,"2014","Joys Joy",2,"K. Lohr",9.5,14,"Joy's Joy"
"1010",1010,"2014","Joys Joy",3,"K. Lohr",10.7,14,"Joy's Joy"
"1011",1011,"2014","Meadows",4,"J. Binstein",33.5,18,"The Meadows"
"1012",1012,"2014","Meadows",5,"J. Binstein",44.7,20,"The Meadows"
"1013",1013,"2014","Meadows",6,"J. Binstein",24.5,20,"The Meadows"
"1014",1014,"2014","Meadows",7,"J. Binstein",29.4,20,"The Meadows"
"1015",1015,"2014","Meadows",8,"J. Binstein",30.3,20,"The Meadows"
"1016",1016,"2014","Meadows",1,"K. Lohr",31,15,"The Meadows"
"1017",1017,"2014","Meadows",2,"K. Lohr",23,15,"The Meadows"
"1018",1018,"2014","Meadows",3,"K. Lohr",22.2,18,"The Meadows"
"1019",1019,"2014","Meadows",9,"K. Lohr",24.9,20,"The Meadows"
"1020",1020,"2014","Meadows",10,"K. Lohr",40.2,20,"The Meadows"
"1021",1021,"2014","Mixing Bowl",4,"J. Binstein",41.7,11,"Sailfin Miniwall"
"1022",1022,"2014","Mixing Bowl",5,"J. Binstein",27.7,11,"Sailfin Miniwall"
"1023",1023,"2014","Mixing Bowl",6,"J. Binstein",31,11,"Sailfin Miniwall"
"1024",1024,"2014","Mixing Bowl",1,"K. Lohr",21.6,12,"Sailfin Miniwall"
"1025",1025,"2014","Mixing Bowl",2,"K. Lohr",22.5,12,"Sailfin Miniwall"
"1026",1026,"2014","Mixing Bowl",3,"K. Lohr",29.3,12,"Sailfin Miniwall"
"1027",1027,"2014","Pauls Anchor",4,"J. Binstein",11.9,12,"Paul's Anchor"
"1028",1028,"2014","Pauls Anchor",5,"J. Binstein",14.1,11,"Paul's Anchor"
"1029",1029,"2014","Pauls Anchor",6,"J. Binstein",16.9,12,"Paul's Anchor"
"1030",1030,"2014","Pauls Anchor",1,"K. Lohr",4.8,12,"Paul's Anchor"
"1031",1031,"2014","Pauls Anchor",2,"K. Lohr",15.6,12,"Paul's Anchor"
"1032",1032,"2014","Pauls Anchor",3,"K. Lohr",14.6,12,"Paul's Anchor"
"1033",1033,"2014","Pauls Anchor",7,"K. Lohr",11.1,11,"Paul's Anchor"
"1034",1034,"2014","Pauls Anchor",8,"K. Lohr",23.9,11,"Paul's Anchor"
"1035",1035,"2014","Penguins Leap",1,"J. Binstein",8.9,14,"Penguin's Leap"
"1036",1036,"2014","Penguins Leap",2,"J. Binstein",7.7,14,"Penguin's Leap"
"1037",1037,"2014","Penguins Leap",3,"J. Binstein",16.1,14,"Penguin's Leap"
"1038",1038,"2014","Rock Bottom",4,"J. Binstein",11.3,18,"Rock Bottom Wall"
"1039",1039,"2014","Rock Bottom",5,"J. Binstein",10.2,18,"Rock Bottom Wall"
"1040",1040,"2014","Rock Bottom",6,"J. Binstein",12.1,18,"Rock Bottom Wall"
"1041",1041,"2014","Rock Bottom",1,"K. Lohr",12.8,20,"Rock Bottom Wall"
"1042",1042,"2014","Rock Bottom",2,"K. Lohr",7.3,20,"Rock Bottom Wall"
"1043",1043,"2014","Rock Bottom",3,"K. Lohr",12.5,20,"Rock Bottom Wall"
"1044",1044,"2014","Sailfin",1,"J. Binstein",21.1,10,"Sailfin Reef"
"1045",1045,"2014","Sailfin",2,"J. Binstein",14.8,10,"Sailfin Reef"
"1046",1046,"2014","Sailfin",3,"J. Binstein",13.3,10,"Sailfin Reef"
"1047",1047,"2014","Sailfin",4,"J. Binstein",25.4,10,"Sailfin Reef"
"1048",1048,"2014","Sailfin",5,"K. Lohr",13.4,10,"Sailfin Reef"
"1049",1049,"2014","Sailfin",6,"K. Lohr",14.4,10,"Sailfin Reef"
"1050",1050,"2014","Sailfin",7,"K. Lohr",17.9,10,"Sailfin Reef"
"1051",1051,"2014","Snap Shot",4,"J. Binstein",29.8,9,"Snap Shot"
"1052",1052,"2014","Snap Shot",5,"J. Binstein",19.9,9,"Snap Shot"
"1053",1053,"2014","Snap Shot",6,"J. Binstein",11,9,"Snap Shot"
"1054",1054,"2014","Snap Shot",1,"K. Lohr",17.6,10,"Snap Shot"
"1055",1055,"2014","Snap Shot",2,"K. Lohr",24.9,10,"Snap Shot"
"1056",1056,"2014","Snap Shot",3,"K. Lohr",13.8,10,"Snap Shot"
"1057",1057,"2014","West Point",4,"J. Binstein",6.5,10,"West Point"
"1058",1058,"2014","West Point",5,"J. Binstein",6.9,11,"West Point"
"1059",1059,"2014","West Point",6,"J. Binstein",7.3,11,"West Point"
"1060",1060,"2014","West Point",9,"J. Binstein",8.6,11,"West Point"
"1061",1061,"2014","West Point",10,"J. Binstein",17.4,11,"West Point"
"1062",1062,"2014","West Point",1,"K. Lohr",8.5,12,"West Point"
"1063",1063,"2014","West Point",2,"K. Lohr",17.5,12,"West Point"
"1064",1064,"2014","West Point",3,"K. Lohr",15.7,12,"West Point"
"1065",1065,"2014","West Point",7,"K. Lohr",23.1,11,"West Point"
"1066",1066,"2014","West Point",8,"K. Lohr",14.4,11,"West Point"
"1067",1067,"2015","Coral City",5,"CM",26.8,9.39,"Coral City"
"1068",1068,"2015","Coral City",6,"CM",32.5,9.7,"Coral City"
"1069",1069,"2015","Coral City",3,"K. Foster",9.5,9.39,"Coral City"
"1070",1070,"2015","Coral City",4,"K. Foster",7.9,9.39,"Coral City"
"1071",1071,"2015","Coral City",1,"K. Lohr",19,10.91,"Coral City"
"1072",1072,"2015","Coral City",2,"K. Lohr",22.5,10.91,"Coral City"
"1073",1073,"2015","Grundys  Gardens",5,"A. Camp",5.3,8.18,"Grundy's Gardens"
"1074",1074,"2015","Grundys  Gardens",6,"A. Camp",29.3,8.18,"Grundy's Gardens"
"1075",1075,"2015","Grundys  Gardens",1,"K. Lohr",34.5,7.58,"Grundy's Gardens"
"1076",1076,"2015","Grundys  Gardens",2,"K. Lohr",24.5,7.58,"Grundy's Gardens"
"1077",1077,"2015","Grundys  Gardens",3,"K. Lohr",17.5,7.58,"Grundy's Gardens"
"1078",1078,"2015","Grundys  Gardens",4,"K. Lohr",11,7.58,"Grundy's Gardens"
"1079",1079,"2015","Icon",5,"H. Hughes",9.3,15.45,"Icon"
"1080",1080,"2015","Icon",6,"H. Hughes",6.7,15.45,"Icon"
"1081",1081,"2015","Icon",1,"K. Foster",15.3,9.09,"Icon"
"1082",1082,"2015","Icon",2,"K. Foster",26.1,10,"Icon"
"1083",1083,"2015","Icon",3,"K. Foster",5,15.76,"Icon"
"1084",1084,"2015","Icon",4,"K. Foster",3.8,10,"Icon"
"1085",1085,"2015","Jigsaw",5,"K. Foster",20.7,12.8,"Jigsaw Puzzle"
"1086",1086,"2015","Jigsaw",6,"K. Foster",30,12.8,"Jigsaw Puzzle"
"1087",1087,"2015","Jigsaw",1,"K. Lohr",24.1,12.8,"Jigsaw Puzzle"
"1088",1088,"2015","Jigsaw",2,"K. Lohr",16.7,12.8,"Jigsaw Puzzle"
"1089",1089,"2015","Jigsaw",3,"K. Lohr",12,12.8,"Jigsaw Puzzle"
"1090",1090,"2015","Jigsaw",4,"K. Lohr",22,12.8,"Jigsaw Puzzle"
"1091",1091,"2015","Meadows",5,"H. Hughes",28.9,4.55,"The Meadows"
"1092",1092,"2015","Meadows",6,"H. Hughes",18.6,4.55,"The Meadows"
"1093",1093,"2015","Meadows",1,"K. Lohr",18.1,5.15,"The Meadows"
"1094",1094,"2015","Meadows",2,"K. Lohr",38.3,5.15,"The Meadows"
"1095",1095,"2015","Meadows",3,"K. Lohr",26.5,5.15,"The Meadows"
"1096",1096,"2015","Meadows",4,"K. Lohr",26,5.15,"The Meadows"
"1097",1097,"2015","Mixing Bowl",5,"H. Hughes",8.2,10.91,"Sailfin Miniwall"
"1098",1098,"2015","Mixing Bowl",6,"H. Hughes",10.9,10.91,"Sailfin Miniwall"
"1099",1099,"2015","Mixing Bowl",1,"K. Lohr",15,12.2,"Sailfin Miniwall"
"1100",1100,"2015","Mixing Bowl",2,"K. Lohr",17,12.2,"Sailfin Miniwall"
"1101",1101,"2015","Mixing Bowl",3,"K. Lohr",10,12.2,"Sailfin Miniwall"
"1102",1102,"2015","Mixing Bowl",4,"K. Lohr",24.4,12.2,"Sailfin Miniwall"
"1103",1103,"2015","Pauls Anchor",1,"H. Hughes",8.1,10.61,"Paul's Anchor"
"1104",1104,"2015","Pauls Anchor",2,"H. Hughes",11.1,10,"Paul's Anchor"
"1105",1105,"2015","Pauls Anchor",3,"K. Foster",12.8,12.12,"Paul's Anchor"
"1106",1106,"2015","Pauls Anchor",4,"K. Foster",8.3,12.12,"Paul's Anchor"
"1107",1107,"2015","Pauls Anchor",5,"K. Foster",24.8,10.91,"Paul's Anchor"
"1108",1108,"2015","Pauls Anchor",6,"K. Foster",12,11.21,"Paul's Anchor"
"1109",1109,"2015","Sailfin",5,"H. Hughes",14.5,8.18,"Sailfin Reef"
"1110",1110,"2015","Sailfin",6,"H. Hughes",15,8.18,"Sailfin Reef"
"1111",1111,"2015","Sailfin",1,"K. Lohr",11,6.97,"Sailfin Reef"
"1112",1112,"2015","Sailfin",2,"K. Lohr",18,6.97,"Sailfin Reef"
"1113",1113,"2015","Sailfin",3,"K. Lohr",20.5,6.97,"Sailfin Reef"
"1114",1114,"2015","Sailfin",4,"K. Lohr",10.5,6.97,"Sailfin Reef"
"1115",1115,"2015","Snap Shot",1,"K. Foster",17.3,9.39,"Snap Shot"
"1116",1116,"2015","Snap Shot",2,"K. Foster",15.7,9.39,"Snap Shot"
"1117",1117,"2015","Snap Shot",1,"K. Lohr",25.1,9.4,"Snap Shot"
"1118",1118,"2015","Snap Shot",2,"K. Lohr",27.5,9.4,"Snap Shot"
"1119",1119,"2015","Snap Shot",3,"K. Lohr",24.5,9.4,"Snap Shot"
"1120",1120,"2015","Snap Shot",4,"K. Lohr",20,9.4,"Snap Shot"
"1121",1121,"2015","West Point",6,"A. Camp",5.8,10.3,"West Point"
"1122",1122,"2015","West Point",1,"K. Lohr",10.5,11.21,"West Point"
"1123",1123,"2015","West Point",2,"K. Lohr",10,11.21,"West Point"
"1124",1124,"2015","West Point",3,"K. Lohr",15,11.21,"West Point"
"1125",1125,"2015","West Point",4,"K. Lohr",11,11.21,"West Point"
"1126",1126,"2015","West Point",5,"K. Lohr",13.5,11.21,"West Point"
"1127",1127,"2017","Coral City",1,"Daniel Veras",21.5,13.8,"Coral City"
"1128",1128,"2017","Coral City",2,"Daniel Veras",36.5,13.3,"Coral City"
"1129",1129,"2017","Coral City",1,"Katie Correia",31.4,16.008,"Coral City"
"1130",1130,"2017","Coral City",2,"Katie Correia",22.4,16.008,"Coral City"
"1131",1131,"2017","Coral City",1,"Tim Kary",22.6,13.11,"Coral City"
"1132",1132,"2017","Coral City",2,"Tim Kary",31.9,11.89,"Coral City"
"1133",1133,"2017","Grundys  Gardens",1,"Daniel Veras",17.5,8.3,"Grundy's Gardens"
"1134",1134,"2017","Grundys  Gardens",2,"Daniel Veras",28,8.6,"Grundy's Gardens"
"1135",1135,"2017","Grundys  Gardens",1,"Katie Correia",41.7,9.744,"Grundy's Gardens"
"1136",1136,"2017","Grundys  Gardens",2,"Katie Correia",35,10.44,"Grundy's Gardens"
"1137",1137,"2017","Grundys  Gardens",1,"Tim Kary",14.2,9.76,"Grundy's Gardens"
"1138",1138,"2017","Grundys  Gardens",2,"Tim Kary",3.9,9.76,"Grundy's Gardens"
"1139",1139,"2017","Icon",1,"Daniel Veras",7.5,14.5,"Icon"
"1140",1140,"2017","Icon",2,"Daniel Veras",11.5,14.8,"Icon"
"1141",1141,"2017","Icon",3,"Daniel Veras",10,14.5,"Icon"
"1142",1142,"2017","Icon",1,"Katie Correia",15,18.096,"Icon"
"1143",1143,"2017","Icon",2,"Katie Correia",11.6,17.052,"Icon"
"1144",1144,"2017","Icon",3,"Katie Correia",23.1,19.488,"Icon"
"1145",1145,"2017","Jigsaw",1,"Daniel Veras",41,10.2,"Jigsaw Puzzle"
"1146",1146,"2017","Jigsaw",2,"Daniel Veras",17.5,11.2,"Jigsaw Puzzle"
"1147",1147,"2017","Jigsaw",1,"Katie Correia",17.5,14.616,"Jigsaw Puzzle"
"1148",1148,"2017","Jigsaw",2,"Katie Correia",16.8,14.616,"Jigsaw Puzzle"
"1149",1149,"2017","Jigsaw",1,"Tim Kary",35.8,10.98,"Jigsaw Puzzle"
"1150",1150,"2017","Jigsaw",2,"Tim Kary",15.9,10.37,"Jigsaw Puzzle"
"1151",1151,"2017","Marthas Finyard",1,"Daniel Veras",29.8,13.1,"Martha's Finyard"
"1152",1152,"2017","Marthas Finyard",2,"Daniel Veras",39.3,12.3,"Martha's Finyard"
"1153",1153,"2017","Marthas Finyard",1,"Katie Correia",30.5,22.62,"Martha's Finyard"
"1154",1154,"2017","Marthas Finyard",2,"Katie Correia",45.6,18.096,"Martha's Finyard"
"1155",1155,"2017","Marthas Finyard",1,"Tim Kary",12.4,12.5,"Martha's Finyard"
"1156",1156,"2017","Marthas Finyard",2,"Tim Kary",21.3,12.5,"Martha's Finyard"
"1157",1157,"2017","Meadows",1,"Daniel Veras",19.2,10.4,"The Meadows"
"1158",1158,"2017","Meadows",2,"Daniel Veras",7.5,10.3,"The Meadows"
"1159",1159,"2017","Meadows",3,"Daniel Veras",14.1,10.3,"The Meadows"
"1160",1160,"2017","Meadows",1,"Katie Correia",17.7,10.788,"The Meadows"
"1161",1161,"2017","Meadows",2,"Katie Correia",28.5,11.136,"The Meadows"
"1162",1162,"2017","Meadows",1,"Tim Kary",25.2,9.45,"The Meadows"
"1163",1163,"2017","Meadows",2,"Tim Kary",18.9,9.76,"The Meadows"
"1164",1164,"2017","Mixing Bowl",1,"Daniel Veras",31,12.1,"Sailfin Miniwall"
"1165",1165,"2017","Mixing Bowl",2,"Daniel Veras",4.3,11.7,"Sailfin Miniwall"
"1166",1166,"2017","Mixing Bowl",3,"Daniel Veras",16,10.4,"Sailfin Miniwall"
"1167",1167,"2017","Mixing Bowl",1,"Katie Correia",20.6,14.616,"Sailfin Miniwall"
"1168",1168,"2017","Mixing Bowl",2,"Katie Correia",22.6,16.008,"Sailfin Miniwall"
"1169",1169,"2017","Mixing Bowl",3,"Katie Correia",18.4,15.312,"Sailfin Miniwall"
"1170",1170,"2017","Mixing Bowl",4,"Katie Correia",9.2,11.136,"Sailfin Miniwall"
"1171",1171,"2017","Mixing Bowl",1,"Tim Kary",14.7,11.59,"Sailfin Miniwall"
"1172",1172,"2017","Pauls Anchor",1,"Daniel Veras",22.6,15.7,"Paul's Anchor"
"1173",1173,"2017","Pauls Anchor",2,"Daniel Veras",21,15.1,"Paul's Anchor"
"1174",1174,"2017","Pauls Anchor",1,"Katie Correia",14.3,22.62,"Paul's Anchor"
"1175",1175,"2017","Pauls Anchor",2,"Katie Correia",17.4,19.488,"Paul's Anchor"
"1176",1176,"2017","Pauls Anchor",2,"Tim Kary",21.6,18.6,"Paul's Anchor"
"1177",1177,"2017","Pauls Anchor",3,"Tim Kary",13.2,16.46,"Paul's Anchor"
"1178",1178,"2017","Sailfin",1,"Daniel Veras",13.1,8.7,"Sailfin Reef"
"1179",1179,"2017","Sailfin",2,"Daniel Veras",27,9.8,"Sailfin Reef"
"1180",1180,"2017","Sailfin",1,"Katie Correia",14.9,11.832,"Sailfin Reef"
"1181",1181,"2017","Sailfin",2,"Katie Correia",14.9,10.788,"Sailfin Reef"
"1182",1182,"2017","Sailfin",1,"Tim Kary",8.8,10.98,"Sailfin Reef"
"1183",1183,"2017","Sailfin",2,"Tim Kary",23.3,10.37,"Sailfin Reef"
"1184",1184,"2017","Snap Shot",1,"Daniel Veras",23.5,10.5,"Snap Shot"
"1185",1185,"2017","Snap Shot",2,"Daniel Veras",9.1,9.7,"Snap Shot"
"1186",1186,"2017","Snap Shot",3,"Daniel Veras",20.8,9.7,"Snap Shot"
"1187",1187,"2017","Snap Shot",1,"Katie Correia",18.7,15.312,"Snap Shot"
"1188",1188,"2017","Snap Shot",2,"Katie Correia",20.3,14.616,"Snap Shot"
"1189",1189,"2017","Snap Shot",3,"Katie Correia",25.6,13.92,"Snap Shot"
"1190",1190,"2017","West Point",1,"Daniel Veras",13.5,11.4,"West Point"
"1191",1191,"2017","West Point",2,"Daniel Veras",13,12.1,"West Point"
"1192",1192,"2017","West Point",1,"Katie Correia",23,15.66,"West Point"
"1193",1193,"2017","West Point",2,"Katie Correia",16,12.876,"West Point"
"1194",1194,"2017","West Point",1,"Tim Kary",10.3,12.5,"West Point"
"1195",1195,"2017","West Point",2,"Tim Kary",7.8,11.28,"West Point"
"1196",1196,"2018","Black Tip Tunnels",1,"Tim Kary",14.5,14,"Blacktip Blvd."
"1197",1197,"2018","Black Tip Tunnels",2,"Tim Kary",23,15.6,"Blacktip Blvd."
"1198",1198,"2018","Black Tip Tunnels",3,"Tim Kary",13,10,"Blacktip Blvd."
"1199",1199,"2018","Black Tip Tunnels",4,"Tim Kary",32.2,10,"Blacktip Blvd."
"1200",1200,"2018","Black Tip Tunnels",5,"Tim Kary",11,13,"Blacktip Blvd."
"1201",1201,"2018","Black Tip Tunnels",6,"Tim Kary",12,14,"Blacktip Blvd."
"1202",1202,"2018","Black Tip Tunnels",7,"Tim Kary",8,13,"Blacktip Blvd."
"1203",1203,"2018","Black Tip Tunnels",8,"Tim Kary",0,12,"Blacktip Blvd."
"1204",1204,"2018","Black Tip Tunnels",9,"Tim Kary",0,12,"Blacktip Blvd."
"1205",1205,"2018","Black Tip Tunnels",10,"Tim Kary",10,12,"Blacktip Blvd."
"1206",1206,"2018","Black Tip Tunnels",11,"Tim Kary",10,12,"Blacktip Blvd."
"1207",1207,"2018","Coral City",1,"Tim Kary",47,9.5,"Coral City"
"1208",1208,"2018","Coral City",2,"Tim Kary",28,9,"Coral City"
"1209",1209,"2018","Coral City",3,"Tim Kary",36,10,"Coral City"
"1210",1210,"2018","Coral City",4,"Tim Kary",39,10,"Coral City"
"1211",1211,"2018","Coral City",5,"Tim Kary",18,9.4,"Coral City"
"1212",1212,"2018","Coral City",6,"Tim Kary",15,11.6,"Coral City"
"1213",1213,"2018","Coral City",7,"Tim Kary",10,10,"Coral City"
"1214",1214,"2018","Coral City",8,"Tim Kary",10,11,"Coral City"
"1215",1215,"2018","Coral City",9,"Tim Kary",20,11,"Coral City"
"1216",1216,"2018","Coral City",10,"Tim Kary",30,11,"Coral City"
"1217",1217,"2018","Coral City",11,"Tim Kary",20,10,"Coral City"
"1218",1218,"2018","Grundys  Gardens",1,"Tim Kary",27.7,8.5,"Grundy's Gardens"
"1219",1219,"2018","Grundys  Gardens",2,"Tim Kary",31,9,"Grundy's Gardens"
"1220",1220,"2018","Grundys  Gardens",3,"Tim Kary",78,9,"Grundy's Gardens"
"1221",1221,"2018","Grundys  Gardens",4,"Tim Kary",11,8,"Grundy's Gardens"
"1222",1222,"2018","Grundys  Gardens",5,"Tim Kary",20,8,"Grundy's Gardens"
"1223",1223,"2018","Grundys  Gardens",6,"Tim Kary",14,8,"Grundy's Gardens"
"1224",1224,"2018","Grundys  Gardens",7,"Tim Kary",40,8,"Grundy's Gardens"
"1225",1225,"2018","Grundys  Gardens",8,"Tim Kary",20,8,"Grundy's Gardens"
"1226",1226,"2018","Grundys  Gardens",9,"Tim Kary",30,8,"Grundy's Gardens"
"1227",1227,"2018","Grundys  Gardens",10,"Tim Kary",10,8,"Grundy's Gardens"
"1228",1228,"2018","Jigsaw",1,"Tim Kary",15.8,12,"Jigsaw Puzzle"
"1229",1229,"2018","Jigsaw",2,"Tim Kary",44,12,"Jigsaw Puzzle"
"1230",1230,"2018","Jigsaw",3,"Tim Kary",29.5,12,"Jigsaw Puzzle"
"1231",1231,"2018","Jigsaw",4,"Tim Kary",14,12,"Jigsaw Puzzle"
"1232",1232,"2018","Jigsaw",5,"Tim Kary",10,12,"Jigsaw Puzzle"
"1233",1233,"2018","Jigsaw",6,"Tim Kary",11,13,"Jigsaw Puzzle"
"1234",1234,"2018","Jigsaw",7,"Tim Kary",0,12,"Jigsaw Puzzle"
"1235",1235,"2018","Jigsaw",8,"Tim Kary",10,12,"Jigsaw Puzzle"
"1236",1236,"2018","Jigsaw",9,"Tim Kary",12,12,"Jigsaw Puzzle"
"1237",1237,"2018","Jigsaw",10,"Tim Kary",0,12,"Jigsaw Puzzle"
"1238",1238,"2018","Joys Joy",1,"Tim Kary",20.2,8.5,"Joy's Joy"
"1239",1239,"2018","Joys Joy",2,"Tim Kary",28.5,12.8,"Joy's Joy"
"1240",1240,"2018","Joys Joy",3,"Tim Kary",14.4,9,"Joy's Joy"
"1241",1241,"2018","Joys Joy",4,"Tim Kary",16,7,"Joy's Joy"
"1242",1242,"2018","Joys Joy",5,"Tim Kary",11,7,"Joy's Joy"
"1243",1243,"2018","Joys Joy",6,"Tim Kary",11,7.5,"Joy's Joy"
"1244",1244,"2018","Joys Joy",7,"Tim Kary",10,8,"Joy's Joy"
"1245",1245,"2018","Joys Joy",8,"Tim Kary",20,6,"Joy's Joy"
"1246",1246,"2018","Joys Joy",9,"Tim Kary",0,7,"Joy's Joy"
"1247",1247,"2018","Joys Joy",10,"Tim Kary",20,6,"Joy's Joy"
"1248",1248,"2018","Lucass Ledge",1,"Tim Kary",42,13,"Luca's Ledges"
"1249",1249,"2018","Lucass Ledge",2,"Tim Kary",34.5,11,"Luca's Ledges"
"1250",1250,"2018","Lucass Ledge",3,"Tim Kary",32.5,10,"Luca's Ledges"
"1251",1251,"2018","Lucass Ledge",4,"Tim Kary",12,14,"Luca's Ledges"
"1252",1252,"2018","Lucass Ledge",5,"Tim Kary",18,14,"Luca's Ledges"
"1253",1253,"2018","Lucass Ledge",6,"Tim Kary",14,12,"Luca's Ledges"
"1254",1254,"2018","Lucass Ledge",7,"Tim Kary",10,14,"Luca's Ledges"
"1255",1255,"2018","Lucass Ledge",8,"Tim Kary",20,14,"Luca's Ledges"
"1256",1256,"2018","Lucass Ledge",9,"Tim Kary",10,12,"Luca's Ledges"
"1257",1257,"2018","Lucass Ledge",10,"Tim Kary",10,12,"Luca's Ledges"
"1258",1258,"2018","Meadows",1,"Tim Kary",27,10,"The Meadows"
"1259",1259,"2018","Meadows",2,"Tim Kary",22,10,"The Meadows"
"1260",1260,"2018","Meadows",3,"Tim Kary",23,10,"The Meadows"
"1261",1261,"2018","Meadows",4,"Tim Kary",20,6,"The Meadows"
"1262",1262,"2018","Meadows",5,"Tim Kary",17,5,"The Meadows"
"1263",1263,"2018","Meadows",6,"Tim Kary",17,5.5,"The Meadows"
"1264",1264,"2018","Meadows",7,"Tim Kary",22,6,"The Meadows"
"1265",1265,"2018","Meadows",8,"Tim Kary",22,5,"The Meadows"
"1266",1266,"2018","Meadows",9,"Tim Kary",12,5,"The Meadows"
"1267",1267,"2018","Meadows",10,"Tim Kary",20,12,"The Meadows"
"1268",1268,"2018","West Point",1,"Tim Kary",28.1,11,"West Point"
"1269",1269,"2018","West Point",2,"Tim Kary",23.2,12,"West Point"
"1270",1270,"2018","West Point",3,"Tim Kary",33.3,13,"West Point"
"1271",1271,"2018","West Point",4,"Tim Kary",26.6,10,"West Point"
"1272",1272,"2018","West Point",5,"Tim Kary",5,11,"West Point"
"1273",1273,"2018","West Point",6,"Tim Kary",11,11,"West Point"
"1274",1274,"2018","West Point",7,"Tim Kary",5,9,"West Point"
"1275",1275,"2018","West Point",8,"Tim Kary",10,10,"West Point"
"1276",1276,"2018","West Point",9,"Tim Kary",10,10,"West Point"
"1277",1277,"2018","West Point",10,"Tim Kary",10,10,"West Point"
"1278",1278,"2018","West Point",11,"Tim Kary",0,10,"West Point"
"1279",1279,"2019","Coral City",4,"DEA",31.3,13.5,"Coral City"
"1280",1280,"2019","Coral City",5,"DEA",38,13.5,"Coral City"
"1281",1281,"2019","Coral City",6,"DEA",31.3,13.5,"Coral City"
"1282",1282,"2019","Coral City",1,"KC",18.2461538461538,13.4112,"Coral City"
"1283",1283,"2019","Coral City",2,"KC",24.1,13.4112,"Coral City"
"1284",1284,"2019","Coral City",1,"SM",23.4,11.8,"Coral City"
"1285",1285,"2019","Coral City",2,"SM",19.3,11.8,"Coral City"
"1286",1286,"2019","Coral City",3,"SN",23.7,13.7,"Coral City"
"1287",1287,"2019","Grundys  Gardens",4,"DEA",26,11,"Grundy's Gardens"
"1288",1288,"2019","Grundys  Gardens",5,"DEA",32,11,"Grundy's Gardens"
"1289",1289,"2019","Grundys  Gardens",6,"DEA",28.8,11,"Grundy's Gardens"
"1290",1290,"2019","Grundys  Gardens",7,"KC",21.7,11.5824,"Grundy's Gardens"
"1291",1291,"2019","Grundys  Gardens",8,"KC",25.2,8.8392,"Grundy's Gardens"
"1292",1292,"2019","Grundys  Gardens",1,"SM",16.3,8,"Grundy's Gardens"
"1293",1293,"2019","Grundys  Gardens",2,"SM",16.7,9,"Grundy's Gardens"
"1294",1294,"2019","Grundys  Gardens",3,"SN",37.3,11.5,"Grundy's Gardens"
"1295",1295,"2019","Icon",4,"DEA",29,10.3,"Icon"
"1296",1296,"2019","Icon",5,"DEA",11.6,10.3,"Icon"
"1297",1297,"2019","Icon",6,"DEA",16.4,9.8,"Icon"
"1298",1298,"2019","Icon",7,"DEA",9.1,9.5,"Icon"
"1299",1299,"2019","Icon",8,"KC",16.8384615384615,10.668,"Icon"
"1300",1300,"2019","Icon",9,"KC",13.8,9.144,"Icon"
"1301",1301,"2019","Icon",1,"SM",12.6,9.5,"Icon"
"1302",1302,"2019","Icon",2,"SM",7.8,9.9,"Icon"
"1303",1303,"2019","Icon",3,"SM",15,10.5,"Icon"
"1304",1304,"2019","Jigsaw",4,"DEA",12.2,13,"Jigsaw Puzzle"
"1305",1305,"2019","Jigsaw",5,"DEA",13,13,"Jigsaw Puzzle"
"1306",1306,"2019","Jigsaw",8,"DEA",14.2,13,"Jigsaw Puzzle"
"1307",1307,"2019","Jigsaw",6,"KC",13.8,13.716,"Jigsaw Puzzle"
"1308",1308,"2019","Jigsaw",7,"KC",11.1,12.8016,"Jigsaw Puzzle"
"1309",1309,"2019","Jigsaw",1,"SM",18.1,11.6,"Jigsaw Puzzle"
"1310",1310,"2019","Jigsaw",2,"SM",7.6,11.6,"Jigsaw Puzzle"
"1311",1311,"2019","Jigsaw",3,"SN",15.1,13,"Jigsaw Puzzle"
"1312",1312,"2019","Marthas Finyard",3,"DEA",35,12,"Martha's Finyard"
"1313",1313,"2019","Marthas Finyard",4,"DEA",26.5,12,"Martha's Finyard"
"1314",1314,"2019","Marthas Finyard",5,"KC",24.5,10.668,"Martha's Finyard"
"1315",1315,"2019","Marthas Finyard",6,"KC",30.2,10.9728,"Martha's Finyard"
"1316",1316,"2019","Marthas Finyard",1,"SM",11,14.2,"Martha's Finyard"
"1317",1317,"2019","Marthas Finyard",2,"SM",11.2,13.2,"Martha's Finyard"
"1318",1318,"2019","Marthas Finyard",7,"SN",14.8,14.6,"Martha's Finyard"
"1319",1319,"2019","Meadows",4,"DEA",15,33,"The Meadows"
"1320",1320,"2019","Meadows",5,"DEA",54.2,33,"The Meadows"
"1321",1321,"2019","Meadows",6,"DEA",16.5,33,"The Meadows"
"1322",1322,"2019","Meadows",7,"KC",18,10.0584,"The Meadows"
"1323",1323,"2019","Meadows",8,"KC",32.7,8.92048,"The Meadows"
"1324",1324,"2019","Meadows",2,"SM",9.8,8.4,"The Meadows"
"1325",1325,"2019","Meadows",3,"SM",6,10.5,"The Meadows"
"1326",1326,"2019","Meadows",1,"SN",16.1,10,"The Meadows"
"1327",1327,"2019","Mixing Bowl",4,"DEA",21.5,12.12121212,"Sailfin Miniwall"
"1328",1328,"2019","Mixing Bowl",5,"DEA",24.7,12.12121212,"Sailfin Miniwall"
"1329",1329,"2019","Mixing Bowl",6,"DEA",40.4,12.12121212,"Sailfin Miniwall"
"1330",1330,"2019","Mixing Bowl",1,"KC",24.2,13.4112,"Sailfin Miniwall"
"1331",1331,"2019","Mixing Bowl",2,"KC",22.6,12.2637176470588,"Sailfin Miniwall"
"1332",1332,"2019","Mixing Bowl",1,"SM",17.6,11.8,"Sailfin Miniwall"
"1333",1333,"2019","Mixing Bowl",2,"SM",10.2833333333333,11.8,"Sailfin Miniwall"
"1334",1334,"2019","Mixing Bowl",3,"Tim Kary",51.9,12.8,"Sailfin Miniwall"
"1335",1335,"2019","Pauls Anchor",4,"DEA",8,11.51515,"Paul's Anchor"
"1336",1336,"2019","Pauls Anchor",5,"DEA",21.1,10.30303,"Paul's Anchor"
"1337",1337,"2019","Pauls Anchor",6,"DEA",11.3,10.30303,"Paul's Anchor"
"1338",1338,"2019","Pauls Anchor",7,"KC",8.8,10.3632,"Paul's Anchor"
"1339",1339,"2019","Pauls Anchor",8,"KC",7.9,10.668,"Paul's Anchor"
"1340",1340,"2019","Pauls Anchor",1,"SM",15.3,11.5,"Paul's Anchor"
"1341",1341,"2019","Pauls Anchor",2,"SM",15.3,11.5,"Paul's Anchor"
"1342",1342,"2019","Pauls Anchor",3,"Tim Kary",13,15.7,"Paul's Anchor"
"1343",1343,"2019","Sailfin",4,"DEA",29.6,10.3,"Sailfin Reef"
"1344",1344,"2019","Sailfin",5,"DEA",36.3,10.3,"Sailfin Reef"
"1345",1345,"2019","Sailfin",8,"DEA",21,10.3,"Sailfin Reef"
"1346",1346,"2019","Sailfin",6,"KC",22.3214285714286,10.3632,"Sailfin Reef"
"1347",1347,"2019","Sailfin",7,"KC",10.9,9.4488,"Sailfin Reef"
"1348",1348,"2019","Sailfin",1,"SM",10,9.65,"Sailfin Reef"
"1349",1349,"2019","Sailfin",2,"SM",25.4,8.85,"Sailfin Reef"
"1350",1350,"2019","Sailfin",3,"Tim Kary",26,9.8,"Sailfin Reef"
"1351",1351,"2019","Snap Shot",4,"DEA",14.1,9.696969697,"Snap Shot"
"1352",1352,"2019","Snap Shot",5,"DEA",17.5,9.696969697,"Snap Shot"
"1353",1353,"2019","Snap Shot",6,"DEA",16.9,10,"Snap Shot"
"1354",1354,"2019","Snap Shot",7,"KC",22,10.3632,"Snap Shot"
"1355",1355,"2019","Snap Shot",8,"KC",14.6142857142857,10.668,"Snap Shot"
"1356",1356,"2019","Snap Shot",1,"SM",12.7,8.5,"Snap Shot"
"1357",1357,"2019","Snap Shot",2,"SM",14.5,9.2,"Snap Shot"
"1358",1358,"2019","Snap Shot",3,"Tim Kary",34.4,11.05625,"Snap Shot"
"1359",1359,"2019","West Point",4,"DEA",14.6,12,"West Point"
"1360",1360,"2019","West Point",5,"DEA",6.9,12,"West Point"
"1361",1361,"2019","West Point",6,"DEA",12.9,12,"West Point"
"1362",1362,"2019","West Point",7,"KC",11.1181818181818,11.5824,"West Point"
"1363",1363,"2019","West Point",8,"KC",10.5142857142857,10.668,"West Point"
"1364",1364,"2019","West Point",1,"SM",8,11.2,"West Point"
"1365",1365,"2019","West Point",2,"SM",7.5,11.35,"West Point"
"1366",1366,"2019","West Point",3,"SN",18,12,"West Point"
"1367",1367,"2020","Coral City",1,"GGG",44.2,42,"Coral City"
"1368",1368,"2020","Coral City",2,"GGG",33,41,"Coral City"
"1369",1369,"2020","Coral City",1,"MF",14,45,"Coral City"
"1370",1370,"2020","Coral City",2,"MF",32,45,"Coral City"
"1371",1371,"2020","Grundys Gardens",1,"GGG",9,25,"Grundy's Gardens"
"1372",1372,"2020","Grundys Gardens",2,"GGG",32.5,28,"Grundy's Gardens"
"1373",1373,"2020","Grundys Gardens",1,"MF",11.8,28,"Grundy's Gardens"
"1374",1374,"2020","Grundys Gardens",2,"MF",12.5,28,"Grundy's Gardens"
"1375",1375,"2020","Jigsaw",1,"GGG",20.6,41,"Jigsaw Puzzle"
"1376",1376,"2020","Jigsaw",2,"GGG",32,35,"Jigsaw Puzzle"
"1377",1377,"2020","Jigsaw",1,"MF",17,43,"Jigsaw Puzzle"
"1378",1378,"2020","Jigsaw",2,"MF",15,33,"Jigsaw Puzzle"
"1379",1379,"2020","Marilyns Cut",1,"GGG",14.4,30,"Marylin's Cut"
"1380",1380,"2020","Marilyns Cut",2,"GGG",15.8,29,"Marylin's Cut"
"1381",1381,"2020","Marilyns Cut",1,"MF",16,31,"Marylin's Cut"
"1382",1382,"2020","Marilyns Cut",2,"MF",17,23,"Marylin's Cut"
"1383",1383,"2020","Marthas Finyard",1,"MF",40,43,"Martha's Finyard"
"1384",1384,"2020","Marthas Finyard",2,"MF",32,50,"Martha's Finyard"
"1385",1385,"2020","Marthas Finyard",1,"GGG",31,51,"Martha's Finyard"
"1386",1386,"2020","Marthas Finyard",2,"GGG",41,51,"Martha's Finyard"
"1387",1387,"2020","Meadows",1,"GGG",31.8,36,"The Meadows"
"1388",1388,"2020","Meadows",2,"GGG",24,39,"The Meadows"
"1389",1389,"2020","Pauls Anchor",1,"GGG",26.6,44,"Paul's Anchor"
"1390",1390,"2020","Pauls Anchor",2,"GGG",10.4,52,"Paul's Anchor"
"1391",1391,"2020","Sailfin",1,"GGG",12.8,30,"Sailfin Reef"
"1392",1392,"2020","Sailfin",2,"GGG",26.4,30,"Sailfin Reef"
"1393",1393,"2020","Sailfin",3,"GGG",13.8,28,"Sailfin Reef"
"1394",1394,"2020","Sailfin",4,"GGG",30.4,35,"Sailfin Reef"
"1395",1395,"2020","Snap Shot",1,"GGG",14.2,33,"Snap Shot"
"1396",1396,"2020","Snap Shot",2,"GGG",20.4,32,"Snap Shot"
"1397",1397,"2020","Snap Shot",3,"GGG",31.4,41,"Snap Shot"
"1398",1398,"2020","Snap Shot",4,"GGG",25,40,"Snap Shot"
"1399",1399,"2020","West Point",1,"GGG",16,52,"West Point"
"1400",1400,"2020","West Point",2,"GGG",32,43,"West Point"
"1401",1401,"2020","West Point",3,"MF",13.4,54,"West Point"
"1402",1402,"2020","West Point",4,"MF",14.2,44,"West Point"
"1403",1403,"2021","Coral City",1,"CG",28,40,"Coral City"
"1404",1404,"2021","Coral City",2,"CG",35,35,"Coral City"
"1405",1405,"2021","Coral City",1,"GEC",16,33,"Coral City"
"1406",1406,"2021","Coral City",2,"GEC",22,33,"Coral City"
"1407",1407,"2021","Coral City",1,"GGG",13.8,38,"Coral City"
"1408",1408,"2021","Coral City",2,"GGG",23,40,"Coral City"
"1409",1409,"2021","Coral City",3,"GGG",44,35,"Coral City"
"1410",1410,"2021","Grundys",1,"CG",27,43,"Grundy's Gardens"
"1411",1411,"2021","Grundys",1,"GEC",13.8,40,"Grundy's Gardens"
"1412",1412,"2021","Grundys",1,"GGG",31,42.8716216216216,"Grundy's Gardens"
"1413",1413,"2021","Jigsaw",1,"CG",42,35,"Jigsaw Puzzle"
"1414",1414,"2021","Jigsaw",1,"GEC",22.4,45,"Jigsaw Puzzle"
"1415",1415,"2021","Jigsaw",1,"GGG",12,38,"Jigsaw Puzzle"
"1416",1416,"2021","Jigsaw",2,"GGG_GEC",47,43.4036697247706,"Jigsaw Puzzle"
"1417",1417,"2021","Jigsaw",1,"sw",20,39.4,"Jigsaw Puzzle"
"1418",1418,"2021","Marilyns Cut",1,"CG",2.4,30,"Marylin's Cut"
"1419",1419,"2021","Marilyns Cut",1,"GEC",11,35,"Marylin's Cut"
"1420",1420,"2021","Marilyns Cut",1,"GGG",20,33,"Marylin's Cut"
"1421",1421,"2021","Marilyns Cut",2,"GGG_GEC",21,34.0265486725664,"Marylin's Cut"
"1422",1422,"2021","Marilyns Cut",1,"sw",19,25.6,"Marylin's Cut"
"1423",1423,"2021","Marthas",1,"CG",23.3,35,"Martha's Finyard"
"1424",1424,"2021","Marthas",1,"GEC",38,47,"Martha's Finyard"
"1425",1425,"2021","Marthas",1,"GGG",38.2,38,"Martha's Finyard"
"1426",1426,"2021","Marthas",2,"GGG_GC",38,44.9705882352941,"Martha's Finyard"
"1427",1427,"2021","Marthas",1,"sw",35.2,45.3,"Martha's Finyard"
"1428",1428,"2021","Meadows",1,"CG",56,18,"The Meadows"
"1429",1429,"2021","Meadows",1,"GEC",41,15,"The Meadows"
"1430",1430,"2021","Meadows",1,"GGG",39,18,"The Meadows"
"1431",1431,"2021","Meadows",2,"GGG_GEC",14,15.958904109589,"The Meadows"
"1432",1432,"2021","Meadows",1,"sw",20,14.8,"The Meadows"
"1433",1433,"2021","Pauls Anchor",1,"CG",18,38,"Paul's Anchor"
"1434",1434,"2021","Pauls Anchor",1,"GEC",26,42,"Paul's Anchor"
"1435",1435,"2021","Pauls Anchor",1,"GGG",15,38,"Paul's Anchor"
"1436",1436,"2021","Pauls Anchor",2,"GGG_GEC",23.3,39.0652173913044,"Paul's Anchor"
"1437",1437,"2021","Pauls Anchor",1,"sw",21,40.7,"Paul's Anchor"
"1438",1438,"2021","Sailfin",1,"CG",6,30,"Sailfin Reef"
"1439",1439,"2021","Sailfin",1,"GEC",20.8,30,"Sailfin Reef"
"1440",1440,"2021","Sailfin",1,"GGG",37,25,"Sailfin Reef"
"1441",1441,"2021","Sailfin",2,"GGG_GEC",14,27.4752475247525,"Sailfin Reef"
"1442",1442,"2021","Sailfin",1,"sw",10.2,15.6,"Sailfin Reef"
"1443",1443,"2021","Snapshot",1,"CG",22,33,"Snap Shot"
"1444",1444,"2021","Snapshot",1,"GEC",21,51,"Snap Shot"
"1445",1445,"2021","Snapshot",1,"GGG",19,32,"Snap Shot"
"1446",1446,"2021","Snapshot",2,"GGG",19,35,"Snap Shot"
"1447",1447,"2021","Snapshot",2,"GGG_GEC",49,51,"Snap Shot"
"1448",1448,"2021","Snapshot",1,"sw",28.8,35.4,"Snap Shot"
"1449",1449,"2021","Westpoint",1,"CG",40,40,"West Point"
"1450",1450,"2021","Westpoint",2,"CG",30,33,"West Point"
"1451",1451,"2021","Westpoint",1,"GEC",7,44,"West Point"
"1452",1452,"2021","Westpoint",2,"GEC",11,41,"West Point"
"1453",1453,"2021","Westpoint",1,"GGG",24,43,"West Point"
"1454",1454,"2021","Westpoint",2,"GGG",15,40,"West Point"
"1455",1455,"2022","Coral City",1,"AM",22,31,"Coral City"
"1456",1456,"2022","Coral City",1,"GGG",30,33,"Coral City"
"1457",1457,"2022","Coral City",2,"GGG",46.4,36,"Coral City"
"1458",1458,"2022","Coral City",1,"ZP",0,33,"Coral City"
"1459",1459,"2022","Grundys",1,"AM",18,32,"Grundy's Gardens"
"1460",1460,"2022","Grundys",1,"GGG",34,30,"Grundy's Gardens"
"1461",1461,"2022","Grundys",2,"GGG",45.2,30,"Grundy's Gardens"
"1462",1462,"2022","Grundys",1,"ZP",30,29,"Grundy's Gardens"
"1463",1463,"2022","Jigsaw",1,"AM",12,46,"Jigsaw Puzzle"
"1464",1464,"2022","Jigsaw",1,"AM/ZP",10,46,"Jigsaw Puzzle"
"1465",1465,"2022","Jigsaw",1,"JLR",37,46,"Jigsaw Puzzle"
"1466",1466,"2022","Marilyns",1,"AM",2.8,21,"Marylin's Cut"
"1467",1467,"2022","Marilyns Cut",1,"AM/ZP",18,21,"Marylin's Cut"
"1468",1468,"2022","Marilyns Cut",1,"GGG",25,33,"Marylin's Cut"
"1469",1469,"2022","Marilyns Cut",2,"GGG",31.2,30,"Marylin's Cut"
"1470",1470,"2022","Marthas",1,"AM",16,43,"Martha's Finyard"
"1471",1471,"2022","Marthas",1,"AM/ZP",19.4,50,"Martha's Finyard"
"1472",1472,"2022","Marthas",1,"JLR",10,53,"Martha's Finyard"
"1473",1473,"2022","Meadows",1,"AM",15,18,"The Meadows"
"1474",1474,"2022","Meadows",1,"AM/ZP",19,18,"The Meadows"
"1475",1475,"2022","Meadows",1,"JLR",20,18,"The Meadows"
"1476",1476,"2022","Sailfin",1,"AM",11,35,"Sailfin Reef"
"1477",1477,"2022","Sailfin",1,"GGG",5,30,"Sailfin Reef"
"1478",1478,"2022","Sailfin",2,"GGG",43,31,"Sailfin Reef"
"1479",1479,"2022","Snapshot",1,"AM",8,33,"Snap Shot"
"1480",1480,"2022","Snapshot",1,"GGG",36,31,"Snap Shot"
"1481",1481,"2022","Snapshot",2,"GGG",38,32,"Snap Shot"
"1482",1482,"2022","Snapshot",1,"ZP",15,30,"Snap Shot"
"1483",1483,"2022","Westpoint",1,"AM",19,32,"West Point"
"1484",1484,"2022","Westpoint",1,"GGG",17,41,"West Point"
"1485",1485,"2022","Westpoint",2,"GGG",15,41,"West Point"
"1486",1486,"2022","Westpoint",1,"ZP",29,39,"West Point"
"1487",1487,"2023","Coral City",1,"GGG",20,NA,"Coral City"
"1488",1488,"2023","Coral City",1,"Haley Davis",35,10,"Coral City"
"1489",1489,"2023","Coral City",1,"LLG",20,10.8,"Coral City"
"1490",1490,"2023","Grundys",1,"GGG",36,NA,"Grundy's Gardens"
"1491",1491,"2023","Grundys",1,"Haley Davis",12.5,9,"Grundy's Gardens"
"1492",1492,"2023","Grundys",1,"LLG",14,8.5,"Grundy's Gardens"
"1493",1493,"2023","Jigsaw",1,"GGG",58,NA,"Jigsaw Puzzle"
"1494",1494,"2023","Jigsaw",1,"Haley Davis",43,11.52,"Jigsaw Puzzle"
"1495",1495,"2023","Jigsaw",1,"KE",20,12.8,"Jigsaw Puzzle"
"1496",1496,"2023","Jigsaw",1,"LLG",15,NA,"Jigsaw Puzzle"
"1497",1497,"2023","Marilyns Cut",1,"GGG",14.4,NA,"Marylin's Cut"
"1498",1498,"2023","Marilyns Cut",1,"Haley Davis",23.75,8.79,"Marylin's Cut"
"1499",1499,"2023","Marilyns Cut",1,"KE",18,10,"Marylin's Cut"
"1500",1500,"2023","Marilyns Cut",1,"LLG",24,10,"Marylin's Cut"
"1501",1501,"2023","Marthas",1,"GGG",16.4,NA,"Martha's Finyard"
"1502",1502,"2023","Marthas",1,"Haley Davis",45,10.90909091,"Martha's Finyard"
"1503",1503,"2023","Marthas",1,"LLG",48,14,"Martha's Finyard"
"1504",1504,"2023","Meadows",1,"GGG",42,NA,"The Meadows"
"1505",1505,"2023","Meadows",1,"Haley Davis",51,7.88,"The Meadows"
"1506",1506,"2023","Meadows",1,"KE",48,7,"The Meadows"
"1507",1507,"2023","Meadows",1,"LLG",16.2,9.6,"The Meadows"
"1508",1508,"2023","Sailfin",1,"GGG",32.4,NA,"Sailfin Reef"
"1509",1509,"2023","Sailfin",1,"Haley Davis",25,10.61,"Sailfin Reef"
"1510",1510,"2023","Sailfin",1,"KE",22,10.4,"Sailfin Reef"
"1511",1511,"2023","Sailfin",1,"LLG",22,11,"Sailfin Reef"
"1512",1512,"2023","Snapshot",1,"GGG",38,NA,"Snap Shot"
"1513",1513,"2023","Snapshot",1,"Haley Davis",19.1666666666667,8.79,"Snap Shot"
"1514",1514,"2023","Snapshot",1,"KE",16,10.7,"Snap Shot"
"1515",1515,"2023","Snapshot",1,"LLG",NA,NA,"Snap Shot"
"1516",1516,"2023","Westpoint",1,"GGG",17,NA,"West Point"
"1517",1517,"2023","Westpoint",1,"Haley Davis",14,12.12121212,"West Point"
"1518",1518,"2023","Westpoint",1,"LLG",18,10.9,"West Point"
