"","X","Year","Site","Transect","total_recruits","Observer","Month","Date","Site_Name"
"1",1,"1999","Coral City",1,NA,NA,NA,NA,"Coral City"
"2",2,"1999","Coral City",2,NA,NA,NA,NA,"Coral City"
"3",3,"1999","Coral City",3,NA,NA,NA,NA,"Coral City"
"4",4,"1999","Coral City",4,NA,NA,NA,NA,"Coral City"
"5",5,"1999","Coral City",5,NA,NA,NA,NA,"Coral City"
"6",6,"1999","Coral City",6,NA,NA,NA,NA,"Coral City"
"7",7,"1999","Coral City",7,NA,NA,NA,NA,"Coral City"
"8",8,"1999","Coral City",8,NA,NA,NA,NA,"Coral City"
"9",9,"1999","Coral City",9,NA,NA,NA,NA,"Coral City"
"10",10,"1999","Coral City",10,NA,NA,NA,NA,"Coral City"
"11",11,"1999","Coral City",11,NA,NA,NA,NA,"Coral City"
"12",12,"1999","Coral City",12,NA,NA,NA,NA,"Coral City"
"13",13,"1999","Coral City",13,NA,NA,NA,NA,"Coral City"
"14",14,"1999","Coral City",14,NA,NA,NA,NA,"Coral City"
"15",15,"1999","Coral City",15,NA,NA,NA,NA,"Coral City"
"16",16,"1999","Grundys  Gardens",1,NA,NA,NA,NA,"Grundy's Gardens"
"17",17,"1999","Grundys  Gardens",2,NA,NA,NA,NA,"Grundy's Gardens"
"18",18,"1999","Grundys  Gardens",3,NA,NA,NA,NA,"Grundy's Gardens"
"19",19,"1999","Grundys  Gardens",4,NA,NA,NA,NA,"Grundy's Gardens"
"20",20,"1999","Grundys  Gardens",5,NA,NA,NA,NA,"Grundy's Gardens"
"21",21,"1999","Grundys  Gardens",6,NA,NA,NA,NA,"Grundy's Gardens"
"22",22,"1999","Grundys  Gardens",7,NA,NA,NA,NA,"Grundy's Gardens"
"23",23,"1999","Grundys  Gardens",8,NA,NA,NA,NA,"Grundy's Gardens"
"24",24,"1999","Grundys  Gardens",9,NA,NA,NA,NA,"Grundy's Gardens"
"25",25,"1999","Grundys  Gardens",10,NA,NA,NA,NA,"Grundy's Gardens"
"26",26,"1999","Grundys  Gardens",11,NA,NA,NA,NA,"Grundy's Gardens"
"27",27,"1999","Jigsaw",1,NA,NA,NA,NA,"Jigsaw Puzzle"
"28",28,"1999","Jigsaw",2,NA,NA,NA,NA,"Jigsaw Puzzle"
"29",29,"1999","Jigsaw",3,NA,NA,NA,NA,"Jigsaw Puzzle"
"30",30,"1999","Jigsaw",4,NA,NA,NA,NA,"Jigsaw Puzzle"
"31",31,"1999","Jigsaw",5,NA,NA,NA,NA,"Jigsaw Puzzle"
"32",32,"1999","Jigsaw",6,NA,NA,NA,NA,"Jigsaw Puzzle"
"33",33,"1999","Jigsaw",7,NA,NA,NA,NA,"Jigsaw Puzzle"
"34",34,"1999","Jigsaw",8,NA,NA,NA,NA,"Jigsaw Puzzle"
"35",35,"1999","Jigsaw",9,NA,NA,NA,NA,"Jigsaw Puzzle"
"36",36,"1999","Jigsaw",10,NA,NA,NA,NA,"Jigsaw Puzzle"
"37",37,"1999","Jigsaw",11,NA,NA,NA,NA,"Jigsaw Puzzle"
"38",38,"1999","Jigsaw",12,NA,NA,NA,NA,"Jigsaw Puzzle"
"39",39,"1999","Jigsaw",13,NA,NA,NA,NA,"Jigsaw Puzzle"
"40",40,"1999","Mixing Bowl",1,NA,NA,NA,NA,"Sailfin Miniwall"
"41",41,"1999","Mixing Bowl",2,NA,NA,NA,NA,"Sailfin Miniwall"
"42",42,"1999","Mixing Bowl",3,NA,NA,NA,NA,"Sailfin Miniwall"
"43",43,"1999","Mixing Bowl",4,NA,NA,NA,NA,"Sailfin Miniwall"
"44",44,"1999","Mixing Bowl",5,NA,NA,NA,NA,"Sailfin Miniwall"
"45",45,"1999","Mixing Bowl",6,NA,NA,NA,NA,"Sailfin Miniwall"
"46",46,"1999","Mixing Bowl",7,NA,NA,NA,NA,"Sailfin Miniwall"
"47",47,"1999","Mixing Bowl",8,NA,NA,NA,NA,"Sailfin Miniwall"
"48",48,"1999","Mixing Bowl",9,NA,NA,NA,NA,"Sailfin Miniwall"
"49",49,"1999","Mixing Bowl",10,NA,NA,NA,NA,"Sailfin Miniwall"
"50",50,"1999","Mixing Bowl",11,NA,NA,NA,NA,"Sailfin Miniwall"
"51",51,"1999","Mixing Bowl",12,NA,NA,NA,NA,"Sailfin Miniwall"
"52",52,"1999","Mixing Bowl",13,NA,NA,NA,NA,"Sailfin Miniwall"
"53",53,"1999","Mixing Bowl",14,NA,NA,NA,NA,"Sailfin Miniwall"
"54",54,"1999","Mixing Bowl",15,NA,NA,NA,NA,"Sailfin Miniwall"
"55",55,"1999","Pauls Anchor",1,NA,NA,NA,NA,"Paul's Anchor"
"56",56,"1999","Pauls Anchor",2,NA,NA,NA,NA,"Paul's Anchor"
"57",57,"1999","Pauls Anchor",3,NA,NA,NA,NA,"Paul's Anchor"
"58",58,"1999","Pauls Anchor",4,NA,NA,NA,NA,"Paul's Anchor"
"59",59,"1999","Pauls Anchor",5,NA,NA,NA,NA,"Paul's Anchor"
"60",60,"1999","Pauls Anchor",6,NA,NA,NA,NA,"Paul's Anchor"
"61",61,"1999","Pauls Anchor",7,NA,NA,NA,NA,"Paul's Anchor"
"62",62,"1999","Pauls Anchor",8,NA,NA,NA,NA,"Paul's Anchor"
"63",63,"1999","Pauls Anchor",9,NA,NA,NA,NA,"Paul's Anchor"
"64",64,"1999","Pauls Anchor",10,NA,NA,NA,NA,"Paul's Anchor"
"65",65,"1999","Pauls Anchor",11,NA,NA,NA,NA,"Paul's Anchor"
"66",66,"1999","Pauls Anchor",12,NA,NA,NA,NA,"Paul's Anchor"
"67",67,"1999","Sailfin",1,NA,NA,NA,NA,"Sailfin Reef"
"68",68,"1999","Sailfin",2,NA,NA,NA,NA,"Sailfin Reef"
"69",69,"1999","Sailfin",3,NA,NA,NA,NA,"Sailfin Reef"
"70",70,"1999","Sailfin",4,NA,NA,NA,NA,"Sailfin Reef"
"71",71,"1999","Sailfin",5,NA,NA,NA,NA,"Sailfin Reef"
"72",72,"1999","Sailfin",6,NA,NA,NA,NA,"Sailfin Reef"
"73",73,"1999","Sailfin",7,NA,NA,NA,NA,"Sailfin Reef"
"74",74,"1999","Sailfin",8,NA,NA,NA,NA,"Sailfin Reef"
"75",75,"1999","Sailfin",9,NA,NA,NA,NA,"Sailfin Reef"
"76",76,"1999","Sailfin",10,NA,NA,NA,NA,"Sailfin Reef"
"77",77,"1999","Snapshot",1,NA,NA,NA,NA,"Snap Shot"
"78",78,"1999","Snapshot",2,NA,NA,NA,NA,"Snap Shot"
"79",79,"1999","Snapshot",3,NA,NA,NA,NA,"Snap Shot"
"80",80,"1999","Snapshot",4,NA,NA,NA,NA,"Snap Shot"
"81",81,"1999","Snapshot",5,NA,NA,NA,NA,"Snap Shot"
"82",82,"1999","Snapshot",6,NA,NA,NA,NA,"Snap Shot"
"83",83,"1999","Snapshot",7,NA,NA,NA,NA,"Snap Shot"
"84",84,"1999","Snapshot",8,NA,NA,NA,NA,"Snap Shot"
"85",85,"1999","Snapshot",9,NA,NA,NA,NA,"Snap Shot"
"86",86,"1999","Snapshot",10,NA,NA,NA,NA,"Snap Shot"
"87",87,"1999","Snapshot",11,NA,NA,NA,NA,"Snap Shot"
"88",88,"1999","Snapshot",12,NA,NA,NA,NA,"Snap Shot"
"89",89,"1999","West Point",1,NA,NA,NA,NA,"West Point"
"90",90,"1999","West Point",2,NA,NA,NA,NA,"West Point"
"91",91,"1999","West Point",3,NA,NA,NA,NA,"West Point"
"92",92,"1999","West Point",4,NA,NA,NA,NA,"West Point"
"93",93,"1999","West Point",5,NA,NA,NA,NA,"West Point"
"94",94,"1999","West Point",6,NA,NA,NA,NA,"West Point"
"95",95,"1999","West Point",7,NA,NA,NA,NA,"West Point"
"96",96,"1999","West Point",8,NA,NA,NA,NA,"West Point"
"97",97,"1999","West Point",9,NA,NA,NA,NA,"West Point"
"98",98,"1999","West Point",10,NA,NA,NA,NA,"West Point"
"99",99,"2002","Coral City",1,0,NA,NA,NA,"Coral City"
"100",100,"2002","Coral City",2,0,NA,NA,NA,"Coral City"
"101",101,"2002","Coral City",3,1,NA,NA,NA,"Coral City"
"102",102,"2002","Coral City",4,0,NA,NA,NA,"Coral City"
"103",103,"2002","Coral City",5,0,NA,NA,NA,"Coral City"
"104",104,"2002","Coral City",6,0,NA,NA,NA,"Coral City"
"105",105,"2002","Coral City",7,0,NA,NA,NA,"Coral City"
"106",106,"2002","Coral City",8,0,NA,NA,NA,"Coral City"
"107",107,"2002","Grundys  Gardens",1,1,NA,NA,NA,"Grundy's Gardens"
"108",108,"2002","Grundys  Gardens",2,0,NA,NA,NA,"Grundy's Gardens"
"109",109,"2002","Grundys  Gardens",3,0,NA,NA,NA,"Grundy's Gardens"
"110",110,"2002","Grundys  Gardens",4,0,NA,NA,NA,"Grundy's Gardens"
"111",111,"2002","Grundys  Gardens",5,1,NA,NA,NA,"Grundy's Gardens"
"112",112,"2002","Grundys  Gardens",6,0,NA,NA,NA,"Grundy's Gardens"
"113",113,"2002","Grundys  Gardens",7,0,NA,NA,NA,"Grundy's Gardens"
"114",114,"2002","Grundys  Gardens",8,0,NA,NA,NA,"Grundy's Gardens"
"115",115,"2002","Grundys  Gardens",9,0,NA,NA,NA,"Grundy's Gardens"
"116",116,"2002","Grundys  Gardens",10,0,NA,NA,NA,"Grundy's Gardens"
"117",117,"2002","Grundys  Gardens",11,0,NA,NA,NA,"Grundy's Gardens"
"118",118,"2002","Jigsaw",1,2,NA,NA,NA,"Jigsaw Puzzle"
"119",119,"2002","Jigsaw",2,2,NA,NA,NA,"Jigsaw Puzzle"
"120",120,"2002","Jigsaw",3,0,NA,NA,NA,"Jigsaw Puzzle"
"121",121,"2002","Jigsaw",4,0,NA,NA,NA,"Jigsaw Puzzle"
"122",122,"2002","Jigsaw",5,0,NA,NA,NA,"Jigsaw Puzzle"
"123",123,"2002","Jigsaw",6,3,NA,NA,NA,"Jigsaw Puzzle"
"124",124,"2002","Jigsaw",7,0,NA,NA,NA,"Jigsaw Puzzle"
"125",125,"2002","Jigsaw",8,1,NA,NA,NA,"Jigsaw Puzzle"
"126",126,"2002","Jigsaw",9,1,NA,NA,NA,"Jigsaw Puzzle"
"127",127,"2002","Meadows",1,1,NA,NA,NA,"The Meadows"
"128",128,"2002","Meadows",2,3,NA,NA,NA,"The Meadows"
"129",129,"2002","Meadows",3,1,NA,NA,NA,"The Meadows"
"130",130,"2002","Meadows",4,1,NA,NA,NA,"The Meadows"
"131",131,"2002","Meadows",5,2,NA,NA,NA,"The Meadows"
"132",132,"2002","Meadows",6,0,NA,NA,NA,"The Meadows"
"133",133,"2002","Meadows",7,0,NA,NA,NA,"The Meadows"
"134",134,"2002","Meadows",8,1,NA,NA,NA,"The Meadows"
"135",135,"2002","Sailfin",1,2,NA,NA,NA,"Sailfin Reef"
"136",136,"2002","Sailfin",2,0,NA,NA,NA,"Sailfin Reef"
"137",137,"2002","Sailfin",3,0,NA,NA,NA,"Sailfin Reef"
"138",138,"2002","Sailfin",4,0,NA,NA,NA,"Sailfin Reef"
"139",139,"2002","Sailfin",5,2,NA,NA,NA,"Sailfin Reef"
"140",140,"2002","Sailfin",6,4,NA,NA,NA,"Sailfin Reef"
"141",141,"2002","Sailfin",7,0,NA,NA,NA,"Sailfin Reef"
"142",142,"2002","Sailfin",8,0,NA,NA,NA,"Sailfin Reef"
"143",143,"2002","Sailfin",9,0,NA,NA,NA,"Sailfin Reef"
"144",144,"2002","Sailfin",10,2,NA,NA,NA,"Sailfin Reef"
"145",145,"2002","Sailfin",11,0,NA,NA,NA,"Sailfin Reef"
"146",146,"2003","Pauls Anchor",1,0,NA,NA,NA,"Paul's Anchor"
"147",147,"2003","Pauls Anchor",2,2,NA,NA,NA,"Paul's Anchor"
"148",148,"2003","Pauls Anchor",3,1,NA,NA,NA,"Paul's Anchor"
"149",149,"2003","Pauls Anchor",4,0,NA,NA,NA,"Paul's Anchor"
"150",150,"2003","Pauls Anchor",5,2,NA,NA,NA,"Paul's Anchor"
"151",151,"2003","Pauls Anchor",6,0,NA,NA,NA,"Paul's Anchor"
"152",152,"2003","Pauls Anchor",7,0,NA,NA,NA,"Paul's Anchor"
"153",153,"2003","Pauls Anchor",8,0,NA,NA,NA,"Paul's Anchor"
"154",154,"2003","Pauls Anchor",9,0,NA,NA,NA,"Paul's Anchor"
"155",155,"2003","Richardss Reef",1,NA,NA,NA,NA,"Richard's Reef"
"156",156,"2003","Richardss Reef",2,NA,NA,NA,NA,"Richard's Reef"
"157",157,"2003","Richardss Reef",3,NA,NA,NA,NA,"Richard's Reef"
"158",158,"2003","Richardss Reef",4,NA,NA,NA,NA,"Richard's Reef"
"159",159,"2003","Richardss Reef",5,NA,NA,NA,NA,"Richard's Reef"
"160",160,"2003","Richardss Reef",6,NA,NA,NA,NA,"Richard's Reef"
"161",161,"2003","Richardss Reef",7,NA,NA,NA,NA,"Richard's Reef"
"162",162,"2003","Richardss Reef",8,NA,NA,NA,NA,"Richard's Reef"
"163",163,"2003","Richardss Reef",9,NA,NA,NA,NA,"Richard's Reef"
"164",164,"2003","Richardss Reef",10,NA,NA,NA,NA,"Richard's Reef"
"165",165,"2003","Richardss Reef",11,NA,NA,NA,NA,"Richard's Reef"
"166",166,"2003","Snapshot",1,3,NA,NA,NA,"Snap Shot"
"167",167,"2003","Snapshot",2,5,NA,NA,NA,"Snap Shot"
"168",168,"2003","Snapshot",3,2,NA,NA,NA,"Snap Shot"
"169",169,"2003","Snapshot",4,1,NA,NA,NA,"Snap Shot"
"170",170,"2003","Snapshot",5,3,NA,NA,NA,"Snap Shot"
"171",171,"2003","Snapshot",6,0,NA,NA,NA,"Snap Shot"
"172",172,"2003","Snapshot",7,0,NA,NA,NA,"Snap Shot"
"173",173,"2003","Snapshot",8,1,NA,NA,NA,"Snap Shot"
"174",174,"2003","Snapshot",9,0,NA,NA,NA,"Snap Shot"
"175",175,"2003","West Point",1,0,NA,NA,NA,"West Point"
"176",176,"2003","West Point",2,2,NA,NA,NA,"West Point"
"177",177,"2003","West Point",3,3,NA,NA,NA,"West Point"
"178",178,"2003","West Point",4,3,NA,NA,NA,"West Point"
"179",179,"2003","West Point",5,1,NA,NA,NA,"West Point"
"180",180,"2003","West Point",6,1,NA,NA,NA,"West Point"
"181",181,"2003","West Point",7,0,NA,NA,NA,"West Point"
"182",182,"2003","West Point",8,0,NA,NA,NA,"West Point"
"183",183,"2004","Coral City",1,2,NA,NA,NA,"Coral City"
"184",184,"2004","Coral City",2,0,NA,NA,NA,"Coral City"
"185",185,"2004","Coral City",3,5,NA,NA,NA,"Coral City"
"186",186,"2004","Coral City",4,0,NA,NA,NA,"Coral City"
"187",187,"2004","Coral City",5,1,NA,NA,NA,"Coral City"
"188",188,"2004","Coral City",6,10,NA,NA,NA,"Coral City"
"189",189,"2004","Coral City",7,5,NA,NA,NA,"Coral City"
"190",190,"2004","Coral City",8,6,NA,NA,NA,"Coral City"
"191",191,"2004","Grundys  Gardens",1,3,NA,NA,NA,"Grundy's Gardens"
"192",192,"2004","Grundys  Gardens",2,0,NA,NA,NA,"Grundy's Gardens"
"193",193,"2004","Grundys  Gardens",3,5,NA,NA,NA,"Grundy's Gardens"
"194",194,"2004","Grundys  Gardens",4,0,NA,NA,NA,"Grundy's Gardens"
"195",195,"2004","Grundys  Gardens",5,0,NA,NA,NA,"Grundy's Gardens"
"196",196,"2004","Grundys  Gardens",6,9,NA,NA,NA,"Grundy's Gardens"
"197",197,"2004","Grundys  Gardens",7,3,NA,NA,NA,"Grundy's Gardens"
"198",198,"2004","Grundys  Gardens",8,0,NA,NA,NA,"Grundy's Gardens"
"199",199,"2004","Jigsaw",1,2,NA,NA,NA,"Jigsaw Puzzle"
"200",200,"2004","Jigsaw",2,4,NA,NA,NA,"Jigsaw Puzzle"
"201",201,"2004","Jigsaw",3,0,NA,NA,NA,"Jigsaw Puzzle"
"202",202,"2004","Jigsaw",4,0,NA,NA,NA,"Jigsaw Puzzle"
"203",203,"2004","Jigsaw",5,0,NA,NA,NA,"Jigsaw Puzzle"
"204",204,"2004","Jigsaw",6,1,NA,NA,NA,"Jigsaw Puzzle"
"205",205,"2004","Jigsaw",7,0,NA,NA,NA,"Jigsaw Puzzle"
"206",206,"2004","Jigsaw",8,0,NA,NA,NA,"Jigsaw Puzzle"
"207",207,"2004","Jigsaw",9,5,NA,NA,NA,"Jigsaw Puzzle"
"208",208,"2004","Jigsaw",10,1,NA,NA,NA,"Jigsaw Puzzle"
"209",209,"2004","Jigsaw",11,1,NA,NA,NA,"Jigsaw Puzzle"
"210",210,"2004","Mixing Bowl",1,0,NA,NA,NA,"Sailfin Miniwall"
"211",211,"2004","Mixing Bowl",2,2,NA,NA,NA,"Sailfin Miniwall"
"212",212,"2004","Mixing Bowl",3,1,NA,NA,NA,"Sailfin Miniwall"
"213",213,"2004","Mixing Bowl",4,0,NA,NA,NA,"Sailfin Miniwall"
"214",214,"2004","Mixing Bowl",5,1,NA,NA,NA,"Sailfin Miniwall"
"215",215,"2004","Mixing Bowl",6,0,NA,NA,NA,"Sailfin Miniwall"
"216",216,"2004","Mixing Bowl",7,0,NA,NA,NA,"Sailfin Miniwall"
"217",217,"2004","Mixing Bowl",8,3,NA,NA,NA,"Sailfin Miniwall"
"218",218,"2004","Mixing Bowl",9,1,NA,NA,NA,"Sailfin Miniwall"
"219",219,"2004","Pauls Anchor",1,1,NA,NA,NA,"Paul's Anchor"
"220",220,"2004","Pauls Anchor",2,3,NA,NA,NA,"Paul's Anchor"
"221",221,"2004","Pauls Anchor",3,1,NA,NA,NA,"Paul's Anchor"
"222",222,"2004","Pauls Anchor",4,2,NA,NA,NA,"Paul's Anchor"
"223",223,"2004","Pauls Anchor",5,1,NA,NA,NA,"Paul's Anchor"
"224",224,"2004","Pauls Anchor",6,0,NA,NA,NA,"Paul's Anchor"
"225",225,"2004","Pauls Anchor",7,0,NA,NA,NA,"Paul's Anchor"
"226",226,"2004","Pauls Anchor",8,0,NA,NA,NA,"Paul's Anchor"
"227",227,"2004","Pauls Anchor",9,0,NA,NA,NA,"Paul's Anchor"
"228",228,"2004","Pauls Anchor",10,2,NA,NA,NA,"Paul's Anchor"
"229",229,"2004","Richardss Reef",1,NA,NA,NA,NA,"Richard's Reef"
"230",230,"2004","Richardss Reef",2,NA,NA,NA,NA,"Richard's Reef"
"231",231,"2004","Richardss Reef",3,NA,NA,NA,NA,"Richard's Reef"
"232",232,"2004","Richardss Reef",4,NA,NA,NA,NA,"Richard's Reef"
"233",233,"2004","Richardss Reef",5,NA,NA,NA,NA,"Richard's Reef"
"234",234,"2004","Richardss Reef",6,NA,NA,NA,NA,"Richard's Reef"
"235",235,"2004","Richardss Reef",7,NA,NA,NA,NA,"Richard's Reef"
"236",236,"2004","Richardss Reef",8,NA,NA,NA,NA,"Richard's Reef"
"237",237,"2004","Richardss Reef",9,NA,NA,NA,NA,"Richard's Reef"
"238",238,"2004","Richardss Reef",10,NA,NA,NA,NA,"Richard's Reef"
"239",239,"2004","Richardss Reef",11,NA,NA,NA,NA,"Richard's Reef"
"240",240,"2004","Richardss Reef",12,NA,NA,NA,NA,"Richard's Reef"
"241",241,"2004","Richardss Reef",13,NA,NA,NA,NA,"Richard's Reef"
"242",242,"2004","Richardss Reef",14,NA,NA,NA,NA,"Richard's Reef"
"243",243,"2004","Richardss Reef",15,NA,NA,NA,NA,"Richard's Reef"
"244",244,"2004","Richardss Reef",16,NA,NA,NA,NA,"Richard's Reef"
"245",245,"2004","Richardss Reef",26,NA,NA,NA,NA,"Richard's Reef"
"246",246,"2004","Sailfin",1,6,NA,NA,NA,"Sailfin Reef"
"247",247,"2004","Sailfin",2,2,NA,NA,NA,"Sailfin Reef"
"248",248,"2004","Sailfin",3,5,NA,NA,NA,"Sailfin Reef"
"249",249,"2004","Sailfin",4,3,NA,NA,NA,"Sailfin Reef"
"250",250,"2004","Sailfin",5,4,NA,NA,NA,"Sailfin Reef"
"251",251,"2004","Sailfin",6,3,NA,NA,NA,"Sailfin Reef"
"252",252,"2004","Sailfin",7,0,NA,NA,NA,"Sailfin Reef"
"253",253,"2004","Sailfin",8,0,NA,NA,NA,"Sailfin Reef"
"254",254,"2004","Sailfin",9,0,NA,NA,NA,"Sailfin Reef"
"255",255,"2004","Sailfin",10,1,NA,NA,NA,"Sailfin Reef"
"256",256,"2004","Snapshot",1,3,NA,NA,NA,"Snap Shot"
"257",257,"2004","Snapshot",2,0,NA,NA,NA,"Snap Shot"
"258",258,"2004","Snapshot",3,0,NA,NA,NA,"Snap Shot"
"259",259,"2004","Snapshot",4,1,NA,NA,NA,"Snap Shot"
"260",260,"2004","Snapshot",5,0,NA,NA,NA,"Snap Shot"
"261",261,"2004","Snapshot",6,1,NA,NA,NA,"Snap Shot"
"262",262,"2004","Snapshot",7,0,NA,NA,NA,"Snap Shot"
"263",263,"2004","Snapshot",8,1,NA,NA,NA,"Snap Shot"
"264",264,"2004","Snapshot",9,1,NA,NA,NA,"Snap Shot"
"265",265,"2004","Snapshot",10,1,NA,NA,NA,"Snap Shot"
"266",266,"2004","Snapshot",11,2,NA,NA,NA,"Snap Shot"
"267",267,"2004","West Point",1,0,NA,NA,NA,"West Point"
"268",268,"2004","West Point",2,0,NA,NA,NA,"West Point"
"269",269,"2004","West Point",3,0,NA,NA,NA,"West Point"
"270",270,"2004","West Point",4,2,NA,NA,NA,"West Point"
"271",271,"2004","West Point",5,0,NA,NA,NA,"West Point"
"272",272,"2004","West Point",6,0,NA,NA,NA,"West Point"
"273",273,"2004","West Point",7,3,NA,NA,NA,"West Point"
"274",274,"2004","West Point",8,2,NA,NA,NA,"West Point"
"275",275,"2004","West Point",9,1,NA,NA,NA,"West Point"
"276",276,"2004","West Point",10,0,NA,NA,NA,"West Point"
"277",277,"2005","Coral City",1,0,NA,NA,NA,"Coral City"
"278",278,"2005","Coral City",2,1,NA,NA,NA,"Coral City"
"279",279,"2005","Coral City",3,1,NA,NA,NA,"Coral City"
"280",280,"2005","Coral City",4,0,NA,NA,NA,"Coral City"
"281",281,"2005","Coral City",5,2,NA,NA,NA,"Coral City"
"282",282,"2005","Coral City",6,0,NA,NA,NA,"Coral City"
"283",283,"2005","Coral City",7,1,NA,NA,NA,"Coral City"
"284",284,"2005","Coral City",8,2,NA,NA,NA,"Coral City"
"285",285,"2005","Coral City",9,2,NA,NA,NA,"Coral City"
"286",286,"2005","Coral City",10,2,NA,NA,NA,"Coral City"
"287",287,"2005","Coral City",11,1,NA,NA,NA,"Coral City"
"288",288,"2005","Coral City",12,0,NA,NA,NA,"Coral City"
"289",289,"2005","Coral City",13,1,NA,NA,NA,"Coral City"
"290",290,"2005","Coral City",14,2,NA,NA,NA,"Coral City"
"291",291,"2005","Grundys  Gardens",1,3,NA,NA,NA,"Grundy's Gardens"
"292",292,"2005","Grundys  Gardens",2,4,NA,NA,NA,"Grundy's Gardens"
"293",293,"2005","Grundys  Gardens",3,1,NA,NA,NA,"Grundy's Gardens"
"294",294,"2005","Grundys  Gardens",4,0,NA,NA,NA,"Grundy's Gardens"
"295",295,"2005","Grundys  Gardens",5,0,NA,NA,NA,"Grundy's Gardens"
"296",296,"2005","Grundys  Gardens",6,1,NA,NA,NA,"Grundy's Gardens"
"297",297,"2005","Grundys  Gardens",7,2,NA,NA,NA,"Grundy's Gardens"
"298",298,"2005","Grundys  Gardens",8,0,NA,NA,NA,"Grundy's Gardens"
"299",299,"2005","Grundys  Gardens",9,2,NA,NA,NA,"Grundy's Gardens"
"300",300,"2005","Grundys  Gardens",10,1,NA,NA,NA,"Grundy's Gardens"
"301",301,"2005","Grundys  Gardens",11,1,NA,NA,NA,"Grundy's Gardens"
"302",302,"2005","Grundys  Gardens",12,3,NA,NA,NA,"Grundy's Gardens"
"303",303,"2005","Grundys  Gardens",13,1,NA,NA,NA,"Grundy's Gardens"
"304",304,"2005","Grundys  Gardens",14,1,NA,NA,NA,"Grundy's Gardens"
"305",305,"2005","Pauls Anchor",1,2,NA,NA,NA,"Paul's Anchor"
"306",306,"2005","Pauls Anchor",2,2,NA,NA,NA,"Paul's Anchor"
"307",307,"2005","Pauls Anchor",3,0,NA,NA,NA,"Paul's Anchor"
"308",308,"2005","Pauls Anchor",4,1,NA,NA,NA,"Paul's Anchor"
"309",309,"2005","Pauls Anchor",5,1,NA,NA,NA,"Paul's Anchor"
"310",310,"2005","Pauls Anchor",6,1,NA,NA,NA,"Paul's Anchor"
"311",311,"2005","Pauls Anchor",7,2,NA,NA,NA,"Paul's Anchor"
"312",312,"2005","West Point",1,1,NA,NA,NA,"West Point"
"313",313,"2005","West Point",2,0,NA,NA,NA,"West Point"
"314",314,"2005","West Point",3,2,NA,NA,NA,"West Point"
"315",315,"2005","West Point",4,0,NA,NA,NA,"West Point"
"316",316,"2005","West Point",5,0,NA,NA,NA,"West Point"
"317",317,"2005","West Point",6,0,NA,NA,NA,"West Point"
"318",318,"2005","West Point",7,0,NA,NA,NA,"West Point"
"319",319,"2005","West Point",8,1,NA,NA,NA,"West Point"
"320",320,"2005","West Point",9,3,NA,NA,NA,"West Point"
"321",321,"2005","West Point",10,0,NA,NA,NA,"West Point"
"322",322,"2005","West Point",11,2,NA,NA,NA,"West Point"
"323",323,"2005","West Point",12,1,NA,NA,NA,"West Point"
"324",324,"2006","Coral City",1,0,NA,NA,NA,"Coral City"
"325",325,"2006","Coral City",2,0,NA,NA,NA,"Coral City"
"326",326,"2006","Coral City",3,0,NA,NA,NA,"Coral City"
"327",327,"2006","Coral City",4,0,NA,NA,NA,"Coral City"
"328",328,"2006","Coral City",5,0,NA,NA,NA,"Coral City"
"329",329,"2006","Coral City",6,0,NA,NA,NA,"Coral City"
"330",330,"2006","Coral City",7,0,NA,NA,NA,"Coral City"
"331",331,"2006","Coral City",8,0,NA,NA,NA,"Coral City"
"332",332,"2006","Grundys  Gardens",1,0,NA,NA,NA,"Grundy's Gardens"
"333",333,"2006","Grundys  Gardens",2,0,NA,NA,NA,"Grundy's Gardens"
"334",334,"2006","Grundys  Gardens",3,0,NA,NA,NA,"Grundy's Gardens"
"335",335,"2006","Grundys  Gardens",4,1,NA,NA,NA,"Grundy's Gardens"
"336",336,"2006","Grundys  Gardens",5,0,NA,NA,NA,"Grundy's Gardens"
"337",337,"2006","Grundys  Gardens",6,0,NA,NA,NA,"Grundy's Gardens"
"338",338,"2006","Grundys  Gardens",7,0,NA,NA,NA,"Grundy's Gardens"
"339",339,"2006","Grundys  Gardens",8,2,NA,NA,NA,"Grundy's Gardens"
"340",340,"2006","Jigsaw",1,0,NA,NA,NA,"Jigsaw Puzzle"
"341",341,"2006","Jigsaw",2,1,NA,NA,NA,"Jigsaw Puzzle"
"342",342,"2006","Jigsaw",3,0,NA,NA,NA,"Jigsaw Puzzle"
"343",343,"2006","Jigsaw",4,3,NA,NA,NA,"Jigsaw Puzzle"
"344",344,"2006","Jigsaw",5,0,NA,NA,NA,"Jigsaw Puzzle"
"345",345,"2006","Jigsaw",6,0,NA,NA,NA,"Jigsaw Puzzle"
"346",346,"2006","Jigsaw",7,1,NA,NA,NA,"Jigsaw Puzzle"
"347",347,"2006","Jigsaw",8,0,NA,NA,NA,"Jigsaw Puzzle"
"348",348,"2006","Jigsaw",9,0,NA,NA,NA,"Jigsaw Puzzle"
"349",349,"2006","Mixing Bowl",1,1,NA,NA,NA,"Sailfin Miniwall"
"350",350,"2006","Mixing Bowl",2,1,NA,NA,NA,"Sailfin Miniwall"
"351",351,"2006","Mixing Bowl",3,0,NA,NA,NA,"Sailfin Miniwall"
"352",352,"2006","Mixing Bowl",4,0,NA,NA,NA,"Sailfin Miniwall"
"353",353,"2006","Mixing Bowl",5,1,NA,NA,NA,"Sailfin Miniwall"
"354",354,"2006","Mixing Bowl",6,0,NA,NA,NA,"Sailfin Miniwall"
"355",355,"2006","Mixing Bowl",7,0,NA,NA,NA,"Sailfin Miniwall"
"356",356,"2006","Mixing Bowl",8,0,NA,NA,NA,"Sailfin Miniwall"
"357",357,"2006","Pauls Anchor",1,0,NA,NA,NA,"Paul's Anchor"
"358",358,"2006","Pauls Anchor",2,0,NA,NA,NA,"Paul's Anchor"
"359",359,"2006","Pauls Anchor",3,1,NA,NA,NA,"Paul's Anchor"
"360",360,"2006","Pauls Anchor",4,1,NA,NA,NA,"Paul's Anchor"
"361",361,"2006","Pauls Anchor",5,0,NA,NA,NA,"Paul's Anchor"
"362",362,"2006","Pauls Anchor",6,0,NA,NA,NA,"Paul's Anchor"
"363",363,"2006","Pauls Anchor",7,0,NA,NA,NA,"Paul's Anchor"
"364",364,"2006","Pauls Anchor",8,0,NA,NA,NA,"Paul's Anchor"
"365",365,"2006","Pauls Anchor",9,0,NA,NA,NA,"Paul's Anchor"
"366",366,"2006","Sailfin",1,0,NA,NA,NA,"Sailfin Reef"
"367",367,"2006","Sailfin",2,0,NA,NA,NA,"Sailfin Reef"
"368",368,"2006","Sailfin",3,0,NA,NA,NA,"Sailfin Reef"
"369",369,"2006","Sailfin",4,4,NA,NA,NA,"Sailfin Reef"
"370",370,"2006","Sailfin",5,0,NA,NA,NA,"Sailfin Reef"
"371",371,"2006","Sailfin",6,1,NA,NA,NA,"Sailfin Reef"
"372",372,"2006","Sailfin",7,0,NA,NA,NA,"Sailfin Reef"
"373",373,"2006","Snapshot",1,0,NA,NA,NA,"Snap Shot"
"374",374,"2006","Snapshot",2,0,NA,NA,NA,"Snap Shot"
"375",375,"2006","Snapshot",3,1,NA,NA,NA,"Snap Shot"
"376",376,"2006","Snapshot",4,0,NA,NA,NA,"Snap Shot"
"377",377,"2006","Snapshot",5,0,NA,NA,NA,"Snap Shot"
"378",378,"2006","Snapshot",6,0,NA,NA,NA,"Snap Shot"
"379",379,"2006","Snapshot",7,0,NA,NA,NA,"Snap Shot"
"380",380,"2006","West Point",1,0,NA,NA,NA,"West Point"
"381",381,"2006","West Point",2,0,NA,NA,NA,"West Point"
"382",382,"2006","West Point",3,0,NA,NA,NA,"West Point"
"383",383,"2006","West Point",4,4,NA,NA,NA,"West Point"
"384",384,"2006","West Point",5,0,NA,NA,NA,"West Point"
"385",385,"2006","West Point",6,0,NA,NA,NA,"West Point"
"386",386,"2006","West Point",7,0,NA,NA,NA,"West Point"
"387",387,"2007","Coral City",1,0,NA,NA,NA,"Coral City"
"388",388,"2007","Coral City",2,0,NA,NA,NA,"Coral City"
"389",389,"2007","Coral City",3,1,NA,NA,NA,"Coral City"
"390",390,"2007","Coral City",4,1,NA,NA,NA,"Coral City"
"391",391,"2007","Coral City",5,0,NA,NA,NA,"Coral City"
"392",392,"2007","Coral City",6,0,NA,NA,NA,"Coral City"
"393",393,"2007","Coral City",7,1,NA,NA,NA,"Coral City"
"394",394,"2007","Coral City",8,1,NA,NA,NA,"Coral City"
"395",395,"2007","Grundys  Gardens",1,1,NA,NA,NA,"Grundy's Gardens"
"396",396,"2007","Grundys  Gardens",2,1,NA,NA,NA,"Grundy's Gardens"
"397",397,"2007","Grundys  Gardens",3,0,NA,NA,NA,"Grundy's Gardens"
"398",398,"2007","Grundys  Gardens",4,0,NA,NA,NA,"Grundy's Gardens"
"399",399,"2007","Grundys  Gardens",5,0,NA,NA,NA,"Grundy's Gardens"
"400",400,"2007","Grundys  Gardens",6,1,NA,NA,NA,"Grundy's Gardens"
"401",401,"2007","Grundys  Gardens",7,0,NA,NA,NA,"Grundy's Gardens"
"402",402,"2007","Grundys  Gardens",8,0,NA,NA,NA,"Grundy's Gardens"
"403",403,"2007","Grundys  Gardens",9,0,NA,NA,NA,"Grundy's Gardens"
"404",404,"2007","Grundys  Gardens",10,0,NA,NA,NA,"Grundy's Gardens"
"405",405,"2007","Grundys  Gardens",11,1,NA,NA,NA,"Grundy's Gardens"
"406",406,"2007","Grundys  Gardens",12,0,NA,NA,NA,"Grundy's Gardens"
"407",407,"2007","Jigsaw",1,3,NA,NA,NA,"Jigsaw Puzzle"
"408",408,"2007","Jigsaw",2,0,NA,NA,NA,"Jigsaw Puzzle"
"409",409,"2007","Jigsaw",3,2,NA,NA,NA,"Jigsaw Puzzle"
"410",410,"2007","Jigsaw",4,1,NA,NA,NA,"Jigsaw Puzzle"
"411",411,"2007","Jigsaw",5,0,NA,NA,NA,"Jigsaw Puzzle"
"412",412,"2007","Jigsaw",6,1,NA,NA,NA,"Jigsaw Puzzle"
"413",413,"2007","Jigsaw",7,2,NA,NA,NA,"Jigsaw Puzzle"
"414",414,"2007","Jigsaw",8,0,NA,NA,NA,"Jigsaw Puzzle"
"415",415,"2007","Jigsaw",9,0,NA,NA,NA,"Jigsaw Puzzle"
"416",416,"2007","Pauls Anchor",1,1,NA,NA,NA,"Paul's Anchor"
"417",417,"2007","Pauls Anchor",2,0,NA,NA,NA,"Paul's Anchor"
"418",418,"2007","Pauls Anchor",3,0,NA,NA,NA,"Paul's Anchor"
"419",419,"2007","Pauls Anchor",4,0,NA,NA,NA,"Paul's Anchor"
"420",420,"2007","Pauls Anchor",5,1,NA,NA,NA,"Paul's Anchor"
"421",421,"2007","Pauls Anchor",6,0,NA,NA,NA,"Paul's Anchor"
"422",422,"2007","Pauls Anchor",7,0,NA,NA,NA,"Paul's Anchor"
"423",423,"2007","Pauls Anchor",8,1,NA,NA,NA,"Paul's Anchor"
"424",424,"2007","Pauls Anchor",9,1,NA,NA,NA,"Paul's Anchor"
"425",425,"2007","Pauls Anchor",10,1,NA,NA,NA,"Paul's Anchor"
"426",426,"2007","Sailfin",1,0,NA,NA,NA,"Sailfin Reef"
"427",427,"2007","Sailfin",2,0,NA,NA,NA,"Sailfin Reef"
"428",428,"2007","Sailfin",3,0,NA,NA,NA,"Sailfin Reef"
"429",429,"2007","Sailfin",4,0,NA,NA,NA,"Sailfin Reef"
"430",430,"2007","Sailfin",5,0,NA,NA,NA,"Sailfin Reef"
"431",431,"2007","Sailfin",6,1,NA,NA,NA,"Sailfin Reef"
"432",432,"2007","Sailfin",7,1,NA,NA,NA,"Sailfin Reef"
"433",433,"2007","Sailfin",8,0,NA,NA,NA,"Sailfin Reef"
"434",434,"2007","Sailfin",9,0,NA,NA,NA,"Sailfin Reef"
"435",435,"2007","Sailfin",10,0,NA,NA,NA,"Sailfin Reef"
"436",436,"2007","Snapshot",1,0,NA,NA,NA,"Snap Shot"
"437",437,"2007","Snapshot",2,2,NA,NA,NA,"Snap Shot"
"438",438,"2007","Snapshot",3,2,NA,NA,NA,"Snap Shot"
"439",439,"2007","Snapshot",4,2,NA,NA,NA,"Snap Shot"
"440",440,"2007","Snapshot",5,2,NA,NA,NA,"Snap Shot"
"441",441,"2007","Snapshot",6,0,NA,NA,NA,"Snap Shot"
"442",442,"2007","Snapshot",7,3,NA,NA,NA,"Snap Shot"
"443",443,"2007","West Point",1,4,NA,NA,NA,"West Point"
"444",444,"2007","West Point",2,3,NA,NA,NA,"West Point"
"445",445,"2007","West Point",3,0,NA,NA,NA,"West Point"
"446",446,"2007","West Point",4,0,NA,NA,NA,"West Point"
"447",447,"2007","West Point",5,0,NA,NA,NA,"West Point"
"448",448,"2007","West Point",6,1,NA,NA,NA,"West Point"
"449",449,"2007","West Point",7,0,NA,NA,NA,"West Point"
"450",450,"2007","West Point",8,2,NA,NA,NA,"West Point"
"451",451,"2007","West Point",9,1,NA,NA,NA,"West Point"
"452",452,"2007","West Point",10,1,NA,NA,NA,"West Point"
"453",453,"2007","West Point",11,2,NA,NA,NA,"West Point"
"454",454,"2007","West Point",12,0,NA,NA,NA,"West Point"
"455",455,"2007","West Point",13,1,NA,NA,NA,"West Point"
"456",456,"2009","Coral City",1,3,NA,NA,NA,"Coral City"
"457",457,"2009","Coral City",2,0,NA,NA,NA,"Coral City"
"458",458,"2009","Coral City",3,0,NA,NA,NA,"Coral City"
"459",459,"2009","Coral City",4,1,NA,NA,NA,"Coral City"
"460",460,"2009","Grundys  Gardens",1,0,NA,NA,NA,"Grundy's Gardens"
"461",461,"2009","Grundys  Gardens",2,0,NA,NA,NA,"Grundy's Gardens"
"462",462,"2009","Grundys  Gardens",3,0,NA,NA,NA,"Grundy's Gardens"
"463",463,"2009","Grundys  Gardens",4,0,NA,NA,NA,"Grundy's Gardens"
"464",464,"2009","Grundys  Gardens",5,0,NA,NA,NA,"Grundy's Gardens"
"465",465,"2009","Grundys  Gardens",6,5,NA,NA,NA,"Grundy's Gardens"
"466",466,"2009","Grundys  Gardens",7,2,NA,NA,NA,"Grundy's Gardens"
"467",467,"2009","Jigsaw",1,0,NA,NA,NA,"Jigsaw Puzzle"
"468",468,"2009","Jigsaw",2,2,NA,NA,NA,"Jigsaw Puzzle"
"469",469,"2009","Jigsaw",3,4,NA,NA,NA,"Jigsaw Puzzle"
"470",470,"2009","Jigsaw",4,0,NA,NA,NA,"Jigsaw Puzzle"
"471",471,"2009","Jigsaw",5,0,NA,NA,NA,"Jigsaw Puzzle"
"472",472,"2009","Jigsaw",6,3,NA,NA,NA,"Jigsaw Puzzle"
"473",473,"2009","Jigsaw",7,1,NA,NA,NA,"Jigsaw Puzzle"
"474",474,"2009","Jigsaw",8,1,NA,NA,NA,"Jigsaw Puzzle"
"475",475,"2009","Jigsaw",9,0,NA,NA,NA,"Jigsaw Puzzle"
"476",476,"2009","Jigsaw",10,0,NA,NA,NA,"Jigsaw Puzzle"
"477",477,"2009","Meadows",1,1,NA,NA,NA,"The Meadows"
"478",478,"2009","Meadows",2,0,NA,NA,NA,"The Meadows"
"479",479,"2009","Meadows",3,1,NA,NA,NA,"The Meadows"
"480",480,"2009","Meadows",4,1,NA,NA,NA,"The Meadows"
"481",481,"2009","Meadows",5,1,NA,NA,NA,"The Meadows"
"482",482,"2009","Meadows",6,3,NA,NA,NA,"The Meadows"
"483",483,"2009","Meadows",7,0,NA,NA,NA,"The Meadows"
"484",484,"2009","Mixing Bowl",1,2,NA,NA,NA,"Sailfin Miniwall"
"485",485,"2009","Mixing Bowl",2,0,NA,NA,NA,"Sailfin Miniwall"
"486",486,"2009","Mixing Bowl",3,1,NA,NA,NA,"Sailfin Miniwall"
"487",487,"2009","Mixing Bowl",4,2,NA,NA,NA,"Sailfin Miniwall"
"488",488,"2009","Mixing Bowl",5,0,NA,NA,NA,"Sailfin Miniwall"
"489",489,"2009","Mixing Bowl",6,0,NA,NA,NA,"Sailfin Miniwall"
"490",490,"2009","Richardss Reef",1,0,NA,NA,NA,"Richard's Reef"
"491",491,"2009","Richardss Reef",2,2,NA,NA,NA,"Richard's Reef"
"492",492,"2009","Richardss Reef",3,0,NA,NA,NA,"Richard's Reef"
"493",493,"2009","Richardss Reef",4,1,NA,NA,NA,"Richard's Reef"
"494",494,"2009","Richardss Reef",5,2,NA,NA,NA,"Richard's Reef"
"495",495,"2009","Richardss Reef",6,0,NA,NA,NA,"Richard's Reef"
"496",496,"2009","Richardss Reef",7,0,NA,NA,NA,"Richard's Reef"
"497",497,"2009","Sailfin",1,1,NA,NA,NA,"Sailfin Reef"
"498",498,"2009","Sailfin",2,0,NA,NA,NA,"Sailfin Reef"
"499",499,"2009","Sailfin",3,1,NA,NA,NA,"Sailfin Reef"
"500",500,"2009","Sailfin",4,3,NA,NA,NA,"Sailfin Reef"
"501",501,"2009","Sailfin",5,0,NA,NA,NA,"Sailfin Reef"
"502",502,"2009","Sailfin",6,0,NA,NA,NA,"Sailfin Reef"
"503",503,"2009","Snapshot",1,0,NA,NA,NA,"Snap Shot"
"504",504,"2009","Snapshot",2,2,NA,NA,NA,"Snap Shot"
"505",505,"2009","Snapshot",3,0,NA,NA,NA,"Snap Shot"
"506",506,"2009","Snapshot",4,2,NA,NA,NA,"Snap Shot"
"507",507,"2009","West Point",1,2,NA,NA,NA,"West Point"
"508",508,"2009","West Point",2,1,NA,NA,NA,"West Point"
"509",509,"2009","West Point",3,0,NA,NA,NA,"West Point"
"510",510,"2009","West Point",4,0,NA,NA,NA,"West Point"
"511",511,"2009","West Point",5,1,NA,NA,NA,"West Point"
"512",512,"2009","West Point",6,1,NA,NA,NA,"West Point"
"513",513,"2009","West Point",7,0,NA,NA,NA,"West Point"
"514",514,"2011","Coral City",1,1,NA,NA,NA,"Coral City"
"515",515,"2011","Coral City",2,2,NA,NA,NA,"Coral City"
"516",516,"2011","Coral City",3,0,NA,NA,NA,"Coral City"
"517",517,"2011","Coral City",4,3,NA,NA,NA,"Coral City"
"518",518,"2011","Coral City",5,3,NA,NA,NA,"Coral City"
"519",519,"2011","Coral City",6,4,NA,NA,NA,"Coral City"
"520",520,"2011","Grundys  Gardens",1,3,NA,NA,NA,"Grundy's Gardens"
"521",521,"2011","Grundys  Gardens",2,4,NA,NA,NA,"Grundy's Gardens"
"522",522,"2011","Grundys  Gardens",3,0,NA,NA,NA,"Grundy's Gardens"
"523",523,"2011","Grundys  Gardens",4,2,NA,NA,NA,"Grundy's Gardens"
"524",524,"2011","Grundys  Gardens",5,1,NA,NA,NA,"Grundy's Gardens"
"525",525,"2011","Jigsaw",1,4,NA,NA,NA,"Jigsaw Puzzle"
"526",526,"2011","Jigsaw",2,5,NA,NA,NA,"Jigsaw Puzzle"
"527",527,"2011","Jigsaw",3,6,NA,NA,NA,"Jigsaw Puzzle"
"528",528,"2011","Jigsaw",4,0,NA,NA,NA,"Jigsaw Puzzle"
"529",529,"2011","Jigsaw",5,1,NA,NA,NA,"Jigsaw Puzzle"
"530",530,"2011","Jigsaw",6,1,NA,NA,NA,"Jigsaw Puzzle"
"531",531,"2011","Meadows",1,4,NA,NA,NA,"The Meadows"
"532",532,"2011","Meadows",2,7,NA,NA,NA,"The Meadows"
"533",533,"2011","Meadows",3,3,NA,NA,NA,"The Meadows"
"534",534,"2011","Meadows",4,3,NA,NA,NA,"The Meadows"
"535",535,"2011","Meadows",5,2,NA,NA,NA,"The Meadows"
"536",536,"2011","Meadows",6,3,NA,NA,NA,"The Meadows"
"537",537,"2011","Mixing Bowl",1,3,NA,NA,NA,"Sailfin Miniwall"
"538",538,"2011","Mixing Bowl",2,4,NA,NA,NA,"Sailfin Miniwall"
"539",539,"2011","Mixing Bowl",3,3,NA,NA,NA,"Sailfin Miniwall"
"540",540,"2011","Mixing Bowl",4,3,NA,NA,NA,"Sailfin Miniwall"
"541",541,"2011","Mixing Bowl",5,1,NA,NA,NA,"Sailfin Miniwall"
"542",542,"2011","Mixing Bowl",6,5,NA,NA,NA,"Sailfin Miniwall"
"543",543,"2011","Sailfin",1,3,NA,NA,NA,"Sailfin Reef"
"544",544,"2011","Sailfin",2,0,NA,NA,NA,"Sailfin Reef"
"545",545,"2011","Sailfin",3,2,NA,NA,NA,"Sailfin Reef"
"546",546,"2011","Sailfin",4,4,NA,NA,NA,"Sailfin Reef"
"547",547,"2011","Sailfin",5,2,NA,NA,NA,"Sailfin Reef"
"548",548,"2011","Sailfin",6,2,NA,NA,NA,"Sailfin Reef"
"549",549,"2011","Snapshot",1,1,NA,NA,NA,"Snap Shot"
"550",550,"2011","Snapshot",2,2,NA,NA,NA,"Snap Shot"
"551",551,"2011","Snapshot",3,2,NA,NA,NA,"Snap Shot"
"552",552,"2011","Snapshot",4,3,NA,NA,NA,"Snap Shot"
"553",553,"2011","Snapshot",5,1,NA,NA,NA,"Snap Shot"
"554",554,"2011","Snapshot",6,4,NA,NA,NA,"Snap Shot"
"555",555,"2011","West Point",1,1,NA,NA,NA,"West Point"
"556",556,"2011","West Point",2,1,NA,NA,NA,"West Point"
"557",557,"2011","West Point",3,1,NA,NA,NA,"West Point"
"558",558,"2011","West Point",4,1,NA,NA,NA,"West Point"
"559",559,"2011","West Point",5,3,NA,NA,NA,"West Point"
"560",560,"2011","West Point",6,0,NA,NA,NA,"West Point"
"561",561,"2012","Coral City",1,0,NA,NA,NA,"Coral City"
"562",562,"2012","Coral City",2,3,NA,NA,NA,"Coral City"
"563",563,"2012","Coral City",3,1,NA,NA,NA,"Coral City"
"564",564,"2012","Coral City",4,1,NA,NA,NA,"Coral City"
"565",565,"2012","Coral City",5,2,NA,NA,NA,"Coral City"
"566",566,"2012","Coral City",6,0,NA,NA,NA,"Coral City"
"567",567,"2012","Grundys  Gardens",1,0,NA,NA,NA,"Grundy's Gardens"
"568",568,"2012","Grundys  Gardens",2,0,NA,NA,NA,"Grundy's Gardens"
"569",569,"2012","Grundys  Gardens",3,0,NA,NA,NA,"Grundy's Gardens"
"570",570,"2012","Grundys  Gardens",4,1,NA,NA,NA,"Grundy's Gardens"
"571",571,"2012","Grundys  Gardens",5,0,NA,NA,NA,"Grundy's Gardens"
"572",572,"2012","Grundys  Gardens",6,0,NA,NA,NA,"Grundy's Gardens"
"573",573,"2012","ICON CREWS",1,0,NA,NA,NA,"Icon"
"574",574,"2012","ICON CREWS",2,0,NA,NA,NA,"Icon"
"575",575,"2012","ICON CREWS",3,0,NA,NA,NA,"Icon"
"576",576,"2012","ICON CREWS",4,1,NA,NA,NA,"Icon"
"577",577,"2012","ICON CREWS",5,0,NA,NA,NA,"Icon"
"578",578,"2012","ICON CREWS",6,0,NA,NA,NA,"Icon"
"579",579,"2012","Icon",1,2,NA,NA,NA,"Icon"
"580",580,"2012","Icon",2,1,NA,NA,NA,"Icon"
"581",581,"2012","Icon",3,0,NA,NA,NA,"Icon"
"582",582,"2012","Icon",4,0,NA,NA,NA,"Icon"
"583",583,"2012","Icon",5,1,NA,NA,NA,"Icon"
"584",584,"2012","Icon",6,1,NA,NA,NA,"Icon"
"585",585,"2012","Jigsaw",1,0,NA,NA,NA,"Jigsaw Puzzle"
"586",586,"2012","Jigsaw",2,1,NA,NA,NA,"Jigsaw Puzzle"
"587",587,"2012","Jigsaw",3,1,NA,NA,NA,"Jigsaw Puzzle"
"588",588,"2012","Jigsaw",4,0,NA,NA,NA,"Jigsaw Puzzle"
"589",589,"2012","Jigsaw",5,2,NA,NA,NA,"Jigsaw Puzzle"
"590",590,"2012","Jigsaw",6,1,NA,NA,NA,"Jigsaw Puzzle"
"591",591,"2012","Meadows",1,3,NA,NA,NA,"The Meadows"
"592",592,"2012","Meadows",2,2,NA,NA,NA,"The Meadows"
"593",593,"2012","Meadows",3,3,NA,NA,NA,"The Meadows"
"594",594,"2012","Meadows",4,1,NA,NA,NA,"The Meadows"
"595",595,"2012","Meadows",5,2,NA,NA,NA,"The Meadows"
"596",596,"2012","Meadows",6,1,NA,NA,NA,"The Meadows"
"597",597,"2012","Mixing Bowl",1,0,NA,NA,NA,"Sailfin Miniwall"
"598",598,"2012","Mixing Bowl",2,0,NA,NA,NA,"Sailfin Miniwall"
"599",599,"2012","Mixing Bowl",3,3,NA,NA,NA,"Sailfin Miniwall"
"600",600,"2012","Mixing Bowl",4,0,NA,NA,NA,"Sailfin Miniwall"
"601",601,"2012","Mixing Bowl",5,1,NA,NA,NA,"Sailfin Miniwall"
"602",602,"2012","Mixing Bowl",6,2,NA,NA,NA,"Sailfin Miniwall"
"603",603,"2012","Pauls Anchor",1,2,NA,NA,NA,"Paul's Anchor"
"604",604,"2012","Pauls Anchor",2,0,NA,NA,NA,"Paul's Anchor"
"605",605,"2012","Pauls Anchor",3,3,NA,NA,NA,"Paul's Anchor"
"606",606,"2012","Pauls Anchor",4,1,NA,NA,NA,"Paul's Anchor"
"607",607,"2012","Pauls Anchor",5,0,NA,NA,NA,"Paul's Anchor"
"608",608,"2012","Pauls Anchor",6,0,NA,NA,NA,"Paul's Anchor"
"609",609,"2012","Rock Bottom",1,1,NA,NA,NA,"Rock Bottom Wall"
"610",610,"2012","Rock Bottom",2,3,NA,NA,NA,"Rock Bottom Wall"
"611",611,"2012","Rock Bottom",3,1,NA,NA,NA,"Rock Bottom Wall"
"612",612,"2012","Rock Bottom",4,1,NA,NA,NA,"Rock Bottom Wall"
"613",613,"2012","Rock Bottom",5,0,NA,NA,NA,"Rock Bottom Wall"
"614",614,"2012","Rock Bottom",6,1,NA,NA,NA,"Rock Bottom Wall"
"615",615,"2012","Sailfin",1,1,NA,NA,NA,"Sailfin Reef"
"616",616,"2012","Sailfin",2,0,NA,NA,NA,"Sailfin Reef"
"617",617,"2012","Sailfin",3,2,NA,NA,NA,"Sailfin Reef"
"618",618,"2012","Sailfin",4,2,NA,NA,NA,"Sailfin Reef"
"619",619,"2012","Sailfin",5,1,NA,NA,NA,"Sailfin Reef"
"620",620,"2012","Sailfin",6,2,NA,NA,NA,"Sailfin Reef"
"621",621,"2012","Snapshot",1,1,NA,NA,NA,"Snap Shot"
"622",622,"2012","Snapshot",2,1,NA,NA,NA,"Snap Shot"
"623",623,"2012","Snapshot",3,0,NA,NA,NA,"Snap Shot"
"624",624,"2012","Snapshot",4,1,NA,NA,NA,"Snap Shot"
"625",625,"2012","Snapshot",5,1,NA,NA,NA,"Snap Shot"
"626",626,"2012","Snapshot",6,0,NA,NA,NA,"Snap Shot"
"627",627,"2012","West Point",1,0,NA,NA,NA,"West Point"
"628",628,"2012","West Point",2,0,NA,NA,NA,"West Point"
"629",629,"2012","West Point",3,0,NA,NA,NA,"West Point"
"630",630,"2012","West Point",4,0,NA,NA,NA,"West Point"
"631",631,"2012","West Point",5,0,NA,NA,NA,"West Point"
"632",632,"2012","West Point",6,0,NA,NA,NA,"West Point"
"633",633,"2013","Coral City",1,1,NA,NA,NA,"Coral City"
"634",634,"2013","Coral City",2,1,NA,NA,NA,"Coral City"
"635",635,"2013","Coral City",3,2,NA,NA,NA,"Coral City"
"636",636,"2013","Coral City",4,2,NA,NA,NA,"Coral City"
"637",637,"2013","Coral City",5,2,NA,NA,NA,"Coral City"
"638",638,"2013","Coral City",6,4,NA,NA,NA,"Coral City"
"639",639,"2013","Grundys  Gardens",1,0,NA,NA,NA,"Grundy's Gardens"
"640",640,"2013","Grundys  Gardens",2,1,NA,NA,NA,"Grundy's Gardens"
"641",641,"2013","Grundys  Gardens",3,0,NA,NA,NA,"Grundy's Gardens"
"642",642,"2013","Grundys  Gardens",4,0,NA,NA,NA,"Grundy's Gardens"
"643",643,"2013","Grundys  Gardens",5,3,NA,NA,NA,"Grundy's Gardens"
"644",644,"2013","Grundys  Gardens",6,5,NA,NA,NA,"Grundy's Gardens"
"645",645,"2013","Grundys  Gardens",7,3,NA,NA,NA,"Grundy's Gardens"
"646",646,"2013","Grundys  Gardens",8,1,NA,NA,NA,"Grundy's Gardens"
"647",647,"2013","Icon",1,3,NA,NA,NA,"Icon"
"648",648,"2013","Icon",2,1,NA,NA,NA,"Icon"
"649",649,"2013","Icon",3,3,NA,NA,NA,"Icon"
"650",650,"2013","Icon",4,1,NA,NA,NA,"Icon"
"651",651,"2013","Icon",5,5,NA,NA,NA,"Icon"
"652",652,"2013","Icon",6,2,NA,NA,NA,"Icon"
"653",653,"2013","Jigsaw",1,2,NA,NA,NA,"Jigsaw Puzzle"
"654",654,"2013","Jigsaw",2,9,NA,NA,NA,"Jigsaw Puzzle"
"655",655,"2013","Jigsaw",3,2,NA,NA,NA,"Jigsaw Puzzle"
"656",656,"2013","Jigsaw",4,2,NA,NA,NA,"Jigsaw Puzzle"
"657",657,"2013","Jigsaw",5,3,NA,NA,NA,"Jigsaw Puzzle"
"658",658,"2013","Jigsaw",6,0,NA,NA,NA,"Jigsaw Puzzle"
"659",659,"2013","Jigsaw",7,4,NA,NA,NA,"Jigsaw Puzzle"
"660",660,"2013","Meadows",1,1,NA,NA,NA,"The Meadows"
"661",661,"2013","Meadows",2,6,NA,NA,NA,"The Meadows"
"662",662,"2013","Meadows",3,8,NA,NA,NA,"The Meadows"
"663",663,"2013","Meadows",4,15,NA,NA,NA,"The Meadows"
"664",664,"2013","Meadows",5,6,NA,NA,NA,"The Meadows"
"665",665,"2013","Meadows",6,2,NA,NA,NA,"The Meadows"
"666",666,"2013","Mixing Bowl",1,1,NA,NA,NA,"Sailfin Miniwall"
"667",667,"2013","Mixing Bowl",2,1,NA,NA,NA,"Sailfin Miniwall"
"668",668,"2013","Mixing Bowl",3,1,NA,NA,NA,"Sailfin Miniwall"
"669",669,"2013","Mixing Bowl",4,3,NA,NA,NA,"Sailfin Miniwall"
"670",670,"2013","Mixing Bowl",5,5,NA,NA,NA,"Sailfin Miniwall"
"671",671,"2013","Mixing Bowl",6,7,NA,NA,NA,"Sailfin Miniwall"
"672",672,"2013","Mixing Bowl",7,2,NA,NA,NA,"Sailfin Miniwall"
"673",673,"2013","Mixing Bowl",8,1,NA,NA,NA,"Sailfin Miniwall"
"674",674,"2013","Pauls Anchor",1,2,NA,NA,NA,"Paul's Anchor"
"675",675,"2013","Pauls Anchor",2,3,NA,NA,NA,"Paul's Anchor"
"676",676,"2013","Pauls Anchor",3,6,NA,NA,NA,"Paul's Anchor"
"677",677,"2013","Pauls Anchor",4,7,NA,NA,NA,"Paul's Anchor"
"678",678,"2013","Pauls Anchor",5,3,NA,NA,NA,"Paul's Anchor"
"679",679,"2013","Pauls Anchor",6,5,NA,NA,NA,"Paul's Anchor"
"680",680,"2013","Sailfin",1,0,NA,NA,NA,"Sailfin Reef"
"681",681,"2013","Sailfin",2,1,NA,NA,NA,"Sailfin Reef"
"682",682,"2013","Sailfin",3,7,NA,NA,NA,"Sailfin Reef"
"683",683,"2013","Sailfin",4,5,NA,NA,NA,"Sailfin Reef"
"684",684,"2013","Sailfin",5,5,NA,NA,NA,"Sailfin Reef"
"685",685,"2013","Sailfin",6,3,NA,NA,NA,"Sailfin Reef"
"686",686,"2013","Snapshot",1,0,NA,NA,NA,"Snap Shot"
"687",687,"2013","Snapshot",2,2,NA,NA,NA,"Snap Shot"
"688",688,"2013","Snapshot",3,2,NA,NA,NA,"Snap Shot"
"689",689,"2013","Snapshot",4,5,NA,NA,NA,"Snap Shot"
"690",690,"2013","Snapshot",5,2,NA,NA,NA,"Snap Shot"
"691",691,"2013","Snapshot",6,1,NA,NA,NA,"Snap Shot"
"692",692,"2013","Snapshot",7,4,NA,NA,NA,"Snap Shot"
"693",693,"2013","Snapshot",8,3,NA,NA,NA,"Snap Shot"
"694",694,"2013","West Point",1,1,NA,NA,NA,"West Point"
"695",695,"2013","West Point",2,2,NA,NA,NA,"West Point"
"696",696,"2013","West Point",3,1,NA,NA,NA,"West Point"
"697",697,"2013","West Point",4,4,NA,NA,NA,"West Point"
"698",698,"2013","West Point",5,1,NA,NA,NA,"West Point"
"699",699,"2013","West Point",6,2,NA,NA,NA,"West Point"
"700",700,"2013","West Point",7,0,NA,NA,NA,"West Point"
"701",701,"2013","West Point",8,2,NA,NA,NA,"West Point"
"702",702,"2013","West Point",9,1,NA,NA,NA,"West Point"
"703",703,"2013","West Point",10,1,NA,NA,NA,"West Point"
"704",704,"2013","West Point",11,2,NA,NA,NA,"West Point"
"705",705,"2013","West Point",12,7,NA,NA,NA,"West Point"
"706",706,"2013","West Point",13,1,NA,NA,NA,"West Point"
"707",707,"2013","West Point",14,3,NA,NA,NA,"West Point"
"708",708,"2014","Coral City",1,0,NA,NA,NA,"Coral City"
"709",709,"2014","Coral City",2,2,NA,NA,NA,"Coral City"
"710",710,"2014","Coral City",3,2,NA,NA,NA,"Coral City"
"711",711,"2014","Coral City",4,0,NA,NA,NA,"Coral City"
"712",712,"2014","Coral City",5,0,NA,NA,NA,"Coral City"
"713",713,"2014","Coral City",6,0,NA,NA,NA,"Coral City"
"714",714,"2014","Coral City",7,2,NA,NA,NA,"Coral City"
"715",715,"2014","Coral City",8,4,NA,NA,NA,"Coral City"
"716",716,"2014","Coral City",9,1,NA,NA,NA,"Coral City"
"717",717,"2014","Coral City",10,2,NA,NA,NA,"Coral City"
"718",718,"2014","Grundys  Gardens",1,3,NA,NA,NA,"Grundy's Gardens"
"719",719,"2014","Grundys  Gardens",2,0,NA,NA,NA,"Grundy's Gardens"
"720",720,"2014","Grundys  Gardens",3,1,NA,NA,NA,"Grundy's Gardens"
"721",721,"2014","Grundys  Gardens",4,0,NA,NA,NA,"Grundy's Gardens"
"722",722,"2014","Grundys  Gardens",5,0,NA,NA,NA,"Grundy's Gardens"
"723",723,"2014","Grundys  Gardens",6,0,NA,NA,NA,"Grundy's Gardens"
"724",724,"2014","Grundys  Gardens",7,2,NA,NA,NA,"Grundy's Gardens"
"725",725,"2014","Grundys  Gardens",8,1,NA,NA,NA,"Grundy's Gardens"
"726",726,"2014","Grundys  Gardens",9,0,NA,NA,NA,"Grundy's Gardens"
"727",727,"2014","Icon",1,3,NA,NA,NA,"Icon"
"728",728,"2014","Icon",2,4,NA,NA,NA,"Icon"
"729",729,"2014","Icon",3,2,NA,NA,NA,"Icon"
"730",730,"2014","Icon",4,2,NA,NA,NA,"Icon"
"731",731,"2014","Icon",5,0,NA,NA,NA,"Icon"
"732",732,"2014","Icon",6,1,NA,NA,NA,"Icon"
"733",733,"2014","Icon",7,1,NA,NA,NA,"Icon"
"734",734,"2014","Icon",8,1,NA,NA,NA,"Icon"
"735",735,"2014","Icon",9,1,NA,NA,NA,"Icon"
"736",736,"2014","Icon",10,0,NA,NA,NA,"Icon"
"737",737,"2014","Jigsaw",1,0,NA,NA,NA,"Jigsaw Puzzle"
"738",738,"2014","Jigsaw",2,2,NA,NA,NA,"Jigsaw Puzzle"
"739",739,"2014","Jigsaw",3,1,NA,NA,NA,"Jigsaw Puzzle"
"740",740,"2014","Jigsaw",4,1,NA,NA,NA,"Jigsaw Puzzle"
"741",741,"2014","Jigsaw",5,2,NA,NA,NA,"Jigsaw Puzzle"
"742",742,"2014","Jigsaw",6,0,NA,NA,NA,"Jigsaw Puzzle"
"743",743,"2014","Jigsaw",7,0,NA,NA,NA,"Jigsaw Puzzle"
"744",744,"2014","Jigsaw",8,3,NA,NA,NA,"Jigsaw Puzzle"
"745",745,"2014","Jigsaw",9,1,NA,NA,NA,"Jigsaw Puzzle"
"746",746,"2014","Meadows",1,2,NA,NA,NA,"The Meadows"
"747",747,"2014","Meadows",2,3,NA,NA,NA,"The Meadows"
"748",748,"2014","Meadows",3,2,NA,NA,NA,"The Meadows"
"749",749,"2014","Meadows",4,0,NA,NA,NA,"The Meadows"
"750",750,"2014","Meadows",5,1,NA,NA,NA,"The Meadows"
"751",751,"2014","Meadows",6,1,NA,NA,NA,"The Meadows"
"752",752,"2014","Meadows",7,0,NA,NA,NA,"The Meadows"
"753",753,"2014","Meadows",8,0,NA,NA,NA,"The Meadows"
"754",754,"2014","Meadows",9,0,NA,NA,NA,"The Meadows"
"755",755,"2014","Meadows",10,4,NA,NA,NA,"The Meadows"
"756",756,"2014","Mixing Bowl",1,1,NA,NA,NA,"Sailfin Miniwall"
"757",757,"2014","Mixing Bowl",2,3,NA,NA,NA,"Sailfin Miniwall"
"758",758,"2014","Mixing Bowl",3,0,NA,NA,NA,"Sailfin Miniwall"
"759",759,"2014","Mixing Bowl",4,1,NA,NA,NA,"Sailfin Miniwall"
"760",760,"2014","Mixing Bowl",5,1,NA,NA,NA,"Sailfin Miniwall"
"761",761,"2014","Mixing Bowl",6,2,NA,NA,NA,"Sailfin Miniwall"
"762",762,"2014","Pauls Anchor",1,0,NA,NA,NA,"Paul's Anchor"
"763",763,"2014","Pauls Anchor",2,5,NA,NA,NA,"Paul's Anchor"
"764",764,"2014","Pauls Anchor",3,1,NA,NA,NA,"Paul's Anchor"
"765",765,"2014","Pauls Anchor",4,2,NA,NA,NA,"Paul's Anchor"
"766",766,"2014","Pauls Anchor",5,3,NA,NA,NA,"Paul's Anchor"
"767",767,"2014","Pauls Anchor",6,3,NA,NA,NA,"Paul's Anchor"
"768",768,"2014","Pauls Anchor",7,2,NA,NA,NA,"Paul's Anchor"
"769",769,"2014","Pauls Anchor",8,4,NA,NA,NA,"Paul's Anchor"
"770",770,"2014","Sailfin",1,1,NA,NA,NA,"Sailfin Reef"
"771",771,"2014","Sailfin",2,1,NA,NA,NA,"Sailfin Reef"
"772",772,"2014","Sailfin",3,2,NA,NA,NA,"Sailfin Reef"
"773",773,"2014","Sailfin",4,1,NA,NA,NA,"Sailfin Reef"
"774",774,"2014","Sailfin",5,3,NA,NA,NA,"Sailfin Reef"
"775",775,"2014","Sailfin",6,0,NA,NA,NA,"Sailfin Reef"
"776",776,"2014","Sailfin",7,2,NA,NA,NA,"Sailfin Reef"
"777",777,"2014","Snapshot",1,0,NA,NA,NA,"Snap Shot"
"778",778,"2014","Snapshot",2,3,NA,NA,NA,"Snap Shot"
"779",779,"2014","Snapshot",3,0,NA,NA,NA,"Snap Shot"
"780",780,"2014","Snapshot",4,1,NA,NA,NA,"Snap Shot"
"781",781,"2014","Snapshot",5,0,NA,NA,NA,"Snap Shot"
"782",782,"2014","Snapshot",6,0,NA,NA,NA,"Snap Shot"
"783",783,"2014","West Point",1,1,NA,NA,NA,"West Point"
"784",784,"2014","West Point",2,0,NA,NA,NA,"West Point"
"785",785,"2014","West Point",3,3,NA,NA,NA,"West Point"
"786",786,"2014","West Point",4,0,NA,NA,NA,"West Point"
"787",787,"2014","West Point",5,0,NA,NA,NA,"West Point"
"788",788,"2014","West Point",6,0,NA,NA,NA,"West Point"
"789",789,"2014","West Point",7,0,NA,NA,NA,"West Point"
"790",790,"2014","West Point",8,0,NA,NA,NA,"West Point"
"791",791,"2014","West Point",9,1,NA,NA,NA,"West Point"
"792",792,"2014","West Point",10,2,NA,NA,NA,"West Point"
"793",793,"2015","Coral City",1,0,NA,NA,NA,"Coral City"
"794",794,"2015","Coral City",2,0,NA,NA,NA,"Coral City"
"795",795,"2015","Coral City",3,6,NA,NA,NA,"Coral City"
"796",796,"2015","Coral City",4,8,NA,NA,NA,"Coral City"
"797",797,"2015","Coral City",5,2,NA,NA,NA,"Coral City"
"798",798,"2015","Coral City",6,3,NA,NA,NA,"Coral City"
"799",799,"2015","Grundys  Gardens",1,1,NA,NA,NA,"Grundy's Gardens"
"800",800,"2015","Grundys  Gardens",2,0,NA,NA,NA,"Grundy's Gardens"
"801",801,"2015","Grundys  Gardens",3,1,NA,NA,NA,"Grundy's Gardens"
"802",802,"2015","Grundys  Gardens",4,1,NA,NA,NA,"Grundy's Gardens"
"803",803,"2015","Grundys  Gardens",5,0,NA,NA,NA,"Grundy's Gardens"
"804",804,"2015","Grundys  Gardens",6,0,NA,NA,NA,"Grundy's Gardens"
"805",805,"2015","Icon",1,0,NA,NA,NA,"Icon"
"806",806,"2015","Icon",2,8,NA,NA,NA,"Icon"
"807",807,"2015","Icon",3,4,NA,NA,NA,"Icon"
"808",808,"2015","Icon",4,12,NA,NA,NA,"Icon"
"809",809,"2015","Icon",5,5,NA,NA,NA,"Icon"
"810",810,"2015","Icon",6,4,NA,NA,NA,"Icon"
"811",811,"2015","Jigsaw",1,2,NA,NA,NA,"Jigsaw Puzzle"
"812",812,"2015","Jigsaw",2,4,NA,NA,NA,"Jigsaw Puzzle"
"813",813,"2015","Jigsaw",3,0,NA,NA,NA,"Jigsaw Puzzle"
"814",814,"2015","Jigsaw",4,2,NA,NA,NA,"Jigsaw Puzzle"
"815",815,"2015","Jigsaw",5,2,NA,NA,NA,"Jigsaw Puzzle"
"816",816,"2015","Jigsaw",6,2,NA,NA,NA,"Jigsaw Puzzle"
"817",817,"2015","Meadows",1,4,NA,NA,NA,"The Meadows"
"818",818,"2015","Meadows",2,1,NA,NA,NA,"The Meadows"
"819",819,"2015","Meadows",3,1,NA,NA,NA,"The Meadows"
"820",820,"2015","Meadows",4,1,NA,NA,NA,"The Meadows"
"821",821,"2015","Meadows",5,2,NA,NA,NA,"The Meadows"
"822",822,"2015","Meadows",6,1,NA,NA,NA,"The Meadows"
"823",823,"2015","Mixing Bowl",1,0,NA,NA,NA,"Sailfin Miniwall"
"824",824,"2015","Mixing Bowl",2,0,NA,NA,NA,"Sailfin Miniwall"
"825",825,"2015","Mixing Bowl",3,3,NA,NA,NA,"Sailfin Miniwall"
"826",826,"2015","Mixing Bowl",4,3,NA,NA,NA,"Sailfin Miniwall"
"827",827,"2015","Mixing Bowl",5,0,NA,NA,NA,"Sailfin Miniwall"
"828",828,"2015","Mixing Bowl",6,7,NA,NA,NA,"Sailfin Miniwall"
"829",829,"2015","Pauls Anchor",1,5,NA,NA,NA,"Paul's Anchor"
"830",830,"2015","Pauls Anchor",2,4,NA,NA,NA,"Paul's Anchor"
"831",831,"2015","Pauls Anchor",3,3,NA,NA,NA,"Paul's Anchor"
"832",832,"2015","Pauls Anchor",4,13,NA,NA,NA,"Paul's Anchor"
"833",833,"2015","Pauls Anchor",5,7,NA,NA,NA,"Paul's Anchor"
"834",834,"2015","Pauls Anchor",6,8,NA,NA,NA,"Paul's Anchor"
"835",835,"2015","Sailfin",1,2,NA,NA,NA,"Sailfin Reef"
"836",836,"2015","Sailfin",2,0,NA,NA,NA,"Sailfin Reef"
"837",837,"2015","Sailfin",3,1,NA,NA,NA,"Sailfin Reef"
"838",838,"2015","Sailfin",4,4,NA,NA,NA,"Sailfin Reef"
"839",839,"2015","Sailfin",5,0,NA,NA,NA,"Sailfin Reef"
"840",840,"2015","Sailfin",6,2,NA,NA,NA,"Sailfin Reef"
"841",841,"2015","Snapshot",1,2,NA,NA,NA,"Snap Shot"
"842",842,"2015","Snapshot",2,1,NA,NA,NA,"Snap Shot"
"843",843,"2015","Snapshot",3,2,NA,NA,NA,"Snap Shot"
"844",844,"2015","Snapshot",4,0,NA,NA,NA,"Snap Shot"
"845",845,"2015","Snapshot",5,4,NA,NA,NA,"Snap Shot"
"846",846,"2015","Snapshot",6,3,NA,NA,NA,"Snap Shot"
"847",847,"2015","West Point",1,0,NA,NA,NA,"West Point"
"848",848,"2015","West Point",2,1,NA,NA,NA,"West Point"
"849",849,"2015","West Point",3,0,NA,NA,NA,"West Point"
"850",850,"2015","West Point",4,0,NA,NA,NA,"West Point"
"851",851,"2015","West Point",5,0,NA,NA,NA,"West Point"
"852",852,"2017","Coral City",1,NA,NA,NA,NA,"Coral City"
"853",853,"2017","Coral City",2,NA,NA,NA,NA,"Coral City"
"854",854,"2017","Coral City",3,NA,NA,NA,NA,"Coral City"
"855",855,"2017","Coral City",4,NA,NA,NA,NA,"Coral City"
"856",856,"2017","Coral City",5,NA,NA,NA,NA,"Coral City"
"857",857,"2017","Coral City",6,NA,NA,NA,NA,"Coral City"
"858",858,"2017","Grundys  Gardens",1,NA,NA,NA,NA,"Grundy's Gardens"
"859",859,"2017","Grundys  Gardens",2,NA,NA,NA,NA,"Grundy's Gardens"
"860",860,"2017","Grundys  Gardens",3,NA,NA,NA,NA,"Grundy's Gardens"
"861",861,"2017","Grundys  Gardens",4,NA,NA,NA,NA,"Grundy's Gardens"
"862",862,"2017","Grundys  Gardens",5,NA,NA,NA,NA,"Grundy's Gardens"
"863",863,"2017","Grundys  Gardens",6,NA,NA,NA,NA,"Grundy's Gardens"
"864",864,"2017","Icon",1,NA,NA,NA,NA,"Icon"
"865",865,"2017","Icon",2,NA,NA,NA,NA,"Icon"
"866",866,"2017","Icon",3,NA,NA,NA,NA,"Icon"
"867",867,"2017","Icon",4,NA,NA,NA,NA,"Icon"
"868",868,"2017","Icon",5,NA,NA,NA,NA,"Icon"
"869",869,"2017","Icon",6,NA,NA,NA,NA,"Icon"
"870",870,"2017","Jigsaw",3,NA,NA,NA,NA,"Jigsaw Puzzle"
"871",871,"2017","Jigsaw",4,NA,NA,NA,NA,"Jigsaw Puzzle"
"872",872,"2017","Jigsaw",5,NA,NA,NA,NA,"Jigsaw Puzzle"
"873",873,"2017","Jigsaw",6,NA,NA,NA,NA,"Jigsaw Puzzle"
"874",874,"2017","Jigsaw",1,NA,NA,NA,NA,"Jigsaw Puzzle"
"875",875,"2017","Jigsaw",2,NA,NA,NA,NA,"Jigsaw Puzzle"
"876",876,"2017","Meadows",1,NA,NA,NA,NA,"The Meadows"
"877",877,"2017","Meadows",2,NA,NA,NA,NA,"The Meadows"
"878",878,"2017","Meadows",3,NA,NA,NA,NA,"The Meadows"
"879",879,"2017","Meadows",4,NA,NA,NA,NA,"The Meadows"
"880",880,"2017","Meadows",5,NA,NA,NA,NA,"The Meadows"
"881",881,"2017","Meadows",6,NA,NA,NA,NA,"The Meadows"
"882",882,"2017","Meadows",7,NA,NA,NA,NA,"The Meadows"
"883",883,"2017","Mixing Bowl",1,NA,NA,NA,NA,"Sailfin Miniwall"
"884",884,"2017","Mixing Bowl",2,NA,NA,NA,NA,"Sailfin Miniwall"
"885",885,"2017","Mixing Bowl",3,NA,NA,NA,NA,"Sailfin Miniwall"
"886",886,"2017","Mixing Bowl",4,NA,NA,NA,NA,"Sailfin Miniwall"
"887",887,"2017","Mixing Bowl",5,NA,NA,NA,NA,"Sailfin Miniwall"
"888",888,"2017","Mixing Bowl",6,NA,NA,NA,NA,"Sailfin Miniwall"
"889",889,"2017","Mixing Bowl",7,NA,NA,NA,NA,"Sailfin Miniwall"
"890",890,"2017","Mixing Bowl",8,NA,NA,NA,NA,"Sailfin Miniwall"
"891",891,"2017","Pauls Anchor",1,NA,NA,NA,NA,"Paul's Anchor"
"892",892,"2017","Pauls Anchor",2,NA,NA,NA,NA,"Paul's Anchor"
"893",893,"2017","Pauls Anchor",3,NA,NA,NA,NA,"Paul's Anchor"
"894",894,"2017","Pauls Anchor",4,NA,NA,NA,NA,"Paul's Anchor"
"895",895,"2017","Pauls Anchor",5,NA,NA,NA,NA,"Paul's Anchor"
"896",896,"2017","Pauls Anchor",6,NA,NA,NA,NA,"Paul's Anchor"
"897",897,"2017","Sailfin",1,NA,NA,NA,NA,"Sailfin Reef"
"898",898,"2017","Sailfin",2,NA,NA,NA,NA,"Sailfin Reef"
"899",899,"2017","Sailfin",3,NA,NA,NA,NA,"Sailfin Reef"
"900",900,"2017","Sailfin",4,NA,NA,NA,NA,"Sailfin Reef"
"901",901,"2017","Sailfin",5,NA,NA,NA,NA,"Sailfin Reef"
"902",902,"2017","Sailfin",6,NA,NA,NA,NA,"Sailfin Reef"
"903",903,"2017","Snapshot",1,NA,NA,NA,NA,"Snap Shot"
"904",904,"2017","Snapshot",2,NA,NA,NA,NA,"Snap Shot"
"905",905,"2017","Snapshot",3,NA,NA,NA,NA,"Snap Shot"
"906",906,"2017","Snapshot",4,NA,NA,NA,NA,"Snap Shot"
"907",907,"2017","Snapshot",5,NA,NA,NA,NA,"Snap Shot"
"908",908,"2017","Snapshot",6,NA,NA,NA,NA,"Snap Shot"
"909",909,"2017","West Point",1,NA,NA,NA,NA,"West Point"
"910",910,"2017","West Point",2,NA,NA,NA,NA,"West Point"
"911",911,"2017","West Point",3,NA,NA,NA,NA,"West Point"
"912",912,"2017","West Point",4,NA,NA,NA,NA,"West Point"
"913",913,"2017","West Point",5,NA,NA,NA,NA,"West Point"
"914",914,"2017","West Point",6,NA,NA,NA,NA,"West Point"
"915",915,"2017","West Point",7,NA,NA,NA,NA,"West Point"
"916",916,"2017","West Point",8,NA,NA,NA,NA,"West Point"
"917",917,"2017","West Point",9,NA,NA,NA,NA,"West Point"
"918",918,"2017","West Point",10,NA,NA,NA,NA,"West Point"
"919",919,"2017","West Point",11,NA,NA,NA,NA,"West Point"
"920",920,"2017","West Point",12,NA,NA,NA,NA,"West Point"
"921",921,"2018","Blacktip tunnel",1,NA,NA,NA,NA,"Blacktip tunnel"
"922",922,"2018","Blacktip tunnel",2,NA,NA,NA,NA,"Blacktip tunnel"
"923",923,"2018","Blacktip tunnel",3,0,NA,NA,NA,"Blacktip tunnel"
"924",924,"2018","Blacktip tunnel",4,0,NA,NA,NA,"Blacktip tunnel"
"925",925,"2018","Blacktip tunnel",5,1,NA,NA,NA,"Blacktip tunnel"
"926",926,"2018","Blacktip tunnel",6,NA,NA,NA,NA,"Blacktip tunnel"
"927",927,"2018","Blacktip tunnel",7,NA,NA,NA,NA,"Blacktip tunnel"
"928",928,"2018","Blacktip tunnel",8,NA,NA,NA,NA,"Blacktip tunnel"
"929",929,"2018","Coral City",1,NA,NA,NA,NA,"Coral City"
"930",930,"2018","Coral City",2,NA,NA,NA,NA,"Coral City"
"931",931,"2018","Coral City",3,NA,NA,NA,NA,"Coral City"
"932",932,"2018","Coral City",4,0,NA,NA,NA,"Coral City"
"933",933,"2018","Coral City",5,0,NA,NA,NA,"Coral City"
"934",934,"2018","Coral City",6,0,NA,NA,NA,"Coral City"
"935",935,"2018","Coral City",7,0,NA,NA,NA,"Coral City"
"936",936,"2018","Coral City",8,NA,NA,NA,NA,"Coral City"
"937",937,"2018","Coral City",9,NA,NA,NA,NA,"Coral City"
"938",938,"2018","Coral City",10,NA,NA,NA,NA,"Coral City"
"939",939,"2018","Coral City",11,NA,NA,NA,NA,"Coral City"
"940",940,"2018","Grundys  Gardens",1,NA,NA,NA,NA,"Grundy's Gardens"
"941",941,"2018","Grundys  Gardens",2,NA,NA,NA,NA,"Grundy's Gardens"
"942",942,"2018","Grundys  Gardens",3,NA,NA,NA,NA,"Grundy's Gardens"
"943",943,"2018","Grundys  Gardens",4,0,NA,NA,NA,"Grundy's Gardens"
"944",944,"2018","Grundys  Gardens",5,0,NA,NA,NA,"Grundy's Gardens"
"945",945,"2018","Grundys  Gardens",6,0,NA,NA,NA,"Grundy's Gardens"
"946",946,"2018","Grundys  Gardens",7,0,NA,NA,NA,"Grundy's Gardens"
"947",947,"2018","Grundys  Gardens",8,NA,NA,NA,NA,"Grundy's Gardens"
"948",948,"2018","Grundys  Gardens",9,NA,NA,NA,NA,"Grundy's Gardens"
"949",949,"2018","Grundys  Gardens",10,NA,NA,NA,NA,"Grundy's Gardens"
"950",950,"2018","Grundys  Gardens",11,NA,NA,NA,NA,"Grundy's Gardens"
"951",951,"2018","Grundys  Gardens",12,NA,NA,NA,NA,"Grundy's Gardens"
"952",952,"2018","Grundys  Gardens",13,NA,NA,NA,NA,"Grundy's Gardens"
"953",953,"2018","Jigsaw",1,NA,NA,NA,NA,"Jigsaw Puzzle"
"954",954,"2018","Jigsaw",2,NA,NA,NA,NA,"Jigsaw Puzzle"
"955",955,"2018","Jigsaw",3,NA,NA,NA,NA,"Jigsaw Puzzle"
"956",956,"2018","Jigsaw",4,0,NA,NA,NA,"Jigsaw Puzzle"
"957",957,"2018","Jigsaw",5,0,NA,NA,NA,"Jigsaw Puzzle"
"958",958,"2018","Jigsaw",6,0,NA,NA,NA,"Jigsaw Puzzle"
"959",959,"2018","Jigsaw",7,0,NA,NA,NA,"Jigsaw Puzzle"
"960",960,"2018","Joys Joy",1,NA,NA,NA,NA,"Joy's Joy"
"961",961,"2018","Joys Joy",2,NA,NA,NA,NA,"Joy's Joy"
"962",962,"2018","Joys Joy",3,NA,NA,NA,NA,"Joy's Joy"
"963",963,"2018","Joys Joy",4,0,NA,NA,NA,"Joy's Joy"
"964",964,"2018","Joys Joy",5,1,NA,NA,NA,"Joy's Joy"
"965",965,"2018","Joys Joy",6,0,NA,NA,NA,"Joy's Joy"
"966",966,"2018","Joys Joy",7,0,NA,NA,NA,"Joy's Joy"
"967",967,"2018","Lucas Ledge",1,NA,NA,NA,NA,"Lucas Ledge"
"968",968,"2018","Lucas Ledge",2,NA,NA,NA,NA,"Lucas Ledge"
"969",969,"2018","Lucas Ledge",3,NA,NA,NA,NA,"Lucas Ledge"
"970",970,"2018","Lucas Ledge",4,NA,NA,NA,NA,"Lucas Ledge"
"971",971,"2018","Lucas Ledge",5,NA,NA,NA,NA,"Lucas Ledge"
"972",972,"2018","Lucas Ledge",6,NA,NA,NA,NA,"Lucas Ledge"
"973",973,"2018","Lucas Ledge",7,0,NA,NA,NA,"Lucas Ledge"
"974",974,"2018","Lucas Ledge",8,0,NA,NA,NA,"Lucas Ledge"
"975",975,"2018","Lucas Ledge",9,0,NA,NA,NA,"Lucas Ledge"
"976",976,"2018","Lucas Ledge",10,0,NA,NA,NA,"Lucas Ledge"
"977",977,"2018","Lucas Ledge",11,NA,NA,NA,NA,"Lucas Ledge"
"978",978,"2018","Lucas Ledge",12,NA,NA,NA,NA,"Lucas Ledge"
"979",979,"2018","Lucas Ledge",13,NA,NA,NA,NA,"Lucas Ledge"
"980",980,"2018","Lucas Ledge",14,NA,NA,NA,NA,"Lucas Ledge"
"981",981,"2018","Meadows",1,NA,NA,NA,NA,"The Meadows"
"982",982,"2018","Meadows",2,NA,NA,NA,NA,"The Meadows"
"983",983,"2018","Meadows",3,NA,NA,NA,NA,"The Meadows"
"984",984,"2018","Meadows",4,0,NA,NA,NA,"The Meadows"
"985",985,"2018","Meadows",5,0,NA,NA,NA,"The Meadows"
"986",986,"2018","Meadows",6,0,NA,NA,NA,"The Meadows"
"987",987,"2018","Meadows",7,0,NA,NA,NA,"The Meadows"
"988",988,"2018","Meadows",8,NA,NA,NA,NA,"The Meadows"
"989",989,"2018","Meadows",9,NA,NA,NA,NA,"The Meadows"
"990",990,"2018","Meadows",10,NA,NA,NA,NA,"The Meadows"
"991",991,"2018","West Point",1,NA,NA,NA,NA,"West Point"
"992",992,"2018","West Point",2,NA,NA,NA,NA,"West Point"
"993",993,"2018","West Point",3,0,NA,NA,NA,"West Point"
"994",994,"2018","West Point",4,0,NA,NA,NA,"West Point"
"995",995,"2018","West Point",5,0,NA,NA,NA,"West Point"
"996",996,"2018","West Point",6,0,NA,NA,NA,"West Point"
"997",997,"2018","West Point",7,NA,NA,NA,NA,"West Point"
"998",998,"2018","West Point",8,NA,NA,NA,NA,"West Point"
"999",999,"2018","West Point",9,NA,NA,NA,NA,"West Point"
"1000",1000,"2019","CORAL CITY",1,1,NA,NA,NA,"Coral City"
"1001",1001,"2019","CORAL CITY",2,0,NA,NA,NA,"Coral City"
"1002",1002,"2019","CORAL CITY",3,0,NA,NA,NA,"Coral City"
"1003",1003,"2019","CORAL CITY",4,8,NA,NA,NA,"Coral City"
"1004",1004,"2019","CORAL CITY",5,9,NA,NA,NA,"Coral City"
"1005",1005,"2019","CORAL CITY",6,3,NA,NA,NA,"Coral City"
"1006",1006,"2019","CORAL CITY",7,8,NA,NA,NA,"Coral City"
"1007",1007,"2019","CORAL CITY",8,3,NA,NA,NA,"Coral City"
"1008",1008,"2019","Grundys  Gardens",1,1,NA,NA,NA,"Grundy's Gardens"
"1009",1009,"2019","Grundys  Gardens",2,1,NA,NA,NA,"Grundy's Gardens"
"1010",1010,"2019","Grundys  Gardens",3,0,NA,NA,NA,"Grundy's Gardens"
"1011",1011,"2019","Grundys  Gardens",4,4,NA,NA,NA,"Grundy's Gardens"
"1012",1012,"2019","Grundys  Gardens",5,2,NA,NA,NA,"Grundy's Gardens"
"1013",1013,"2019","Grundys  Gardens",6,3,NA,NA,NA,"Grundy's Gardens"
"1014",1014,"2019","Grundys  Gardens",7,6,NA,NA,NA,"Grundy's Gardens"
"1015",1015,"2019","Grundys  Gardens",8,8,NA,NA,NA,"Grundy's Gardens"
"1016",1016,"2019","Icon",1,4,NA,NA,NA,"Icon"
"1017",1017,"2019","Icon",2,4,NA,NA,NA,"Icon"
"1018",1018,"2019","Icon",3,0,NA,NA,NA,"Icon"
"1019",1019,"2019","Icon",4,2,NA,NA,NA,"Icon"
"1020",1020,"2019","Icon",5,4,NA,NA,NA,"Icon"
"1021",1021,"2019","Icon",6,3,NA,NA,NA,"Icon"
"1022",1022,"2019","Icon",7,5,NA,NA,NA,"Icon"
"1023",1023,"2019","Icon",8,9,NA,NA,NA,"Icon"
"1024",1024,"2019","Icon",9,9,NA,NA,NA,"Icon"
"1025",1025,"2019","JIGSAW",1,2,NA,NA,NA,"Jigsaw Puzzle"
"1026",1026,"2019","JIGSAW",2,3,NA,NA,NA,"Jigsaw Puzzle"
"1027",1027,"2019","JIGSAW",3,0,NA,NA,NA,"Jigsaw Puzzle"
"1028",1028,"2019","JIGSAW",4,4,NA,NA,NA,"Jigsaw Puzzle"
"1029",1029,"2019","JIGSAW",5,3,NA,NA,NA,"Jigsaw Puzzle"
"1030",1030,"2019","JIGSAW",6,3,NA,NA,NA,"Jigsaw Puzzle"
"1031",1031,"2019","JIGSAW",7,11,NA,NA,NA,"Jigsaw Puzzle"
"1032",1032,"2019","JIGSAW",8,3,NA,NA,NA,"Jigsaw Puzzle"
"1033",1033,"2019","Meadows",1,0,NA,NA,NA,"The Meadows"
"1034",1034,"2019","Meadows",2,4,NA,NA,NA,"The Meadows"
"1035",1035,"2019","Meadows",3,3,NA,NA,NA,"The Meadows"
"1036",1036,"2019","Meadows",4,9,NA,NA,NA,"The Meadows"
"1037",1037,"2019","Meadows",5,3,NA,NA,NA,"The Meadows"
"1038",1038,"2019","Meadows",6,3,NA,NA,NA,"The Meadows"
"1039",1039,"2019","Meadows",7,13,NA,NA,NA,"The Meadows"
"1040",1040,"2019","Meadows",8,8,NA,NA,NA,"The Meadows"
"1041",1041,"2019","Mixing Bowl",1,2,NA,NA,NA,"Sailfin Miniwall"
"1042",1042,"2019","Mixing Bowl",2,1,NA,NA,NA,"Sailfin Miniwall"
"1043",1043,"2019","Mixing Bowl",3,1,NA,NA,NA,"Sailfin Miniwall"
"1044",1044,"2019","Mixing Bowl",4,1,NA,NA,NA,"Sailfin Miniwall"
"1045",1045,"2019","Mixing Bowl",5,4,NA,NA,NA,"Sailfin Miniwall"
"1046",1046,"2019","Mixing Bowl",6,2,NA,NA,NA,"Sailfin Miniwall"
"1047",1047,"2019","Mixing Bowl",7,7,NA,NA,NA,"Sailfin Miniwall"
"1048",1048,"2019","Mixing Bowl",8,1,NA,NA,NA,"Sailfin Miniwall"
"1049",1049,"2019","Pauls Anchor",1,3,NA,NA,NA,"Paul's Anchor"
"1050",1050,"2019","Pauls Anchor",2,2,NA,NA,NA,"Paul's Anchor"
"1051",1051,"2019","Pauls Anchor",3,0,NA,NA,NA,"Paul's Anchor"
"1052",1052,"2019","Pauls Anchor",4,9,NA,NA,NA,"Paul's Anchor"
"1053",1053,"2019","Pauls Anchor",5,6,NA,NA,NA,"Paul's Anchor"
"1054",1054,"2019","Pauls Anchor",6,9,NA,NA,NA,"Paul's Anchor"
"1055",1055,"2019","Pauls Anchor",7,7,NA,NA,NA,"Paul's Anchor"
"1056",1056,"2019","Pauls Anchor",8,5,NA,NA,NA,"Paul's Anchor"
"1057",1057,"2019","SNAPSHOT",1,2,NA,NA,NA,"Snap Shot"
"1058",1058,"2019","SNAPSHOT",2,0,NA,NA,NA,"Snap Shot"
"1059",1059,"2019","SNAPSHOT",4,6,NA,NA,NA,"Snap Shot"
"1060",1060,"2019","SNAPSHOT",5,10,NA,NA,NA,"Snap Shot"
"1061",1061,"2019","SNAPSHOT",6,12,NA,NA,NA,"Snap Shot"
"1062",1062,"2019","SNAPSHOT",7,8,NA,NA,NA,"Snap Shot"
"1063",1063,"2019","SNAPSHOT",8,13,NA,NA,NA,"Snap Shot"
"1064",1064,"2019","Sailfin",1,5,NA,NA,NA,"Sailfin Reef"
"1065",1065,"2019","Sailfin",2,5,NA,NA,NA,"Sailfin Reef"
"1066",1066,"2019","Sailfin",3,3,NA,NA,NA,"Sailfin Reef"
"1067",1067,"2019","Sailfin",4,3,NA,NA,NA,"Sailfin Reef"
"1068",1068,"2019","Sailfin",5,13,NA,NA,NA,"Sailfin Reef"
"1069",1069,"2019","Sailfin",6,4,NA,NA,NA,"Sailfin Reef"
"1070",1070,"2019","Sailfin",7,4,NA,NA,NA,"Sailfin Reef"
"1071",1071,"2019","Sailfin",8,4,NA,NA,NA,"Sailfin Reef"
"1072",1072,"2019","Snapshot",3,0,NA,NA,NA,"Snap Shot"
"1073",1073,"2019","West Point",1,1,NA,NA,NA,"West Point"
"1074",1074,"2019","West Point",2,4,NA,NA,NA,"West Point"
"1075",1075,"2019","West Point",3,0,NA,NA,NA,"West Point"
"1076",1076,"2019","West Point",4,NA,NA,NA,NA,"West Point"
"1077",1077,"2019","West Point",5,2,NA,NA,NA,"West Point"
"1078",1078,"2019","West Point",6,7,NA,NA,NA,"West Point"
"1079",1079,"2019","West Point",7,8,NA,NA,NA,"West Point"
"1080",1080,"2019","West Point",8,5,NA,NA,NA,"West Point"
"1081",1081,"2020","Marilyn's Cut",2,25,"GGG","August",2,"Marylin's Cut"
"1082",1082,"2020","Meadows",1,11,"GGG","August",2,"The Meadows"
"1083",1083,"2020","Meadows",2,16,"GGG","August",2,"The Meadows"
"1084",1084,"2020","Paul's Anchor",1,18,"GGG","August",2,"Paul's Anchor"
"1085",1085,"2020","Paul's Anchor",2,10,"GGG","August",2,"Paul's Anchor"
"1086",1086,"2020","Sailfin",1,37,"GGG","August",3,"Sailfin Reef"
"1087",1087,"2020","Sailfin",2,32,"GGG","August",3,"Sailfin Reef"
"1088",1088,"2020","Sailfin",3,30,"GGG","August",3,"Sailfin Reef"
"1089",1089,"2020","Sailfin",4,22,"GGG","August",3,"Sailfin Reef"
"1090",1090,"2020","Snapshot",1,24,"GGG","August",5,"Snap Shot"
"1091",1091,"2020","Snapshot",2,14,"GGG","August",5,"Snap Shot"
"1092",1092,"2020","Snapshot",3,16,"GGG","August",5,"Snap Shot"
"1093",1093,"2020","Snapshot",4,12,"GGG","August",5,"Snap Shot"
"1094",1094,"2020","Coral City",1,8,"GGG","July",27,"Coral City"
"1095",1095,"2020","Coral City",2,13,"GGG","July",27,"Coral City"
"1096",1096,"2020","Coral City",1,4,"MF","July",27,"Coral City"
"1097",1097,"2020","Coral City",2,10,"MF","July",27,"Coral City"
"1098",1098,"2020","Grundys",1,30,"MF","July",27,"Grundy's Gardens"
"1099",1099,"2020","Grundys",2,27,"MF","July",27,"Grundy's Gardens"
"1100",1100,"2020","Jigsaw",1,21,"GGG","July",28,"Jigsaw Puzzle"
"1101",1101,"2020","Jigsaw",2,14,"GGG","July",28,"Jigsaw Puzzle"
"1102",1102,"2020","Jigsaw",1,16,"MF","July",28,"Jigsaw Puzzle"
"1103",1103,"2020","Jigsaw",2,10,"MF","July",28,"Jigsaw Puzzle"
"1104",1104,"2020","WestPoint",1,6,"GGG","July",28,"West Point"
"1105",1105,"2020","WestPoint",2,17,"GGG","July",28,"West Point"
"1106",1106,"2020","WestPoint",3,10,"MF","July",28,"West Point"
"1107",1107,"2020","WestPoint",4,9,"MF","July",28,"West Point"
"1108",1108,"2020","Marilyns_cut",1,22,"GGG","July",29,"Marylin's Cut"
"1109",1109,"2020","Marilyns_cut",1,20,"MF","July",29,"Marylin's Cut"
"1110",1110,"2020","Marilyns_cut",2,14,"MF","July",29,"Marylin's Cut"
"1111",1111,"2020","Marthas",1,14,"GGG","July",29,"Martha's Finyard"
"1112",1112,"2020","Marthas",2,7,"GGG","July",29,"Martha's Finyard"
"1113",1113,"2020","Marthas",1,9,"MF","July",29,"Martha's Finyard"
"1114",1114,"2020","Marthas",2,9,"MF","July",29,"Martha's Finyard"
"1115",1115,"2021","Coral City",1,2,"CG","June",25,"Coral City"
"1116",1116,"2021","Coral City",2,3,"CG","June",25,"Coral City"
"1117",1117,"2021","Coral City",1,3,"GEC","June",25,"Coral City"
"1118",1118,"2021","Coral City",2,5,"GEC","June",25,"Coral City"
"1119",1119,"2021","Coral City",1,6,"GGG","June",25,"Coral City"
"1120",1120,"2021","Coral City",2,4,"GGG","June",25,"Coral City"
"1121",1121,"2021","Marilyns Cut",1,8,"CG","June",25,"Marylin's Cut"
"1122",1122,"2021","Marilyns Cut",2,3,"CG","June",25,"Marylin's Cut"
"1123",1123,"2021","Westpoint",1,2,"CG","June",25,"West Point"
"1124",1124,"2021","Westpoint",2,5,"CG","June",25,"West Point"
"1125",1125,"2021","Westpoint",1,6,"GEC","June",25,"West Point"
"1126",1126,"2021","Westpoint",2,8,"GEC","June",25,"West Point"
"1127",1127,"2021","Westpoint",1,5,"GGG","June",25,"West Point"
"1128",1128,"2021","Westpoint",2,7,"GGG","June",25,"West Point"
"1129",1129,"2021","Grundys",1,2,"CG","June",28,"Grundy's Gardens"
"1130",1130,"2021","Grundys",2,1,"CG","June",28,"Grundy's Gardens"
"1131",1131,"2021","Grundys",1,3,"GEC","June",28,"Grundy's Gardens"
"1132",1132,"2021","Grundys",2,8,"GEC","June",28,"Grundy's Gardens"
"1133",1133,"2021","Grundys",1,5,"GGG","June",28,"Grundy's Gardens"
"1134",1134,"2021","Marilyns Cut",1,6,"GEC","June",28,"Marylin's Cut"
"1135",1135,"2021","Marilyns Cut",1,4,"GGG","June",28,"Marylin's Cut"
"1136",1136,"2021","Marilyns Cut",1,4,"sw","June",28,"Marylin's Cut"
"1137",1137,"2021","Marthas",1,3,"CG","June",28,"Martha's Finyard"
"1138",1138,"2021","Marthas",1,2,"GEC","June",28,"Martha's Finyard"
"1139",1139,"2021","Marthas",1,5,"GGG","June",28,"Martha's Finyard"
"1140",1140,"2021","Marthas",1,3,"sw","June",28,"Martha's Finyard"
"1141",1141,"2021","Snapshot",1,5,"GEC","June",28,"Snap Shot"
"1142",1142,"2021","Meadows",1,4,"sw","June",29,"The Meadows"
"1143",1143,"2021","Pauls Anchor",1,4,"CG","June",29,"Paul's Anchor"
"1144",1144,"2021","Pauls Anchor",2,5,"CG_SW","June",29,"Paul's Anchor"
"1145",1145,"2021","Pauls Anchor",1,15,"GEC","June",29,"Paul's Anchor"
"1146",1146,"2021","Pauls Anchor",1,6,"sw","June",29,"Paul's Anchor"
"1147",1147,"2021","Snapshot",1,3,"CG","June",29,"Snap Shot"
"1148",1148,"2021","Snapshot",2,1,"CG","June",29,"Snap Shot"
"1149",1149,"2021","Snapshot",1,2,"GGG","June",29,"Snap Shot"
"1150",1150,"2021","Snapshot",1,2,"sw","June",29,"Snap Shot"
"1151",1151,"2021","Jigsaw",1,3,"CG","June",30,"Jigsaw Puzzle"
"1152",1152,"2021","Jigsaw",2,2,"CG","June",30,"Jigsaw Puzzle"
"1153",1153,"2021","Jigsaw",1,5,"GEC","June",30,"Jigsaw Puzzle"
"1154",1154,"2021","Jigsaw",1,2,"sw","June",30,"Jigsaw Puzzle"
"1155",1155,"2021","Sailfin",1,3,"CG","June",30,"Sailfin Reef"
"1156",1156,"2021","Sailfin",2,1,"CG","June",30,"Sailfin Reef"
"1157",1157,"2021","Sailfin",1,8,"GEC","June",30,"Sailfin Reef"
"1158",1158,"2021","Sailfin",1,10,"sw","June",30,"Sailfin Reef"
"1159",1159,"2021","Meadows",1,5,"GGG","June ",29,"The Meadows"
"1160",1160,"2021","Pauls Anchor",1,7,"GGG","June ",29,"Paul's Anchor"
"1161",1161,"2021","Jigsaw",1,5,"GGG","June ",30,"Jigsaw Puzzle"
"1162",1162,"2021","Sailfin",1,8,"GGG","June ",30,"Sailfin Reef"
"1163",1163,"2022","Coral City",1,10,"GGG","9",3,"Coral City"
"1164",1164,"2022","Coral City",2,3,"GGG","9",3,"Coral City"
"1165",1165,"2022","Grundys",1,7,"GGG","9",3,"Grundy's Gardens"
"1166",1166,"2022","Grundys",2,5,"GGG","9",3,"Grundy's Gardens"
"1167",1167,"2022","Westpoint",1,13,"GGG","9",3,"West Point"
"1168",1168,"2022","Westpoint",2,6,"GGG","9",3,"West Point"
"1169",1169,"2022","Marilyns Cut",1,10,"GGG","9",4,"Marylin's Cut"
"1170",1170,"2022","Marilyns Cut",2,4,"GGG","9",4,"Marylin's Cut"
"1171",1171,"2022","Sailfin",1,10,"GGG","9",4,"Sailfin Reef"
"1172",1172,"2022","Sailfin",2,11,"GGG","9",4,"Sailfin Reef"
"1173",1173,"2022","Snapshot",1,6,"GGG","9",4,"Snap Shot"
"1174",1174,"2022","Snapshot",2,3,"GGG","9",4,"Snap Shot"
"1175",1175,"2022","marthas",1,1,"AM","September",1,"marthas"
"1176",1176,"2022","Marilyns Cut",1,6,"AM","September",4,"Marylin's Cut"
"1177",1177,"2022","Jigsaw",1,4,"AM","September",5,"Jigsaw Puzzle"
"1178",1178,"2022","Jigsaw",1,3,"AM/ZP","September",5,"Jigsaw Puzzle"
"1179",1179,"2022","Meadows",1,2,"AM/ZP","September",6,"The Meadows"
"1180",1180,"2023","Coral City",1,6,"GGG","7",3,"Coral City"
"1181",1181,"2023","Grundys",1,5,"GGG","7",3,"Grundy's Gardens"
"1182",1182,"2023","west point",1,1,"LLG","7",3,"West Point"
"1183",1183,"2023","Jigsaw",1,3,"GGG","7",4,"Jigsaw Puzzle"
"1184",1184,"2023","Jigsaw",1,4,"KE","7",4,"Jigsaw Puzzle"
"1185",1185,"2023","Jigsaw",1,2,"LLG","7",4,"Jigsaw Puzzle"
"1186",1186,"2023","Jigsaw",1,2,"LLG ","7",4,"Jigsaw Puzzle"
"1187",1187,"2023","Marilyns Cut",1,7,"KE","7",4,"Marylin's Cut"
"1188",1188,"2023","Marilyns Cut",1,2,"LLG ","7",4,"Marylin's Cut"
"1189",1189,"2023","Marthas",1,11,"GGG","7",4,"Martha's Finyard"
"1190",1190,"2023","Marthas",1,3,"LLG","7",4,"Martha's Finyard"
"1191",1191,"2023","Marthas",1,4,"LLG ","7",4,"Martha's Finyard"
"1192",1192,"2023","Meadows",1,4,"GGG","7",4,"The Meadows"
"1193",1193,"2023","Meadows",1,4,"KE","7",4,"The Meadows"
"1194",1194,"2023","Meadows",1,1,"LLG ","7",4,"The Meadows"
"1195",1195,"2023","Westpoint",1,7,"GGG","7",4,"West Point"
"1196",1196,"2023","Sailfin",1,14,"GGG","7",5,"Sailfin Reef"
"1197",1197,"2023","Sailfin",1,8,"KE","7",5,"Sailfin Reef"
"1198",1198,"2023","Sailfin",1,2,"LLG ","7",5,"Sailfin Reef"
"1199",1199,"2023","Snapshot",1,8,"GGG","7",5,"Snap Shot"
"1200",1200,"2023","Snapshot",1,7,"KE","7",5,"Snap Shot"
"1201",1201,"2023","Snapshot",1,2,"LLG ","7",5,"Snap Shot"
"1202",1202,"2023","Coral City",1,2,"Haley Davis","jul",3,"Coral City"
"1203",1203,"2023","Westpoint",1,5,"Haley Davis","jul",3,"West Point"
"1204",1204,"2023","Marilyns Cut",1,4,"Haley Davis","jul",4,"Marylin's Cut"
"1205",1205,"2023","Marilyns Cut",12,1,"Haley Davis","jul",4,"Marylin's Cut"
"1206",1206,"2023","Marthas",1,1,"Haley Davis","jul",4,"Martha's Finyard"
"1207",1207,"2023","Meadows",1,9,"Haley Davis","jul",4,"The Meadows"
"1208",1208,"2023","Sailfin",1,6,"Haley Davis","jul",5,"Sailfin Reef"
"1209",1209,"2023","Snapshot",1,2,"Haley Davis","jul",5,"Snap Shot"
