Year,Site,Transect,prop_CCA,prop_macro,prop_turf,Observer,Site_Name
1999,Coral City,1,0.668888889,0.261111111,0.07,NA,Coral City
1999,Coral City,2,0.667783094,0.256778309,0.075438596,NA,Coral City
1999,Coral City,3,0.450557297,0.352569372,0.196873331,NA,Coral City
1999,Coral City,4,0.566931217,0.361375661,0.071693122,NA,Coral City
1999,Coral City,5,0.561960784,0.414509804,0.023529412,NA,Coral City
1999,Coral City,6,0.379149826,0.307456446,0.313393728,NA,Coral City
1999,Coral City,7,0.373236622,0.1963664,0.430396979,NA,Coral City
1999,Coral City,8,0.224170772,0.221182266,0.554646962,NA,Coral City
1999,Coral City,9,0.271306471,0.370695971,0.357997558,NA,Coral City
1999,Coral City,10,0.298020271,0.296176944,0.405802785,NA,Coral City
1999,Coral City,11,0.522372078,0.174152999,0.303474923,NA,Coral City
1999,Coral City,12,0.231233766,0.27474026,0.494025974,NA,Coral City
1999,Coral City,13,0.309059011,0.253779904,0.437161085,NA,Coral City
1999,Coral City,14,0.360435849,0.27933202,0.360232131,NA,Coral City
1999,Coral City,15,0.252270823,0.314152841,0.433576337,NA,Coral City
1999,Grundys  Gardens,1,0.213714286,0.207690792,0.578594922,NA,Grundy's Gardens
1999,Grundys  Gardens,2,0.151943755,0.526732837,0.321323408,NA,Grundy's Gardens
1999,Grundys  Gardens,3,0.148965045,0.309618521,0.541416434,NA,Grundy's Gardens
1999,Grundys  Gardens,4,0.126190476,0.296428571,0.577380952,NA,Grundy's Gardens
1999,Grundys  Gardens,5,0.241893633,0.411633181,0.346473186,NA,Grundy's Gardens
1999,Grundys  Gardens,6,0.282765036,0.374690983,0.342543981,NA,Grundy's Gardens
1999,Grundys  Gardens,7,0.335643794,0.251972309,0.412383896,NA,Grundy's Gardens
1999,Grundys  Gardens,8,0.27289056,0.336737678,0.390371763,NA,Grundy's Gardens
1999,Grundys  Gardens,9,0.272878788,0.627121212,0.1,NA,Grundy's Gardens
1999,Grundys  Gardens,10,0.292497869,0.507502131,0.2,NA,Grundy's Gardens
1999,Grundys  Gardens,11,0.476923077,0.376923077,0.146153846,NA,Grundy's Gardens
1999,Jigsaw,1,0.332950192,0.378451013,0.288598796,NA,Jigsaw Puzzle
1999,Jigsaw,2,0.129340659,0.473956044,0.396703297,NA,Jigsaw Puzzle
1999,Jigsaw,3,0.229510007,0.299797562,0.470692432,NA,Jigsaw Puzzle
1999,Jigsaw,4,0.575230159,0.328650794,0.096119048,NA,Jigsaw Puzzle
1999,Jigsaw,5,0.617592593,0.296759259,0.085648148,NA,Jigsaw Puzzle
1999,Jigsaw,6,0.426719577,0.272751323,0.300529101,NA,Jigsaw Puzzle
1999,Jigsaw,7,0.473258297,0.308186628,0.218555075,NA,Jigsaw Puzzle
1999,Jigsaw,8,0.492442645,0.275386456,0.232170899,NA,Jigsaw Puzzle
1999,Jigsaw,9,0.587922078,0.278149351,0.133928571,NA,Jigsaw Puzzle
1999,Jigsaw,10,0.448989899,0.297474747,0.253535354,NA,Jigsaw Puzzle
1999,Jigsaw,11,0.513637886,0.045396033,0.440966081,NA,Jigsaw Puzzle
1999,Jigsaw,12,0.556073145,0.075959582,0.367967272,NA,Jigsaw Puzzle
1999,Jigsaw,13,0.362965613,0.227515404,0.409518982,NA,Jigsaw Puzzle
1999,Mixing Bowl,1,0.62506559,0.243419656,0.131514754,NA,Sailfin Miniwall
1999,Mixing Bowl,2,0.469408369,0.263261183,0.267330447,NA,Sailfin Miniwall
1999,Mixing Bowl,3,0.417004049,0.235735493,0.347260459,NA,Sailfin Miniwall
1999,Mixing Bowl,4,0.439670868,0.31695845,0.243370682,NA,Sailfin Miniwall
1999,Mixing Bowl,5,0.428831169,0.184155844,0.387012987,NA,Sailfin Miniwall
1999,Mixing Bowl,6,0.479487179,0.520512821,0,NA,Sailfin Miniwall
1999,Mixing Bowl,7,0.517919246,0.482080754,0,NA,Sailfin Miniwall
1999,Mixing Bowl,8,0.426666667,0.573333333,0,NA,Sailfin Miniwall
1999,Mixing Bowl,9,0.628398268,0.371601732,0,NA,Sailfin Miniwall
1999,Mixing Bowl,10,0.51064685,0.365150523,0.124202627,NA,Sailfin Miniwall
1999,Mixing Bowl,11,0.27021645,0.426493506,0.303290043,NA,Sailfin Miniwall
1999,Mixing Bowl,12,0.356616162,0.368252525,0.275131313,NA,Sailfin Miniwall
1999,Mixing Bowl,13,0,0.29,0.71,NA,Sailfin Miniwall
1999,Mixing Bowl,14,0.272727273,0.398484848,0.328787879,NA,Sailfin Miniwall
1999,Mixing Bowl,15,0.509341128,0.490658872,0,NA,Sailfin Miniwall
1999,Pauls Anchor,1,0.47292293,0.489911907,0.037165164,NA,Paul's Anchor
1999,Pauls Anchor,2,0.505139595,0.476678587,0.018181818,NA,Paul's Anchor
1999,Pauls Anchor,3,0.550980392,0.449019608,0,NA,Paul's Anchor
1999,Pauls Anchor,4,0.233954451,0.465424431,0.300621118,NA,Paul's Anchor
1999,Pauls Anchor,5,0.231361231,0.493362193,0.275276575,NA,Paul's Anchor
1999,Pauls Anchor,6,0.157602339,0.51754386,0.324853801,NA,Paul's Anchor
1999,Pauls Anchor,7,0.605120285,0.242197802,0.152681913,NA,Paul's Anchor
1999,Pauls Anchor,8,0.548228888,0.364462132,0.087308979,NA,Paul's Anchor
1999,Pauls Anchor,9,0.40572729,0.315635268,0.278637442,NA,Paul's Anchor
1999,Pauls Anchor,10,0.528663925,0.39053244,0.080803635,NA,Paul's Anchor
1999,Pauls Anchor,11,0.336840513,0.348246814,0.314912674,NA,Paul's Anchor
1999,Pauls Anchor,12,0.484144483,0.40313843,0.112717087,NA,Paul's Anchor
1999,Sailfin,1,0.45057971,0.46993311,0.079487179,NA,Sailfin Reef
1999,Sailfin,2,0.475964912,0.524035088,0,NA,Sailfin Reef
1999,Sailfin,3,0.394799659,0.571504689,0.033695652,NA,Sailfin Reef
1999,Sailfin,4,0.478809524,0.521190476,0,NA,Sailfin Reef
1999,Sailfin,5,0.426218487,0.42140056,0.152380952,NA,Sailfin Reef
1999,Sailfin,6,0.208894572,0.489836128,0.3012693,NA,Sailfin Reef
1999,Sailfin,7,0.287308378,0.296256684,0.416434938,NA,Sailfin Reef
1999,Sailfin,8,0.384962406,0.461553885,0.153483709,NA,Sailfin Reef
1999,Sailfin,9,0.285087719,0.427719298,0.287192982,NA,Sailfin Reef
1999,Sailfin,10,0.298938781,0.54796344,0.153097779,NA,Sailfin Reef
1999,Snapshot,1,0.506227106,0.493772894,0,NA,Snap Shot
1999,Snapshot,2,0.560057005,0.439942995,0,NA,Snap Shot
1999,Snapshot,3,0.324761905,0.675238095,0,NA,Snap Shot
1999,Snapshot,4,0.457735598,0.542264402,0,NA,Snap Shot
1999,Snapshot,5,0.581601008,0.418398992,0,NA,Snap Shot
1999,Snapshot,6,0.647284879,0.352715121,0,NA,Snap Shot
1999,Snapshot,7,0.523416831,0.476583169,0,NA,Snap Shot
1999,Snapshot,8,0.465897436,0.534102564,0,NA,Snap Shot
1999,Snapshot,9,0.329019608,0.670980392,0,NA,Snap Shot
1999,Snapshot,10,0.272201964,0.727798036,0,NA,Snap Shot
1999,Snapshot,11,0.60234719,0.39765281,0,NA,Snap Shot
1999,Snapshot,12,0.365269151,0.634730849,0,NA,Snap Shot
1999,West Point,1,0.270750988,0.711067194,0.018181818,NA,West Point
1999,West Point,2,0.199707602,0.642397661,0.157894737,NA,West Point
1999,West Point,3,0.290784314,0.709215686,0,NA,West Point
1999,West Point,4,0.203333333,0.616666667,0.18,NA,West Point
1999,West Point,5,0.578138528,0.379004329,0.042857143,NA,West Point
1999,West Point,6,0.290909091,0.551363636,0.157727273,NA,West Point
1999,West Point,7,0.226680672,0.560270775,0.213048553,NA,West Point
1999,West Point,8,0.228626814,0.639661956,0.13171123,NA,West Point
1999,West Point,9,0.323057644,0.389540518,0.287401838,NA,West Point
1999,West Point,10,0.232198142,0.631578947,0.13622291,NA,West Point
2002,Coral City,1,0.184848485,0.407575758,0,NA,Coral City
2002,Coral City,2,0.184848485,0.407575758,0,NA,Coral City
2002,Coral City,3,0.201961722,0.399019139,0,NA,Coral City
2002,Coral City,4,0.214432234,0.392783883,0,NA,Coral City
2002,Coral City,5,0.262385142,0.368807429,0,NA,Coral City
2002,Coral City,6,0.636733015,0.181633492,0,NA,Coral City
2002,Coral City,7,0.340501931,0.329749035,0,NA,Coral City
2002,Coral City,8,0.331114551,0.334442724,0,NA,Coral City
2002,Grundys  Gardens,1,0.212874801,0.3935626,0,NA,Grundy's Gardens
2002,Grundys  Gardens,2,0.403210856,0.298394572,0,NA,Grundy's Gardens
2002,Grundys  Gardens,3,0.047310167,0.476344916,0,NA,Grundy's Gardens
2002,Grundys  Gardens,4,0,0.5,0,NA,Grundy's Gardens
2002,Grundys  Gardens,5,0.178200101,0.41089995,0,NA,Grundy's Gardens
2002,Grundys  Gardens,6,0.14458261,0.427708695,0,NA,Grundy's Gardens
2002,Grundys  Gardens,7,0.113023088,0.443488456,0,NA,Grundy's Gardens
2002,Grundys  Gardens,8,0.003278689,0.498360656,0,NA,Grundy's Gardens
2002,Grundys  Gardens,9,0.04,0.48,0,NA,Grundy's Gardens
2002,Grundys  Gardens,10,0.15625,0.421875,0,NA,Grundy's Gardens
2002,Grundys  Gardens,11,0.268253968,0.365873016,0,NA,Grundy's Gardens
2002,Jigsaw,1,0.186737426,0.406631287,0,NA,Jigsaw Puzzle
2002,Jigsaw,2,0.399076048,0.300461976,0,NA,Jigsaw Puzzle
2002,Jigsaw,3,0.286875902,0.356562049,0,NA,Jigsaw Puzzle
2002,Jigsaw,4,0.253131313,0.373434343,0,NA,Jigsaw Puzzle
2002,Jigsaw,5,0.302222222,0.348888889,0,NA,Jigsaw Puzzle
2002,Jigsaw,6,0.018181818,0.490909091,0,NA,Jigsaw Puzzle
2002,Jigsaw,7,0,0.5,0,NA,Jigsaw Puzzle
2002,Jigsaw,8,0.380932401,0.3095338,0,NA,Jigsaw Puzzle
2002,Jigsaw,9,0.208957076,0.395521462,0,NA,Jigsaw Puzzle
2002,Meadows,1,0.451731602,0.274134199,0,NA,The Meadows
2002,Meadows,2,0.426923077,0.286538462,0,NA,The Meadows
2002,Meadows,3,0.400505051,0.299747475,0,NA,The Meadows
2002,Meadows,4,0.674622078,0.162688961,0,NA,The Meadows
2002,Meadows,5,0.063333333,0.468333333,0,NA,The Meadows
2002,Meadows,6,0.341111111,0.329444444,0,NA,The Meadows
2002,Meadows,7,0.448069498,0.275965251,0,NA,The Meadows
2002,Meadows,8,0.783030303,0.108484848,0,NA,The Meadows
2002,Sailfin,1,0.334943658,0.332528171,0,NA,Sailfin Reef
2002,Sailfin,2,0.076545014,0.461727493,0,NA,Sailfin Reef
2002,Sailfin,3,0.084080268,0.457959866,0,NA,Sailfin Reef
2002,Sailfin,4,0,0.5,0,NA,Sailfin Reef
2002,Sailfin,5,0.042933723,0.478533138,0,NA,Sailfin Reef
2002,Sailfin,6,0.051552795,0.474223602,0,NA,Sailfin Reef
2002,Sailfin,7,0,0.5,0,NA,Sailfin Reef
2002,Sailfin,8,0.465806984,0.267096508,0,NA,Sailfin Reef
2002,Sailfin,9,0.366893939,0.31655303,0,NA,Sailfin Reef
2002,Sailfin,10,0.379365079,0.31031746,0,NA,Sailfin Reef
2002,Sailfin,11,0,0.5,0,NA,Sailfin Reef
2003,Pauls Anchor,1,0.008,0.496,0,NA,Paul's Anchor
2003,Pauls Anchor,2,0,0.5,0,NA,Paul's Anchor
2003,Pauls Anchor,3,0,0.5,0,NA,Paul's Anchor
2003,Pauls Anchor,4,0,0.5,0,NA,Paul's Anchor
2003,Pauls Anchor,5,0.106551135,0.446724433,0,NA,Paul's Anchor
2003,Pauls Anchor,6,0.10497076,0.44751462,0,NA,Paul's Anchor
2003,Pauls Anchor,7,0.161991342,0.419004329,0,NA,Paul's Anchor
2003,Pauls Anchor,8,0.281834215,0.359082892,0,NA,Paul's Anchor
2003,Pauls Anchor,9,0.546006405,0.226996798,0,NA,Paul's Anchor
2003,Richardss Reef,1,0.25,0.375,0,NA,Richard's Reef
2003,Richardss Reef,2,0.088888889,0.455555556,0,NA,Richard's Reef
2003,Richardss Reef,3,0.107142857,0.446428571,0,NA,Richard's Reef
2003,Richardss Reef,4,0.666772487,0.166613757,0,NA,Richard's Reef
2003,Richardss Reef,5,0.713131313,0.143434343,0,NA,Richard's Reef
2003,Richardss Reef,6,0.626666667,0.186666667,0,NA,Richard's Reef
2003,Richardss Reef,7,0.496969697,0.251515152,0,NA,Richard's Reef
2003,Richardss Reef,8,0.179460784,0.410269608,0,NA,Richard's Reef
2003,Richardss Reef,9,0.646406926,0.176796537,0,NA,Richard's Reef
2003,Richardss Reef,10,0.466666667,0.266666667,0,NA,Richard's Reef
2003,Richardss Reef,11,0.136363636,0.43030303,0,NA,Richard's Reef
2003,Snapshot,1,0.078477814,0.460761093,0,NA,Snap Shot
2003,Snapshot,2,0.173333333,0.413333333,0,NA,Snap Shot
2003,Snapshot,3,0.387456687,0.306271656,0,NA,Snap Shot
2003,Snapshot,4,0.586363636,0.206818182,0,NA,Snap Shot
2003,Snapshot,5,0.515064935,0.242467532,0,NA,Snap Shot
2003,Snapshot,6,0,0.5,0,NA,Snap Shot
2003,Snapshot,7,0.036764706,0.481617647,0,NA,Snap Shot
2003,Snapshot,8,0.251908075,0.374045962,0,NA,Snap Shot
2003,Snapshot,9,0.286147186,0.356926407,0,NA,Snap Shot
2003,West Point,1,0.584449761,0.20777512,0,NA,West Point
2003,West Point,2,0,0.5,0,NA,West Point
2003,West Point,3,0.50465368,0.24767316,0,NA,West Point
2003,West Point,4,0.300722394,0.349638803,0,NA,West Point
2003,West Point,5,0.643116109,0.178441946,0,NA,West Point
2003,West Point,6,0.085,0.4575,0,NA,West Point
2003,West Point,7,0.518268928,0.240865536,0,NA,West Point
2003,West Point,8,0.90364768,0.04817616,0,NA,West Point
2004,Coral City,1,0,0.5,0,NA,Coral City
2004,Coral City,2,0.051149425,0.474425287,0,NA,Coral City
2004,Coral City,3,0.12029304,0.43985348,0,NA,Coral City
2004,Coral City,4,0.13040404,0.43479798,0,NA,Coral City
2004,Coral City,5,0.105,0.4475,0,NA,Coral City
2004,Coral City,6,0.290849673,0.354575163,0,NA,Coral City
2004,Coral City,7,0.685873936,0.157063032,0,NA,Coral City
2004,Coral City,8,0.491615957,0.254192022,0,NA,Coral City
2004,Grundys  Gardens,1,0.014285714,0.492857143,0,NA,Grundy's Gardens
2004,Grundys  Gardens,2,0.16539185,0.417304075,0,NA,Grundy's Gardens
2004,Grundys  Gardens,3,0.069054083,0.465472958,0,NA,Grundy's Gardens
2004,Grundys  Gardens,4,0.100616145,0.449691928,0,NA,Grundy's Gardens
2004,Grundys  Gardens,5,0.334688399,0.332655801,0,NA,Grundy's Gardens
2004,Grundys  Gardens,6,0.754061625,0.122969188,0,NA,Grundy's Gardens
2004,Grundys  Gardens,7,0.694173344,0.152913328,0,NA,Grundy's Gardens
2004,Grundys  Gardens,8,0.470207039,0.26489648,0,NA,Grundy's Gardens
2004,Jigsaw,1,0.086956522,0.456521739,0,NA,Jigsaw Puzzle
2004,Jigsaw,2,0,0.5,0,NA,Jigsaw Puzzle
2004,Jigsaw,3,0.155,0.4225,0,NA,Jigsaw Puzzle
2004,Jigsaw,4,0.061363636,0.469318182,0,NA,Jigsaw Puzzle
2004,Jigsaw,5,0.305734021,0.347132989,0,NA,Jigsaw Puzzle
2004,Jigsaw,6,0.050059987,0.474970006,0,NA,Jigsaw Puzzle
2004,Jigsaw,7,0,0.5,0,NA,Jigsaw Puzzle
2004,Jigsaw,8,0,0.5,0,NA,Jigsaw Puzzle
2004,Jigsaw,9,0,0.5,0,NA,Jigsaw Puzzle
2004,Jigsaw,10,0,0.5,0,NA,Jigsaw Puzzle
2004,Jigsaw,11,0,0.5,0,NA,Jigsaw Puzzle
2004,Mixing Bowl,1,0,0.5,0,NA,Sailfin Miniwall
2004,Mixing Bowl,2,0,0.5,0,NA,Sailfin Miniwall
2004,Mixing Bowl,3,0,0.5,0,NA,Sailfin Miniwall
2004,Mixing Bowl,4,0.037037037,0.481481481,0,NA,Sailfin Miniwall
2004,Mixing Bowl,5,0.37421964,0.31289018,0,NA,Sailfin Miniwall
2004,Mixing Bowl,6,0.272857143,0.363571429,0,NA,Sailfin Miniwall
2004,Mixing Bowl,7,0.325793651,0.337103175,0,NA,Sailfin Miniwall
2004,Mixing Bowl,8,0.556960951,0.221519525,0,NA,Sailfin Miniwall
2004,Mixing Bowl,9,0.200412766,0.399793617,0,NA,Sailfin Miniwall
2004,Pauls Anchor,1,0.12967033,0.435164835,0,NA,Paul's Anchor
2004,Pauls Anchor,2,0,0.5,0,NA,Paul's Anchor
2004,Pauls Anchor,3,0.151218896,0.424390552,0,NA,Paul's Anchor
2004,Pauls Anchor,4,0.343525522,0.328237239,0,NA,Paul's Anchor
2004,Pauls Anchor,5,0.086403509,0.456798246,0,NA,Paul's Anchor
2004,Pauls Anchor,6,0.111111111,0.444444444,0,NA,Paul's Anchor
2004,Pauls Anchor,7,0,0.5,0,NA,Paul's Anchor
2004,Pauls Anchor,8,0,0.5,0,NA,Paul's Anchor
2004,Pauls Anchor,9,0.216742081,0.391628959,0,NA,Paul's Anchor
2004,Pauls Anchor,10,0.352930403,0.323534799,0,NA,Paul's Anchor
2004,Richardss Reef,1,0,0.469239624,0.060646124,NA,Richard's Reef
2004,Richardss Reef,2,0,0.484025778,0.187865076,NA,Richard's Reef
2004,Richardss Reef,3,0,0.465648148,0.233981481,NA,Richard's Reef
2004,Richardss Reef,4,0,0.35,0.3,NA,Richard's Reef
2004,Richardss Reef,5,0,0.18977591,0.129084967,NA,Richard's Reef
2004,Richardss Reef,6,0,0.585875486,0.053331253,NA,Richard's Reef
2004,Richardss Reef,7,0,0.392910053,0.318624339,NA,Richard's Reef
2004,Richardss Reef,8,0,0.270562771,0.346455628,NA,Richard's Reef
2004,Richardss Reef,9,0,0.560277283,0.120055457,NA,Richard's Reef
2004,Richardss Reef,10,0,0.410992723,0.054313929,NA,Richard's Reef
2004,Richardss Reef,11,0,0.519570136,0.311349925,NA,Richard's Reef
2004,Richardss Reef,12,0,0.392910053,0.318624339,NA,Richard's Reef
2004,Richardss Reef,13,0,0.270562771,0.346455628,NA,Richard's Reef
2004,Richardss Reef,14,0,0.560277283,0.120055457,NA,Richard's Reef
2004,Richardss Reef,15,0,0.410992723,0.054313929,NA,Richard's Reef
2004,Richardss Reef,16,0,0.545296003,0.285020739,NA,Richard's Reef
2004,Richardss Reef,26,0,0.416666667,0.416666667,NA,Richard's Reef
2004,Sailfin,1,0.558333333,0.220833333,0,NA,Sailfin Reef
2004,Sailfin,2,0.383492063,0.308253968,0,NA,Sailfin Reef
2004,Sailfin,3,0.170832683,0.414583658,0,NA,Sailfin Reef
2004,Sailfin,4,0.182462551,0.408768725,0,NA,Sailfin Reef
2004,Sailfin,5,0.010526316,0.494736842,0,NA,Sailfin Reef
2004,Sailfin,6,0.059985476,0.470007262,0,NA,Sailfin Reef
2004,Sailfin,7,0,0.5,0,NA,Sailfin Reef
2004,Sailfin,8,0,0.5,0,NA,Sailfin Reef
2004,Sailfin,9,0,0.5,0,NA,Sailfin Reef
2004,Sailfin,10,0,0.5,0,NA,Sailfin Reef
2004,Snapshot,1,0.065608466,0.467195767,0,NA,Snap Shot
2004,Snapshot,2,0,0.5,0,NA,Snap Shot
2004,Snapshot,3,0,0.5,0,NA,Snap Shot
2004,Snapshot,4,0,0.5,0,NA,Snap Shot
2004,Snapshot,5,0,0.5,0,NA,Snap Shot
2004,Snapshot,6,0.178524743,0.410737628,0,NA,Snap Shot
2004,Snapshot,7,0.13,0.435,0,NA,Snap Shot
2004,Snapshot,8,0.046613191,0.476693405,0,NA,Snap Shot
2004,Snapshot,9,0.060737327,0.469631336,0,NA,Snap Shot
2004,Snapshot,10,0.787570093,0.106214953,0,NA,Snap Shot
2004,Snapshot,11,0.217249005,0.391375498,0,NA,Snap Shot
2004,West Point,1,0.141312741,0.429343629,0,NA,West Point
2004,West Point,2,0.119848024,0.440075988,0,NA,West Point
2004,West Point,3,0.055389061,0.47230547,0,NA,West Point
2004,West Point,4,0.041904762,0.479047619,0,NA,West Point
2004,West Point,5,0,0.5,0,NA,West Point
2004,West Point,6,0,0.5,0,NA,West Point
2004,West Point,7,0,0.5,0,NA,West Point
2004,West Point,8,0,0.5,0,NA,West Point
2004,West Point,9,0.00952381,0.495238095,0,NA,West Point
2004,West Point,10,0,0.5,0,NA,West Point
2005,Coral City,1,0.269272126,0.365363937,0,NA,Coral City
2005,Coral City,2,0.564844517,0.217577741,0,NA,Coral City
2005,Coral City,3,0.227251632,0.386374184,0,NA,Coral City
2005,Coral City,4,0.144955403,0.427522298,0,NA,Coral City
2005,Coral City,5,0.185576266,0.407211867,0,NA,Coral City
2005,Coral City,6,0.153912285,0.423043858,0,NA,Coral City
2005,Coral City,7,0.260931146,0.369534427,0,NA,Coral City
2005,Coral City,8,0.192023277,0.403988361,0,NA,Coral City
2005,Coral City,9,0.059384615,0.470307692,0,NA,Coral City
2005,Coral City,10,0.243589744,0.378205128,0,NA,Coral City
2005,Coral City,11,0.3668384,0.3165808,0,NA,Coral City
2005,Coral City,12,0.325152625,0.337423687,0,NA,Coral City
2005,Coral City,13,0.194444444,0.402777778,0,NA,Coral City
2005,Coral City,14,0.090959861,0.45452007,0,NA,Coral City
2005,Grundys  Gardens,1,0.086121735,0.456939133,0,NA,Grundy's Gardens
2005,Grundys  Gardens,2,0.253952557,0.373023721,0,NA,Grundy's Gardens
2005,Grundys  Gardens,3,0,0.5,0,NA,Grundy's Gardens
2005,Grundys  Gardens,4,0.022271062,0.488864469,0,NA,Grundy's Gardens
2005,Grundys  Gardens,5,0.31011655,0.344941725,0,NA,Grundy's Gardens
2005,Grundys  Gardens,6,0.281968685,0.359015658,0,NA,Grundy's Gardens
2005,Grundys  Gardens,7,0.273950604,0.363024698,0,NA,Grundy's Gardens
2005,Grundys  Gardens,8,0.146861914,0.426569043,0,NA,Grundy's Gardens
2005,Grundys  Gardens,9,0.216515152,0.391742424,0,NA,Grundy's Gardens
2005,Grundys  Gardens,10,0.148768473,0.425615764,0,NA,Grundy's Gardens
2005,Grundys  Gardens,11,0.065915916,0.467042042,0,NA,Grundy's Gardens
2005,Grundys  Gardens,12,0.105714286,0.447142857,0,NA,Grundy's Gardens
2005,Grundys  Gardens,13,0.374605786,0.312697107,0,NA,Grundy's Gardens
2005,Grundys  Gardens,14,0.331868132,0.334065934,0,NA,Grundy's Gardens
2005,Pauls Anchor,1,0.130305969,0.434847016,0,NA,Paul's Anchor
2005,Pauls Anchor,2,0.310053908,0.344973046,0,NA,Paul's Anchor
2005,Pauls Anchor,3,0.16756244,0.41621878,0,NA,Paul's Anchor
2005,Pauls Anchor,4,0.149757273,0.425121364,0,NA,Paul's Anchor
2005,Pauls Anchor,5,0.329071213,0.335464393,0,NA,Paul's Anchor
2005,Pauls Anchor,6,0.430170216,0.284914892,0,NA,Paul's Anchor
2005,Pauls Anchor,7,0.175533278,0.412233361,0,NA,Paul's Anchor
2005,West Point,1,0.040384615,0.479807692,0,NA,West Point
2005,West Point,2,0.091153846,0.454423077,0,NA,West Point
2005,West Point,3,0.145026455,0.427486772,0,NA,West Point
2005,West Point,4,0.088488462,0.455755769,0,NA,West Point
2005,West Point,5,0.120404412,0.439797794,0,NA,West Point
2005,West Point,6,0.102407282,0.448796359,0,NA,West Point
2005,West Point,7,0.157112135,0.421443932,0,NA,West Point
2005,West Point,8,0.068819046,0.465590477,0,NA,West Point
2005,West Point,9,0.30500752,0.34749624,0,NA,West Point
2005,West Point,10,0.196296296,0.401851852,0,NA,West Point
2005,West Point,11,0.497549968,0.251225016,0,NA,West Point
2005,West Point,12,0.059154623,0.470422689,0,NA,West Point
2006,Coral City,1,0.088176638,0.455911681,0,NA,Coral City
2006,Coral City,2,0.084491979,0.457754011,0,NA,Coral City
2006,Coral City,3,0.219047619,0.39047619,0,NA,Coral City
2006,Coral City,4,0.051428571,0.474285714,0,NA,Coral City
2006,Coral City,5,0.228077342,0.385961329,0,NA,Coral City
2006,Coral City,6,0.054176348,0.472911826,0,NA,Coral City
2006,Coral City,7,0.002150538,0.498924731,0,NA,Coral City
2006,Coral City,8,0.277777778,0.361111111,0,NA,Coral City
2006,Grundys  Gardens,1,0.040336134,0.479831933,0,NA,Grundy's Gardens
2006,Grundys  Gardens,2,0.2375,0.38125,0,NA,Grundy's Gardens
2006,Grundys  Gardens,3,0.021762271,0.489118865,0,NA,Grundy's Gardens
2006,Grundys  Gardens,4,0.081540809,0.459229596,0,NA,Grundy's Gardens
2006,Grundys  Gardens,5,0.052631579,0.473684211,0,NA,Grundy's Gardens
2006,Grundys  Gardens,6,0.12,0.44,0,NA,Grundy's Gardens
2006,Grundys  Gardens,7,0.054459096,0.472770452,0,NA,Grundy's Gardens
2006,Grundys  Gardens,8,0.104738562,0.447630719,0,NA,Grundy's Gardens
2006,Jigsaw,1,0,0.5,0,NA,Jigsaw Puzzle
2006,Jigsaw,2,0.096153846,0.451923077,0,NA,Jigsaw Puzzle
2006,Jigsaw,3,0.244047619,0.37797619,0,NA,Jigsaw Puzzle
2006,Jigsaw,4,0.239979271,0.380010364,0,NA,Jigsaw Puzzle
2006,Jigsaw,5,0.171153846,0.414423077,0,NA,Jigsaw Puzzle
2006,Jigsaw,6,0,0.5,0,NA,Jigsaw Puzzle
2006,Jigsaw,7,0.024586922,0.487706539,0,NA,Jigsaw Puzzle
2006,Jigsaw,8,0,0.5,0,NA,Jigsaw Puzzle
2006,Jigsaw,9,0,0.5,0,NA,Jigsaw Puzzle
2006,Mixing Bowl,1,0.259480519,0.37025974,0,NA,Sailfin Miniwall
2006,Mixing Bowl,2,0.377232437,0.311383782,0,NA,Sailfin Miniwall
2006,Mixing Bowl,3,0.117037037,0.441481481,0,NA,Sailfin Miniwall
2006,Mixing Bowl,4,0.167114338,0.416442831,0,NA,Sailfin Miniwall
2006,Mixing Bowl,5,0.406060606,0.296969697,0,NA,Sailfin Miniwall
2006,Mixing Bowl,6,0.04,0.48,0,NA,Sailfin Miniwall
2006,Mixing Bowl,7,0,0.5,0,NA,Sailfin Miniwall
2006,Mixing Bowl,8,0.061538462,0.469230769,0,NA,Sailfin Miniwall
2006,Pauls Anchor,1,0.033329083,0.483335458,0,NA,Paul's Anchor
2006,Pauls Anchor,2,0.167542617,0.416228691,0,NA,Paul's Anchor
2006,Pauls Anchor,3,0.15991688,0.42004156,0,NA,Paul's Anchor
2006,Pauls Anchor,4,0.211263736,0.394368132,0,NA,Paul's Anchor
2006,Pauls Anchor,5,0.186571429,0.406714286,0,NA,Paul's Anchor
2006,Pauls Anchor,6,0.16909204,0.41545398,0,NA,Paul's Anchor
2006,Pauls Anchor,7,0.013333333,0.493333333,0,NA,Paul's Anchor
2006,Pauls Anchor,8,0.093333333,0.453333333,0,NA,Paul's Anchor
2006,Pauls Anchor,9,0,0.5,0,NA,Paul's Anchor
2006,Sailfin,1,0,0.5,0,NA,Sailfin Reef
2006,Sailfin,2,0,0.5,0,NA,Sailfin Reef
2006,Sailfin,3,0,0.5,0,NA,Sailfin Reef
2006,Sailfin,4,0.303307295,0.348346353,0,NA,Sailfin Reef
2006,Sailfin,5,0.336043368,0.331978316,0,NA,Sailfin Reef
2006,Sailfin,6,0.500175032,0.249912484,0,NA,Sailfin Reef
2006,Sailfin,7,0,0.5,0,NA,Sailfin Reef
2006,Snapshot,1,0.09922757,0.450386215,0,NA,Snap Shot
2006,Snapshot,2,0.114164905,0.442917548,0,NA,Snap Shot
2006,Snapshot,3,0.229175751,0.385412125,0,NA,Snap Shot
2006,Snapshot,4,0.169920334,0.415039833,0,NA,Snap Shot
2006,Snapshot,5,0.024390244,0.487804878,0,NA,Snap Shot
2006,Snapshot,6,0.096408345,0.451795827,0,NA,Snap Shot
2006,Snapshot,7,0.075096483,0.462451758,0,NA,Snap Shot
2006,West Point,1,0.080633925,0.459683037,0,NA,West Point
2006,West Point,2,0,0.5,0,NA,West Point
2006,West Point,3,0.057698778,0.471150611,0,NA,West Point
2006,West Point,4,0.051116229,0.474441885,0,NA,West Point
2006,West Point,5,0.008,0.496,0,NA,West Point
2006,West Point,6,0.15925643,0.420371785,0,NA,West Point
2006,West Point,7,0.011764706,0.494117647,0,NA,West Point
2007,Coral City,1,0.078392813,0.460803594,0,NA,Coral City
2007,Coral City,2,0.02904888,0.48547556,0,NA,Coral City
2007,Coral City,3,0.200527473,0.399736264,0,NA,Coral City
2007,Coral City,4,0.145193266,0.427403367,0,NA,Coral City
2007,Coral City,5,0.005405405,0.497297297,0,NA,Coral City
2007,Coral City,6,0.019607843,0.490196078,0,NA,Coral City
2007,Coral City,7,0.072630735,0.463684632,0,NA,Coral City
2007,Coral City,8,0.267765568,0.366117216,0,NA,Coral City
2007,Grundys  Gardens,1,0.089118065,0.455440967,0,NA,Grundy's Gardens
2007,Grundys  Gardens,2,0.222125604,0.388937198,0,NA,Grundy's Gardens
2007,Grundys  Gardens,3,0,0.5,0,NA,Grundy's Gardens
2007,Grundys  Gardens,4,0,0.5,0,NA,Grundy's Gardens
2007,Grundys  Gardens,5,0,0.5,0,NA,Grundy's Gardens
2007,Grundys  Gardens,6,0,0.5,0,NA,Grundy's Gardens
2007,Grundys  Gardens,7,0.018473652,0.490763174,0,NA,Grundy's Gardens
2007,Grundys  Gardens,8,0.106242497,0.446878752,0,NA,Grundy's Gardens
2007,Grundys  Gardens,9,0.062222222,0.468888889,0,NA,Grundy's Gardens
2007,Grundys  Gardens,10,0.20952381,0.395238095,0,NA,Grundy's Gardens
2007,Grundys  Gardens,11,0.1127331,0.44363345,0,NA,Grundy's Gardens
2007,Grundys  Gardens,12,0.468181818,0.265909091,0,NA,Grundy's Gardens
2007,Jigsaw,1,0,0.5,0,NA,Jigsaw Puzzle
2007,Jigsaw,2,0.010526316,0.494736842,0,NA,Jigsaw Puzzle
2007,Jigsaw,3,0.130962385,0.434518808,0,NA,Jigsaw Puzzle
2007,Jigsaw,4,0.107177033,0.446411483,0,NA,Jigsaw Puzzle
2007,Jigsaw,5,0.005128205,0.497435897,0,NA,Jigsaw Puzzle
2007,Jigsaw,6,0.119017094,0.440491453,0,NA,Jigsaw Puzzle
2007,Jigsaw,7,0.2,0.4,0,NA,Jigsaw Puzzle
2007,Jigsaw,8,0,0.5,0,NA,Jigsaw Puzzle
2007,Jigsaw,9,0,0.5,0,NA,Jigsaw Puzzle
2007,Pauls Anchor,1,0.212432731,0.393783635,0,NA,Paul's Anchor
2007,Pauls Anchor,2,0,0.5,0,NA,Paul's Anchor
2007,Pauls Anchor,3,0.505244755,0.247377622,0,NA,Paul's Anchor
2007,Pauls Anchor,4,0.324664225,0.337667888,0,NA,Paul's Anchor
2007,Pauls Anchor,5,0.303146998,0.348426501,0,NA,Paul's Anchor
2007,Pauls Anchor,6,0.035978836,0.482010582,0,NA,Paul's Anchor
2007,Pauls Anchor,7,0.341071429,0.329464286,0,NA,Paul's Anchor
2007,Pauls Anchor,8,0.335606061,0.33219697,0,NA,Paul's Anchor
2007,Pauls Anchor,9,0.149573935,0.425213033,0,NA,Paul's Anchor
2007,Pauls Anchor,10,0.143896104,0.428051948,0,NA,Paul's Anchor
2007,Sailfin,1,0.053705091,0.473147455,0,NA,Sailfin Reef
2007,Sailfin,2,0.047880255,0.476059872,0,NA,Sailfin Reef
2007,Sailfin,3,0.339686337,0.330156831,0,NA,Sailfin Reef
2007,Sailfin,4,0.517383107,0.241308446,0,NA,Sailfin Reef
2007,Sailfin,5,0.05,0.475,0,NA,Sailfin Reef
2007,Sailfin,6,0.06566781,0.467166095,0,NA,Sailfin Reef
2007,Sailfin,7,0.126198013,0.436900994,0,NA,Sailfin Reef
2007,Sailfin,8,0.10952381,0.445238095,0,NA,Sailfin Reef
2007,Sailfin,9,0.016612111,0.491693944,0,NA,Sailfin Reef
2007,Sailfin,10,0.021777254,0.489111373,0,NA,Sailfin Reef
2007,Snapshot,1,0.03045085,0.484774575,0,NA,Snap Shot
2007,Snapshot,2,0.149667072,0.425166464,0,NA,Snap Shot
2007,Snapshot,3,0.186912787,0.406543607,0,NA,Snap Shot
2007,Snapshot,4,0.391171584,0.304414208,0,NA,Snap Shot
2007,Snapshot,5,0.270940171,0.364529915,0,NA,Snap Shot
2007,Snapshot,6,0.011327231,0.494336384,0,NA,Snap Shot
2007,Snapshot,7,0.047780127,0.476109937,0,NA,Snap Shot
2007,West Point,1,0.047867531,0.476066234,0,NA,West Point
2007,West Point,2,0.011673507,0.494163247,0,NA,West Point
2007,West Point,3,0.025910931,0.487044534,0,NA,West Point
2007,West Point,4,0.052658228,0.473670886,0,NA,West Point
2007,West Point,5,0.012759186,0.493620407,0,NA,West Point
2007,West Point,6,0.180229885,0.409885057,0,NA,West Point
2007,West Point,7,0.277777778,0.361111111,0,NA,West Point
2007,West Point,8,0.003278689,0.498360656,0,NA,West Point
2007,West Point,9,0.008695652,0.495652174,0,NA,West Point
2007,West Point,10,0.017241379,0.49137931,0,NA,West Point
2007,West Point,11,0,0.5,0,NA,West Point
2007,West Point,12,0.046153846,0.476923077,0,NA,West Point
2007,West Point,13,0.042533937,0.478733032,0,NA,West Point
2009,Coral City,1,0,0.5,0,NA,Coral City
2009,Coral City,2,0,0.5,0,NA,Coral City
2009,Coral City,3,0,0.5,0,NA,Coral City
2009,Coral City,4,0,0.5,0,NA,Coral City
2009,Grundys  Gardens,1,0,0.5,0,NA,Grundy's Gardens
2009,Grundys  Gardens,2,0,0.5,0,NA,Grundy's Gardens
2009,Grundys  Gardens,3,0,0.5,0,NA,Grundy's Gardens
2009,Grundys  Gardens,4,0,0.5,0,NA,Grundy's Gardens
2009,Grundys  Gardens,5,0,0.5,0,NA,Grundy's Gardens
2009,Grundys  Gardens,6,0,0.5,0,NA,Grundy's Gardens
2009,Grundys  Gardens,7,0,0.5,0,NA,Grundy's Gardens
2009,Jigsaw,1,0,0.5,0,NA,Jigsaw Puzzle
2009,Jigsaw,2,0,0.5,0,NA,Jigsaw Puzzle
2009,Jigsaw,3,0,0.5,0,NA,Jigsaw Puzzle
2009,Jigsaw,4,0,0.5,0,NA,Jigsaw Puzzle
2009,Jigsaw,5,0,0.5,0,NA,Jigsaw Puzzle
2009,Jigsaw,6,0,0.5,0,NA,Jigsaw Puzzle
2009,Jigsaw,7,0,0.5,0,NA,Jigsaw Puzzle
2009,Jigsaw,8,0,0.5,0,NA,Jigsaw Puzzle
2009,Jigsaw,9,0,0.5,0,NA,Jigsaw Puzzle
2009,Jigsaw,10,0,0.5,0,NA,Jigsaw Puzzle
2009,Meadows,1,0,0.5,0,NA,The Meadows
2009,Meadows,2,0,0.5,0,NA,The Meadows
2009,Meadows,3,0,0.5,0,NA,The Meadows
2009,Meadows,4,0,0.5,0,NA,The Meadows
2009,Meadows,5,0,0.5,0,NA,The Meadows
2009,Meadows,6,0,0.5,0,NA,The Meadows
2009,Meadows,7,0,0.5,0,NA,The Meadows
2009,Mixing Bowl,1,0,0.5,0,NA,Sailfin Miniwall
2009,Mixing Bowl,2,0,0.5,0,NA,Sailfin Miniwall
2009,Mixing Bowl,3,0,0.5,0,NA,Sailfin Miniwall
2009,Mixing Bowl,4,0,0.5,0,NA,Sailfin Miniwall
2009,Mixing Bowl,5,0,0.5,0,NA,Sailfin Miniwall
2009,Mixing Bowl,6,0,0.5,0,NA,Sailfin Miniwall
2009,Richardss Reef,1,0,0.5,0,NA,Richard's Reef
2009,Richardss Reef,2,0,0.5,0,NA,Richard's Reef
2009,Richardss Reef,3,0,0.5,0,NA,Richard's Reef
2009,Richardss Reef,4,0,0.5,0,NA,Richard's Reef
2009,Richardss Reef,5,0,0.5,0,NA,Richard's Reef
2009,Richardss Reef,6,0,0.5,0,NA,Richard's Reef
2009,Richardss Reef,7,0,0.5,0,NA,Richard's Reef
2009,Sailfin,1,0,0.5,0,NA,Sailfin Reef
2009,Sailfin,2,0,0.5,0,NA,Sailfin Reef
2009,Sailfin,3,0,0.5,0,NA,Sailfin Reef
2009,Sailfin,4,0,0.5,0,NA,Sailfin Reef
2009,Sailfin,5,0,0.5,0,NA,Sailfin Reef
2009,Sailfin,6,0,0.5,0,NA,Sailfin Reef
2009,Snapshot,1,0,0.5,0,NA,Snap Shot
2009,Snapshot,2,0,0.5,0,NA,Snap Shot
2009,Snapshot,3,0,0.5,0,NA,Snap Shot
2009,Snapshot,4,0,0.5,0,NA,Snap Shot
2009,West Point,1,0,0.5,0,NA,West Point
2009,West Point,2,0,0.5,0,NA,West Point
2009,West Point,3,0,0.5,0,NA,West Point
2009,West Point,4,0,0.5,0,NA,West Point
2009,West Point,5,0,0.5,0,NA,West Point
2009,West Point,6,0,0.5,0,NA,West Point
2009,West Point,7,0,0.5,0,NA,West Point
2011,Coral City,1,0.614646465,0.083333333,0.218686869,NA,Coral City
2011,Coral City,2,0.584957265,0.105,0.205042735,NA,Coral City
2011,Coral City,3,0.585284011,0.091505376,0.231705236,NA,Coral City
2011,Coral City,4,0.365765617,0.313446826,0.007340731,NA,Coral City
2011,Coral City,5,0.21091954,0.382758621,0.023563218,NA,Coral City
2011,Coral City,6,0.162317823,0.41179056,0.014101058,NA,Coral City
2011,Grundys  Gardens,1,0.563709273,0.18748538,0.061319967,NA,Grundy's Gardens
2011,Grundys  Gardens,2,0.665873016,0.137962963,0.058201058,NA,Grundy's Gardens
2011,Grundys  Gardens,3,0.504203568,0.238996568,0.017803296,NA,Grundy's Gardens
2011,Grundys  Gardens,4,0.491623385,0.229688186,0.049000242,NA,Grundy's Gardens
2011,Grundys  Gardens,5,0.580188291,0.122447779,0.174916152,NA,Grundy's Gardens
2011,Jigsaw,1,0.377729885,0.311135057,0,NA,Jigsaw Puzzle
2011,Jigsaw,2,0.262722063,0.361883818,0.013510302,NA,Jigsaw Puzzle
2011,Jigsaw,3,0.281105169,0.330368161,0.058158508,NA,Jigsaw Puzzle
2011,Jigsaw,4,0.166666667,0.216666667,0.4,NA,Jigsaw Puzzle
2011,Jigsaw,5,0.236353276,0.343760684,0.076125356,NA,Jigsaw Puzzle
2011,Jigsaw,6,0.147792023,0.298008936,0.256190106,NA,Jigsaw Puzzle
2011,Meadows,1,0.02687747,0.458584893,0.055952743,NA,The Meadows
2011,Meadows,2,0.152681992,0.375968497,0.095381013,NA,The Meadows
2011,Meadows,3,0.157933723,0.351348573,0.13936913,NA,The Meadows
2011,Meadows,4,0.12,0.20875,0.4625,NA,The Meadows
2011,Meadows,5,0.098181818,0.365575758,0.170666667,NA,The Meadows
2011,Meadows,6,0.130812325,0.329953315,0.209281046,NA,The Meadows
2011,Mixing Bowl,1,0.494904494,0.20766347,0.089768566,NA,Sailfin Miniwall
2011,Mixing Bowl,2,0.29030164,0.316551834,0.076594692,NA,Sailfin Miniwall
2011,Mixing Bowl,3,0.432737833,0.263889704,0.039482759,NA,Sailfin Miniwall
2011,Mixing Bowl,4,0.129912425,0.435043788,0,NA,Sailfin Miniwall
2011,Mixing Bowl,5,0.357460317,0.276825397,0.088888889,NA,Sailfin Miniwall
2011,Mixing Bowl,6,0.242697947,0.35542522,0.046451613,NA,Sailfin Miniwall
2011,Sailfin,1,0.476666667,0.216666667,0.09,NA,Sailfin Reef
2011,Sailfin,2,0.668383838,0.165808081,0,NA,Sailfin Reef
2011,Sailfin,3,0.311585678,0.326918159,0.034578005,NA,Sailfin Reef
2011,Sailfin,4,0.023545854,0.476915918,0.02262231,NA,Sailfin Reef
2011,Sailfin,5,0.184055556,0.379987179,0.055970085,NA,Sailfin Reef
2011,Sailfin,6,0.174338876,0.40486401,0.015933103,NA,Sailfin Reef
2011,Snapshot,1,0.258168612,0.32435699,0.093117409,NA,Snap Shot
2011,Snapshot,2,0.417777778,0.283418803,0.015384615,NA,Snap Shot
2011,Snapshot,3,0.559163059,0.19469697,0.051443001,NA,Snap Shot
2011,Snapshot,4,0.398565947,0.279133848,0.043166357,NA,Snap Shot
2011,Snapshot,5,0.35503268,0.316601307,0.011764706,NA,Snap Shot
2011,Snapshot,6,0.285955425,0.332729058,0.048586459,NA,Snap Shot
2011,West Point,1,0.487222222,0.224444444,0.063888889,NA,West Point
2011,West Point,2,0.334285714,0.292813853,0.08008658,NA,West Point
2011,West Point,3,0.120203488,0.437164985,0.005466542,NA,West Point
2011,West Point,4,0.253968254,0.363492063,0.019047619,NA,West Point
2011,West Point,5,0.467968689,0.266015655,0,NA,West Point
2011,West Point,6,0.326563959,0.336718021,0,NA,West Point
2012,Coral City,1,0.04,0.068907563,0.445546218,NA,Coral City
2012,Coral City,2,0.057796258,0.078411911,0.431895916,NA,Coral City
2012,Coral City,3,0.084390244,0.079413919,0.418097918,NA,Coral City
2012,Coral City,4,0.206786943,0.049808429,0.371702314,NA,Coral City
2012,Coral City,5,0.019803439,0.145963128,0.417116717,NA,Coral City
2012,Coral City,6,0.057173114,0.061111111,0.440857888,NA,Coral City
2012,Grundys  Gardens,1,0.062757391,0.04137931,0.447931649,NA,Grundy's Gardens
2012,Grundys  Gardens,2,0.100755911,0.138888889,0.3801776,NA,Grundy's Gardens
2012,Grundys  Gardens,3,0,0.078860761,0.460569619,NA,Grundy's Gardens
2012,Grundys  Gardens,4,0.065,0.235909091,0.349545455,NA,Grundy's Gardens
2012,Grundys  Gardens,5,0.033707865,0.237359551,0.364466292,NA,Grundy's Gardens
2012,Grundys  Gardens,6,0.139825473,0.113131313,0.373521607,NA,Grundy's Gardens
2012,ICON CREWS,1,0,0.506060606,0.246969697,NA,Icon
2012,ICON CREWS,2,0,0.37991453,0.310042735,NA,Icon
2012,ICON CREWS,3,0,0.705490196,0.147254902,NA,Icon
2012,ICON CREWS,4,0,0.935652618,0.032173691,NA,Icon
2012,ICON CREWS,5,0,0.711387164,0.144306418,NA,Icon
2012,ICON CREWS,6,0,0.542895623,0.228552189,NA,Icon
2012,Icon,1,0.387901487,0.036363636,0.287867438,NA,Icon
2012,Icon,2,0.174258622,0.056854839,0.38444327,NA,Icon
2012,Icon,3,0.483636364,0.187962382,0.164200627,NA,Icon
2012,Icon,4,0.041678886,0.028787879,0.464766618,NA,Icon
2012,Icon,5,0.07091049,0.141256039,0.393916736,NA,Icon
2012,Icon,6,0.041786252,0.012820513,0.472696618,NA,Icon
2012,Jigsaw,1,0.231233766,0.08,0.344383117,NA,Jigsaw Puzzle
2012,Jigsaw,2,0.356187692,0.169878709,0.2369668,NA,Jigsaw Puzzle
2012,Jigsaw,3,0.516825397,0.04,0.221587302,NA,Jigsaw Puzzle
2012,Jigsaw,4,0.05,0.087141257,0.431429371,NA,Jigsaw Puzzle
2012,Jigsaw,5,0.016525097,0.095405405,0.444034749,NA,Jigsaw Puzzle
2012,Jigsaw,6,0.010309278,0.207183183,0.39125377,NA,Jigsaw Puzzle
2012,Meadows,1,0.078095238,0.297142857,0.312380952,NA,The Meadows
2012,Meadows,2,0.046634615,0.401955128,0.275705128,NA,The Meadows
2012,Meadows,3,0.156483516,0.162162162,0.340677161,NA,The Meadows
2012,Meadows,4,0.005555556,0.536601307,0.228921569,NA,The Meadows
2012,Meadows,5,0.044444444,0.445490196,0.25503268,NA,The Meadows
2012,Meadows,6,0.186263736,0.128571429,0.342582418,NA,The Meadows
2012,Mixing Bowl,1,0.5,0,0.25,NA,Sailfin Miniwall
2012,Mixing Bowl,2,0.333333333,0,0.333333333,NA,Sailfin Miniwall
2012,Mixing Bowl,3,0.703703704,0,0.148148148,NA,Sailfin Miniwall
2012,Mixing Bowl,4,0.028571429,0,0.485714286,NA,Sailfin Miniwall
2012,Mixing Bowl,5,0.04,0,0.48,NA,Sailfin Miniwall
2012,Mixing Bowl,6,0,0,0.5,NA,Sailfin Miniwall
2012,Pauls Anchor,1,0.383174603,0.04,0.288412698,NA,Paul's Anchor
2012,Pauls Anchor,2,0.592447027,0.073224728,0.167164122,NA,Paul's Anchor
2012,Pauls Anchor,3,0.353263403,0.194055944,0.226340326,NA,Paul's Anchor
2012,Pauls Anchor,4,0,0,0.5,NA,Paul's Anchor
2012,Pauls Anchor,5,0.028571429,0,0.485714286,NA,Paul's Anchor
2012,Pauls Anchor,6,0.028673835,0,0.485663082,NA,Paul's Anchor
2012,Rock Bottom,1,0.087878788,0.069388089,0.421366561,NA,Rock Bottom Wall
2012,Rock Bottom,2,0.085185185,0.028673835,0.44307049,NA,Rock Bottom Wall
2012,Rock Bottom,3,0.16398201,0.091548529,0.372234731,NA,Rock Bottom Wall
2012,Rock Bottom,4,0.034640523,0.124311224,0.420524127,NA,Rock Bottom Wall
2012,Rock Bottom,5,0.231111111,0.126666667,0.321111111,NA,Rock Bottom Wall
2012,Rock Bottom,6,0.307311207,0.194949495,0.248869649,NA,Rock Bottom Wall
2012,Sailfin,1,0.055900621,0.166856942,0.388621219,NA,Sailfin Reef
2012,Sailfin,2,0,0.235484003,0.382257998,NA,Sailfin Reef
2012,Sailfin,3,0.009387223,0.387501832,0.301555473,NA,Sailfin Reef
2012,Sailfin,4,0.117961238,0.374193122,0.25392282,NA,Sailfin Reef
2012,Sailfin,5,0.014067661,0.393700455,0.296115942,NA,Sailfin Reef
2012,Sailfin,6,0.03907563,0.223633368,0.368645501,NA,Sailfin Reef
2012,Snapshot,1,0.057142857,0.037037037,0.452910053,NA,Snap Shot
2012,Snapshot,2,0.033960972,0,0.483019514,NA,Snap Shot
2012,Snapshot,3,0.011111111,0.081658986,0.453614951,NA,Snap Shot
2012,Snapshot,4,0.16749616,0,0.41625192,NA,Snap Shot
2012,Snapshot,5,0.273529412,0.061764706,0.332352941,NA,Snap Shot
2012,Snapshot,6,0.144406292,0,0.427796854,NA,Snap Shot
2012,West Point,1,0.031623624,0.142017094,0.413179641,NA,West Point
2012,West Point,2,0.104573935,0.178738908,0.358343579,NA,West Point
2012,West Point,3,0.139415205,0.20952381,0.325530493,NA,West Point
2012,West Point,4,0.100725748,0,0.449637126,NA,West Point
2012,West Point,5,0.092931078,0,0.453534461,NA,West Point
2012,West Point,6,0.064492754,0.1,0.417753623,NA,West Point
2013,Coral City,1,0.24245386,0.127475854,0.315035143,NA,Coral City
2013,Coral City,2,0.115300836,0.187907999,0.348395583,NA,Coral City
2013,Coral City,3,0.182319423,0.281524702,0.268077937,NA,Coral City
2013,Coral City,4,0.257249417,0.374382284,0.184184149,NA,Coral City
2013,Coral City,5,0.559379751,0.081726969,0.17944664,NA,Coral City
2013,Coral City,6,0.563097264,0.047609929,0.194646403,NA,Coral City
2013,Grundys  Gardens,1,0.050648274,0.013307494,0.468022116,NA,Grundy's Gardens
2013,Grundys  Gardens,2,0.048984699,0.032953288,0.459031006,NA,Grundy's Gardens
2013,Grundys  Gardens,3,0.092169312,0.017857143,0.444986772,NA,Grundy's Gardens
2013,Grundys  Gardens,4,0.277196189,0.152044703,0.285379554,NA,Grundy's Gardens
2013,Grundys  Gardens,5,0.08254386,0.005347594,0.456054273,NA,Grundy's Gardens
2013,Grundys  Gardens,6,0.046207514,0.206767738,0.373512374,NA,Grundy's Gardens
2013,Grundys  Gardens,7,0.220150642,0.031176746,0.374336306,NA,Grundy's Gardens
2013,Grundys  Gardens,8,0.29815436,0.031695906,0.335074867,NA,Grundy's Gardens
2013,Icon,1,0.110694293,0.07657673,0.406364488,NA,Icon
2013,Icon,2,0.151416441,0.072435074,0.388074243,NA,Icon
2013,Icon,3,0.166014493,0.207173913,0.313405797,NA,Icon
2013,Icon,4,0.105677656,0.294505495,0.299908425,NA,Icon
2013,Icon,5,0.174658131,0.301330304,0.262005783,NA,Icon
2013,Icon,6,0.223657262,0.130992685,0.322675026,NA,Icon
2013,Jigsaw,1,0.246016512,0.134582043,0.309700722,NA,Jigsaw Puzzle
2013,Jigsaw,2,0.079194139,0.201052185,0.359876838,NA,Jigsaw Puzzle
2013,Jigsaw,3,0.141268686,0.144420685,0.357155315,NA,Jigsaw Puzzle
2013,Jigsaw,4,0.281116494,0.12522031,0.296831598,NA,Jigsaw Puzzle
2013,Jigsaw,5,0.05210103,0.300887673,0.323505649,NA,Jigsaw Puzzle
2013,Jigsaw,6,0.04881738,0.081081081,0.435050769,NA,Jigsaw Puzzle
2013,Jigsaw,7,0.116334665,0,0.441832668,NA,Jigsaw Puzzle
2013,Meadows,1,0.19244868,0.203054741,0.302248289,NA,The Meadows
2013,Meadows,2,0.109185072,0.487495703,0.201659613,NA,The Meadows
2013,Meadows,3,0.310156837,0.363102584,0.16337029,NA,The Meadows
2013,Meadows,4,0.160717753,0.368769919,0.235256164,NA,The Meadows
2013,Meadows,5,0.269975141,0.370374058,0.179825401,NA,The Meadows
2013,Meadows,6,0.021706545,0.452599204,0.262847126,NA,The Meadows
2013,Mixing Bowl,1,0.17084566,0.047964603,0.390594869,NA,Sailfin Miniwall
2013,Mixing Bowl,2,0.036167341,0.156451755,0.403690452,NA,Sailfin Miniwall
2013,Mixing Bowl,3,0.153823954,0.186435786,0.32987013,NA,Sailfin Miniwall
2013,Mixing Bowl,4,0.12486198,0.166056312,0.354540854,NA,Sailfin Miniwall
2013,Mixing Bowl,5,0.143161184,0.165368575,0.34573512,NA,Sailfin Miniwall
2013,Mixing Bowl,6,0.338341939,0.05852551,0.301566276,NA,Sailfin Miniwall
2013,Mixing Bowl,7,0.055417331,0.108194729,0.41819397,NA,Sailfin Miniwall
2013,Mixing Bowl,8,0.068044899,0.361490954,0.285232074,NA,Sailfin Miniwall
2013,Pauls Anchor,1,0.08083014,0.061340996,0.428914432,NA,Paul's Anchor
2013,Pauls Anchor,2,0.101987618,0.012333966,0.442839208,NA,Paul's Anchor
2013,Pauls Anchor,3,0.097911282,0.086988287,0.407550215,NA,Paul's Anchor
2013,Pauls Anchor,4,0.050050125,0.196190476,0.376879699,NA,Paul's Anchor
2013,Pauls Anchor,5,0.208669547,0.205496196,0.292917129,NA,Paul's Anchor
2013,Pauls Anchor,6,0.123572172,0.108600824,0.383913502,NA,Paul's Anchor
2013,Sailfin,1,0.163231675,0.313515249,0.261626538,NA,Sailfin Reef
2013,Sailfin,2,0.114296124,0.410265015,0.23771943,NA,Sailfin Reef
2013,Sailfin,3,0.068079406,0.639163959,0.146378318,NA,Sailfin Reef
2013,Sailfin,4,0.114864425,0.347754742,0.268690417,NA,Sailfin Reef
2013,Sailfin,5,0.221647635,0.338058034,0.220147165,NA,Sailfin Reef
2013,Sailfin,6,0.101075822,0.207265583,0.345829297,NA,Sailfin Reef
2013,Snapshot,1,0.148837923,0.247717295,0.301722391,NA,Snap Shot
2013,Snapshot,2,0.187307002,0.303734013,0.254479493,NA,Snap Shot
2013,Snapshot,3,0.187706708,0.253617708,0.279337792,NA,Snap Shot
2013,Snapshot,4,0.239550619,0.11032686,0.32506126,NA,Snap Shot
2013,Snapshot,5,0.10060743,0.344429195,0.277481688,NA,Snap Shot
2013,Snapshot,6,0.151837953,0.473018716,0.187571665,NA,Snap Shot
2013,Snapshot,7,0.053650794,0.224126984,0.361111111,NA,Snap Shot
2013,Snapshot,8,0.059985401,0.198677957,0.370668321,NA,Snap Shot
2013,West Point,1,0.284603457,0.027027027,0.344184758,NA,West Point
2013,West Point,2,0.206995231,0.048303623,0.372350573,NA,West Point
2013,West Point,3,0.080668286,0.098103997,0.410613858,NA,West Point
2013,West Point,4,0.082943151,0.4120702,0.252493324,NA,West Point
2013,West Point,5,0.049236432,0.561975724,0.194393922,NA,West Point
2013,West Point,6,0.200055784,0.645709647,0.077117284,NA,West Point
2013,West Point,7,0.221954725,0.547358965,0.115343155,NA,West Point
2013,West Point,8,0.368342138,0.020814073,0.305421894,NA,West Point
2013,West Point,9,0.408186731,0,0.295906635,NA,West Point
2013,West Point,10,0.039271972,0.351587687,0.30457017,NA,West Point
2013,West Point,11,0.027671958,0.49073614,0.240795951,NA,West Point
2013,West Point,12,0.021309735,0.617287745,0.18070126,NA,West Point
2013,West Point,13,0.119819995,0.350951826,0.26461409,NA,West Point
2013,West Point,14,0.069076923,0.461948718,0.234487179,NA,West Point
2014,Coral City,1,0.207765038,0.032608696,0.379813133,NA,Coral City
2014,Coral City,2,0.081282232,0.013333333,0.452692217,NA,Coral City
2014,Coral City,3,0.11977591,0.039285714,0.420469188,NA,Coral City
2014,Coral City,4,0.416666667,0.083333333,0.25,NA,Coral City
2014,Coral City,5,0.278388278,0,0.360805861,NA,Coral City
2014,Coral City,6,0.447712418,0.055555556,0.248366013,NA,Coral City
2014,Coral City,7,0.005882353,0.075014854,0.459551396,NA,Coral City
2014,Coral City,8,0.154411911,0.122783568,0.361402261,NA,Coral City
2014,Coral City,9,0.026019804,0.272809886,0.350585155,NA,Coral City
2014,Coral City,10,0.027617225,0.082182502,0.445100137,NA,Coral City
2014,Grundys  Gardens,1,0.019004931,0.262474227,0.359260421,NA,Grundy's Gardens
2014,Grundys  Gardens,2,0.064601348,0.371836222,0.281781215,NA,Grundy's Gardens
2014,Grundys  Gardens,3,0.038949129,0.522941907,0.219054482,NA,Grundy's Gardens
2014,Grundys  Gardens,4,0,0,0.5,NA,Grundy's Gardens
2014,Grundys  Gardens,5,0,0,0.5,NA,Grundy's Gardens
2014,Grundys  Gardens,6,0.278571429,0,0.360714286,NA,Grundy's Gardens
2014,Grundys  Gardens,7,0.049033816,0.250091396,0.350437394,NA,Grundy's Gardens
2014,Grundys  Gardens,8,0.06487799,0.084480861,0.425320574,NA,Grundy's Gardens
2014,Grundys  Gardens,9,0.111107641,0.16562453,0.361633914,NA,Grundy's Gardens
2014,Icon,1,0.125788377,0.018390805,0.427910409,NA,Icon
2014,Icon,2,0.099068633,0.026235219,0.437348074,NA,Icon
2014,Icon,3,0.120532774,0.045977011,0.416745107,NA,Icon
2014,Icon,4,0.109090909,0,0.445454545,NA,Icon
2014,Icon,5,0.241830065,0,0.379084967,NA,Icon
2014,Icon,6,0.158333333,0,0.420833333,NA,Icon
2014,Icon,7,0.027637292,0.079734355,0.446314176,NA,Icon
2014,Icon,8,0.031227364,0.189526116,0.38962326,NA,Icon
2014,Icon,9,0,0.373333333,0.313333333,NA,Icon
2014,Icon,10,0,0.331340996,0.334329502,NA,Icon
2014,Jigsaw,1,0.07110814,0.132221597,0.398335132,NA,Jigsaw Puzzle
2014,Jigsaw,2,0.10371517,0.16504988,0.365617475,NA,Jigsaw Puzzle
2014,Jigsaw,3,0.064569387,0.096252263,0.419589175,NA,Jigsaw Puzzle
2014,Jigsaw,4,0.481481481,0.518518519,0,NA,Jigsaw Puzzle
2014,Jigsaw,5,0.055555556,0.055555556,0.444444444,NA,Jigsaw Puzzle
2014,Jigsaw,6,0.491071429,0.258928571,0.125,NA,Jigsaw Puzzle
2014,Jigsaw,7,0,0.536687642,0.231656179,NA,Jigsaw Puzzle
2014,Jigsaw,8,0.024783985,0.089077071,0.443069472,NA,Jigsaw Puzzle
2014,Jigsaw,9,0.010103024,0.140103499,0.424896738,NA,Jigsaw Puzzle
2014,Meadows,1,0.037598039,0.065213787,0.448594087,NA,The Meadows
2014,Meadows,2,0.076563959,0.111668886,0.405883577,NA,The Meadows
2014,Meadows,3,0.084792143,0.104586583,0.405310637,NA,The Meadows
2014,Meadows,4,0.057142857,0.461904762,0.24047619,NA,The Meadows
2014,Meadows,5,0,0.43115942,0.28442029,NA,The Meadows
2014,Meadows,6,0.066666667,0.6,0.166666667,NA,The Meadows
2014,Meadows,7,0,0.217777778,0.391111111,NA,The Meadows
2014,Meadows,8,0.01,0.367844933,0.311077534,NA,The Meadows
2014,Meadows,9,0.067588326,0.1493702,0.391520737,NA,The Meadows
2014,Meadows,10,0.066544796,0.323145586,0.305154809,NA,The Meadows
2014,Mixing Bowl,1,0.057321875,0.051044276,0.445816925,NA,Sailfin Miniwall
2014,Mixing Bowl,2,0.065456288,0.201637918,0.366452897,NA,Sailfin Miniwall
2014,Mixing Bowl,3,0.053925725,0.096957488,0.424558394,NA,Sailfin Miniwall
2014,Mixing Bowl,4,0.018181818,0.429410589,0.276203796,NA,Sailfin Miniwall
2014,Mixing Bowl,5,0.129907773,0.367701863,0.251195182,NA,Sailfin Miniwall
2014,Mixing Bowl,6,0.022222222,0.465587045,0.256095367,NA,Sailfin Miniwall
2014,Pauls Anchor,1,0.139634351,0.042454023,0.408955813,NA,Paul's Anchor
2014,Pauls Anchor,2,0.071961477,0.080515371,0.423761576,NA,Paul's Anchor
2014,Pauls Anchor,3,0.047896825,0.047161531,0.452470822,NA,Paul's Anchor
2014,Pauls Anchor,4,0.016144268,0.537538546,0.223158593,NA,Paul's Anchor
2014,Pauls Anchor,5,0.090909091,0.496536797,0.206277056,NA,Paul's Anchor
2014,Pauls Anchor,6,0.043859649,0.386315789,0.284912281,NA,Paul's Anchor
2014,Pauls Anchor,7,0.020117464,0.044313268,0.467784634,NA,Paul's Anchor
2014,Pauls Anchor,8,0.030237346,0.04422558,0.462768537,NA,Paul's Anchor
2014,Sailfin,1,0.066666667,0.066666667,0.433333333,NA,Sailfin Reef
2014,Sailfin,2,0.055402662,0.069583388,0.437506975,NA,Sailfin Reef
2014,Sailfin,3,0,0.245252525,0.377373737,NA,Sailfin Reef
2014,Sailfin,4,0.037037037,0.015407407,0.473777778,NA,Sailfin Reef
2014,Sailfin,5,0.047887573,0.193185047,0.37946369,NA,Sailfin Reef
2014,Sailfin,6,0.08047619,0.238571429,0.34047619,NA,Sailfin Reef
2014,Sailfin,7,0.007352941,0.186540616,0.403053221,NA,Sailfin Reef
2014,Snapshot,1,0.071327812,0.284483092,0.322094548,NA,Snap Shot
2014,Snapshot,2,0.032494295,0.323374299,0.322065703,NA,Snap Shot
2014,Snapshot,3,0.028618169,0.208770231,0.3813058,NA,Snap Shot
2014,Snapshot,4,0.014285714,0.414861751,0.285426267,NA,Snap Shot
2014,Snapshot,5,0,0.142857143,0.428571429,NA,Snap Shot
2014,Snapshot,6,0.006451613,0.417849462,0.287849462,NA,Snap Shot
2014,West Point,1,0.044047619,0.142067669,0.406942356,NA,West Point
2014,West Point,2,0.10952381,0.099134199,0.395670996,NA,West Point
2014,West Point,3,0.050264306,0.031812035,0.458961829,NA,West Point
2014,West Point,4,0,0.246031746,0.376984127,NA,West Point
2014,West Point,5,0.018181818,0.20969697,0.386060606,NA,West Point
2014,West Point,6,0,0.056666667,0.471666667,NA,West Point
2014,West Point,7,0.039250437,0.045912469,0.457418547,NA,West Point
2014,West Point,8,0.037425748,0.055763824,0.453405214,NA,West Point
2014,West Point,9,0.00952381,0.063829787,0.463323202,NA,West Point
2014,West Point,10,0.007142857,0.088668084,0.452094529,NA,West Point
2015,Coral City,1,0.181134896,0.261893958,0.278485573,NA,Coral City
2015,Coral City,2,0.050462699,0.07708564,0.436225831,NA,Coral City
2015,Coral City,3,0.271292832,0.215473888,0.25661664,NA,Coral City
2015,Coral City,4,0.158213672,0.029738982,0.406023673,NA,Coral City
2015,Coral City,5,0.403526221,0,0.29823689,NA,Coral City
2015,Coral City,6,0.231718931,0.041904762,0.363188153,NA,Coral City
2015,Grundys  Gardens,1,0.210895506,0.103787447,0.342658524,NA,Grundy's Gardens
2015,Grundys  Gardens,2,0.301428906,0.153999824,0.272285635,NA,Grundy's Gardens
2015,Grundys  Gardens,3,0.091333333,0.075170973,0.416747847,NA,Grundy's Gardens
2015,Grundys  Gardens,4,0.160526316,0.178049434,0.330712125,NA,Grundy's Gardens
2015,Grundys  Gardens,5,0.022103387,0.013953488,0.481971562,NA,Grundy's Gardens
2015,Grundys  Gardens,6,0.055111149,0.186954915,0.378966968,NA,Grundy's Gardens
2015,Icon,1,0.028571429,0.088571429,0.441428571,NA,Icon
2015,Icon,2,0.117466393,0.091575092,0.395479258,NA,Icon
2015,Icon,3,0.217883448,0.142061398,0.320027577,NA,Icon
2015,Icon,4,0.159273345,0.034579521,0.403073567,NA,Icon
2015,Icon,5,0.265151515,0.016666667,0.359090909,NA,Icon
2015,Icon,6,0.196633831,0.010526316,0.396419927,NA,Icon
2015,Jigsaw,1,0,0.171706356,0.414146822,NA,Jigsaw Puzzle
2015,Jigsaw,2,0.067463001,0.112742723,0.409897138,NA,Jigsaw Puzzle
2015,Jigsaw,3,0.085606061,0.132954545,0.390719697,NA,Jigsaw Puzzle
2015,Jigsaw,4,0.03186215,0.159280613,0.404428618,NA,Jigsaw Puzzle
2015,Jigsaw,5,0.317236941,0.014285714,0.334238672,NA,Jigsaw Puzzle
2015,Jigsaw,6,0.254673923,0.016695652,0.364315212,NA,Jigsaw Puzzle
2015,Meadows,1,0.016697608,0.477787571,0.25275741,NA,The Meadows
2015,Meadows,2,0.080324215,0.42267358,0.248501103,NA,The Meadows
2015,Meadows,3,0.101747331,0.707230925,0.095510872,NA,The Meadows
2015,Meadows,4,0.02379386,0.870081454,0.053062343,NA,The Meadows
2015,Meadows,5,0.432478632,0.2,0.183760684,NA,The Meadows
2015,Meadows,6,0.155353535,0.133333333,0.355656566,NA,The Meadows
2015,Mixing Bowl,1,0.006451613,0.155497799,0.419025294,NA,Sailfin Miniwall
2015,Mixing Bowl,2,0.009345794,0.110726149,0.439964028,NA,Sailfin Miniwall
2015,Mixing Bowl,3,0.003806339,0.123637522,0.43627807,NA,Sailfin Miniwall
2015,Mixing Bowl,4,0,0.062721918,0.468639041,NA,Sailfin Miniwall
2015,Mixing Bowl,5,0.052631579,0.021052632,0.463157895,NA,Sailfin Miniwall
2015,Mixing Bowl,6,0.211111111,0,0.394444444,NA,Sailfin Miniwall
2015,Pauls Anchor,1,0.288535224,0,0.355732388,NA,Paul's Anchor
2015,Pauls Anchor,2,0.204010025,0.019047619,0.388471178,NA,Paul's Anchor
2015,Pauls Anchor,3,0.337728106,0.055555556,0.303358169,NA,Paul's Anchor
2015,Pauls Anchor,4,0.197796452,0.044444444,0.378879552,NA,Paul's Anchor
2015,Pauls Anchor,5,0.257619048,0.013333333,0.36452381,NA,Paul's Anchor
2015,Pauls Anchor,6,0.308717949,0.088205128,0.301538462,NA,Paul's Anchor
2015,Sailfin,1,0.098513986,0.021590909,0.439947552,NA,Sailfin Reef
2015,Sailfin,2,0.016666667,0.195714286,0.393809524,NA,Sailfin Reef
2015,Sailfin,3,0.12,0.545141645,0.167429177,NA,Sailfin Reef
2015,Sailfin,4,0.019221968,0.548981987,0.215898023,NA,Sailfin Reef
2015,Sailfin,5,0.079097744,0.611812865,0.154544695,NA,Sailfin Reef
2015,Sailfin,6,0.017028986,0.575812473,0.203579271,NA,Sailfin Reef
2015,Snapshot,1,0.029785013,0.293248921,0.338483033,NA,Snap Shot
2015,Snapshot,2,0.04587347,0.153017009,0.40055476,NA,Snap Shot
2015,Snapshot,3,0.04691984,0.137564368,0.407757896,NA,Snap Shot
2015,Snapshot,4,0.028744373,0.115973116,0.427641256,NA,Snap Shot
2015,Snapshot,5,0.221278721,0.154545455,0.312087912,NA,Snap Shot
2015,Snapshot,6,0.135421245,0,0.432289377,NA,Snap Shot
2015,West Point,1,0.007692308,0.084483818,0.453911937,NA,West Point
2015,West Point,2,0.013235214,0.015188816,0.485787985,NA,West Point
2015,West Point,3,0.013793103,0.141196959,0.422504969,NA,West Point
2015,West Point,4,0,0.072994594,0.463502703,NA,West Point
2015,West Point,5,0.018382353,0.123382353,0.429117647,NA,West Point
2017,Coral City,1,0.02254902,0.329673203,0.318104575,NA,Coral City
2017,Coral City,2,0.034056679,0.442067329,0.081808662,NA,Coral City
2017,Coral City,3,0.083333333,0.410732323,0.09520202,NA,Coral City
2017,Coral City,4,0.106611296,0.435980066,0.021428571,NA,Coral City
2017,Coral City,5,0.021526718,0.420224767,0.138023749,NA,Coral City
2017,Coral City,6,0.08019495,0.429568018,0.060669014,NA,Coral City
2017,Grundys  Gardens,1,0.095935315,0.402316434,0.099431818,NA,Grundy's Gardens
2017,Grundys  Gardens,2,0.225,0.219144144,0.336711712,NA,Grundy's Gardens
2017,Grundys  Gardens,3,0.05,0.411054635,0.12789073,NA,Grundy's Gardens
2017,Grundys  Gardens,4,0.022857143,0.342194617,0.292753623,NA,Grundy's Gardens
2017,Grundys  Gardens,5,0.057777778,0.442222222,0.057777778,NA,Grundy's Gardens
2017,Grundys  Gardens,6,0,0.360714286,0.278571429,NA,Grundy's Gardens
2017,Icon,1,0.097503885,0.349036949,0.204422217,NA,Icon
2017,Icon,2,0.128869221,0.346509724,0.17811133,NA,Icon
2017,Icon,3,0.162866345,0.358067633,0.12099839,NA,Icon
2017,Icon,4,0.076277682,0.430133101,0.063456116,NA,Icon
2017,Icon,5,0.135853399,0.414990814,0.034164973,NA,Icon
2017,Icon,6,0.174827404,0.382314647,0.060543303,NA,Icon
2017,Jigsaw,3,0.033357196,0.416131373,0.134380057,NA,Jigsaw Puzzle
2017,Jigsaw,4,0.063392857,0.364612801,0.207381542,NA,Jigsaw Puzzle
2017,Jigsaw,5,0.023717949,0.426831502,0.122619048,NA,Jigsaw Puzzle
2017,Jigsaw,6,0.018255411,0.474071792,0.033601004,NA,Jigsaw Puzzle
2017,Jigsaw,1,0.108944659,0.363899614,0.163256113,NA,Jigsaw Puzzle
2017,Jigsaw,2,0.111603362,0.333505604,0.22138543,NA,Jigsaw Puzzle
2017,Meadows,1,0.083333333,0.364561404,0.18754386,NA,The Meadows
2017,Meadows,2,0.114047619,0.382726575,0.120499232,NA,The Meadows
2017,Meadows,3,0.005825243,0.438503209,0.117168339,NA,The Meadows
2017,Meadows,4,0.056119299,0.430458881,0.082962939,NA,The Meadows
2017,Meadows,5,0.067777778,0.410132835,0.111956552,NA,The Meadows
2017,Meadows,6,0.048,0.468,0.016,NA,The Meadows
2017,Meadows,7,0.07846415,0.323707567,0.274120715,NA,The Meadows
2017,Mixing Bowl,1,0.136399108,0.313879599,0.235841695,NA,Sailfin Miniwall
2017,Mixing Bowl,2,0.101637396,0.375628939,0.147104727,NA,Sailfin Miniwall
2017,Mixing Bowl,3,0.095959596,0.350505051,0.203030303,NA,Sailfin Miniwall
2017,Mixing Bowl,4,0.165438182,0.342891061,0.148779697,NA,Sailfin Miniwall
2017,Mixing Bowl,5,0.11159204,0.402537313,0.083333333,NA,Sailfin Miniwall
2017,Mixing Bowl,6,0.091552795,0.42505176,0.058343685,NA,Sailfin Miniwall
2017,Mixing Bowl,7,0.211433171,0.383394324,0.021778182,NA,Sailfin Miniwall
2017,Mixing Bowl,8,0.070839342,0.424629388,0.079901882,NA,Sailfin Miniwall
2017,Pauls Anchor,1,0.037301587,0.394940476,0.17281746,NA,Paul's Anchor
2017,Pauls Anchor,2,0.068924466,0.394831156,0.141413222,NA,Paul's Anchor
2017,Pauls Anchor,3,0.128537454,0.429064606,0.013333333,NA,Paul's Anchor
2017,Pauls Anchor,4,0.072830079,0.443474259,0.040221403,NA,Paul's Anchor
2017,Pauls Anchor,5,0.019984651,0.461074225,0.057866899,NA,Paul's Anchor
2017,Pauls Anchor,6,0.069908254,0.403331183,0.123429381,NA,Paul's Anchor
2017,Sailfin,1,0.033415808,0.403943587,0.158697018,NA,Sailfin Reef
2017,Sailfin,2,0.045281443,0.441328499,0.072061559,NA,Sailfin Reef
2017,Sailfin,3,0.034932743,0.445529901,0.074007454,NA,Sailfin Reef
2017,Sailfin,4,0.016642755,0.491678623,0,NA,Sailfin Reef
2017,Sailfin,5,0.110391017,0.425369728,0.038869527,NA,Sailfin Reef
2017,Sailfin,6,0.089617495,0.349200787,0.211980932,NA,Sailfin Reef
2017,Snapshot,1,0.043253968,0.435790274,0.085165485,NA,Snap Shot
2017,Snapshot,2,0.091945774,0.413317384,0.081419458,NA,Snap Shot
2017,Snapshot,3,0.135524791,0.384864608,0.094745993,NA,Snap Shot
2017,Snapshot,4,0.042514587,0.470092227,0.01730096,NA,Snap Shot
2017,Snapshot,5,0.15933912,0.403530104,0.033600671,NA,Snap Shot
2017,Snapshot,6,0.153674959,0.359936609,0.126451823,NA,Snap Shot
2017,West Point,1,0.043277311,0.426910877,0.102900935,NA,West Point
2017,West Point,2,0.071188818,0.441461389,0.045888404,NA,West Point
2017,West Point,3,0.002325581,0.380492742,0.236688935,NA,West Point
2017,West Point,4,0.026565903,0.434667317,0.104099464,NA,West Point
2017,West Point,5,0.228848039,0.37620098,0.01875,NA,West Point
2017,West Point,6,0.198407068,0.370161251,0.06127043,NA,West Point
2017,West Point,7,0,0.468939334,0.062121332,NA,West Point
2017,West Point,8,0,0.480291588,0.039416824,NA,West Point
2017,West Point,9,0.027719298,0.476924665,0.018431373,NA,West Point
2017,West Point,10,0.075384615,0.456752137,0.011111111,NA,West Point
2017,West Point,11,0.007153502,0.496423249,0,NA,West Point
2017,West Point,12,0.225260817,0.373083877,0.028571429,NA,West Point
2018,Blacktip tunnel,1,0.229332801,0.28957174,0.018794608,NA,Blacktip tunnel
2018,Blacktip tunnel,2,0.209888012,0.319269272,0.017019916,NA,Blacktip tunnel
2018,Blacktip tunnel,3,0.009876543,0.407626381,0.010755684,NA,Blacktip tunnel
2018,Blacktip tunnel,4,0.009852217,0.389084718,0.010924119,NA,Blacktip tunnel
2018,Blacktip tunnel,5,0.027197841,0.39990729,0.010906067,NA,Blacktip tunnel
2018,Blacktip tunnel,6,0.081825492,0.220422648,0.006097265,NA,Blacktip tunnel
2018,Blacktip tunnel,7,0.172780339,0.160066935,0.010585362,NA,Blacktip tunnel
2018,Blacktip tunnel,8,0.188276761,0.118442334,0.007116101,NA,Blacktip tunnel
2018,Coral City,1,0.379026158,0.240371333,0.010503949,NA,Coral City
2018,Coral City,2,0.158671896,0.267787343,0.010321107,NA,Coral City
2018,Coral City,3,0.227695775,0.336582163,0.013886714,NA,Coral City
2018,Coral City,4,0.574032053,0.138570274,0.005189547,NA,Coral City
2018,Coral City,5,0.075725736,0.388612477,0.013121392,NA,Coral City
2018,Coral City,6,0.107510833,0.393869099,0.010494292,NA,Coral City
2018,Coral City,7,0.192485679,0.395518493,0.016477334,NA,Coral City
2018,Coral City,8,0.477440654,0.192572681,0.017516352,NA,Coral City
2018,Coral City,9,0.310912154,0.276359398,0.020843953,NA,Coral City
2018,Coral City,10,0.242183853,0.28713662,0,NA,Coral City
2018,Coral City,11,0.097221804,0.397028884,0.012709865,NA,Coral City
2018,Grundys  Gardens,1,0.282442624,0.281214616,0.021372928,NA,Grundy's Gardens
2018,Grundys  Gardens,2,0.124703739,0.395369342,0.014525939,NA,Grundy's Gardens
2018,Grundys  Gardens,3,0.272131686,0.26929192,0.013849386,NA,Grundy's Gardens
2018,Grundys  Gardens,4,0.031413613,0.481234902,0.006116584,NA,Grundy's Gardens
2018,Grundys  Gardens,5,0.161949362,0.181051512,0.008623378,NA,Grundy's Gardens
2018,Grundys  Gardens,6,0,0.373541109,0.007720732,NA,Grundy's Gardens
2018,Grundys  Gardens,7,0,0.174375298,0.004766542,NA,Grundy's Gardens
2018,Grundys  Gardens,8,0.152962972,0.35317773,0.015930799,NA,Grundy's Gardens
2018,Grundys  Gardens,9,0.206263397,0.333324818,0.013457939,NA,Grundy's Gardens
2018,Grundys  Gardens,10,0.183219882,0.334770035,0.016040401,NA,Grundy's Gardens
2018,Grundys  Gardens,11,0.087534845,0.383763262,0.087534845,NA,Grundy's Gardens
2018,Grundys  Gardens,12,0.222726424,0.338011204,0.021970121,NA,Grundy's Gardens
2018,Grundys  Gardens,13,0.234741784,0.352112676,0.014084507,NA,Grundy's Gardens
2018,Jigsaw,1,0.251648368,0.315720665,0.019170292,NA,Jigsaw Puzzle
2018,Jigsaw,2,0.235156685,0.279195565,0.020623027,NA,Jigsaw Puzzle
2018,Jigsaw,3,0.28336189,0.292727262,0.018890728,NA,Jigsaw Puzzle
2018,Jigsaw,4,0.671902739,0.111581451,0.013692923,NA,Jigsaw Puzzle
2018,Jigsaw,5,0.127791228,0.415383247,0.012436016,NA,Jigsaw Puzzle
2018,Jigsaw,6,0.437349058,0.266977645,0,NA,Jigsaw Puzzle
2018,Jigsaw,7,0.039680462,0.465342496,0.009827715,NA,Jigsaw Puzzle
2018,Joys Joy,1,0.391950104,0.237715071,0.016250116,NA,Joy's Joy
2018,Joys Joy,2,0.373490739,0.225937645,0.018698209,NA,Joy's Joy
2018,Joys Joy,3,0.356380759,0.249287469,0.01451428,NA,Joy's Joy
2018,Joys Joy,4,0.124298643,0.036199095,0.001809955,NA,Joy's Joy
2018,Joys Joy,5,0.231937631,0.14354725,0.007387513,NA,Joy's Joy
2018,Joys Joy,6,0.092102014,0.416465438,0.011470036,NA,Joy's Joy
2018,Joys Joy,7,0.055515414,0.460940288,0.012187344,NA,Joy's Joy
2018,Lucas Ledge,1,0.25492883,0.231662171,0.025680853,NA,Lucas Ledge
2018,Lucas Ledge,2,0.307752892,0.260786992,0.010421549,NA,Lucas Ledge
2018,Lucas Ledge,3,0.290820708,0.277942063,0.011749249,NA,Lucas Ledge
2018,Lucas Ledge,4,0.102583429,0.423705442,0.00919897,NA,Lucas Ledge
2018,Lucas Ledge,5,0.145221098,0.408573284,0.026643322,NA,Lucas Ledge
2018,Lucas Ledge,6,0.176584727,0.401013811,0.009534654,NA,Lucas Ledge
2018,Lucas Ledge,7,0.112203086,0.436766147,0.01426462,NA,Lucas Ledge
2018,Lucas Ledge,8,0.142811355,0.275412088,0.006364469,NA,Lucas Ledge
2018,Lucas Ledge,9,0.053015437,0.466258724,0.014467116,NA,Lucas Ledge
2018,Lucas Ledge,10,0.049864766,0.388031187,0.010608761,NA,Lucas Ledge
2018,Lucas Ledge,11,0.371515952,0.235712359,0.010986167,NA,Lucas Ledge
2018,Lucas Ledge,12,0.427948315,0.188037749,0.01299972,NA,Lucas Ledge
2018,Lucas Ledge,13,0.200474757,0.289634854,0.012081755,NA,Lucas Ledge
2018,Lucas Ledge,14,0.241800578,0.29269213,0.01201463,NA,Lucas Ledge
2018,Meadows,1,0.280909249,0.248950948,0.017513218,NA,The Meadows
2018,Meadows,2,0.335852229,0.156478041,0.026126715,NA,The Meadows
2018,Meadows,3,0.303920914,0.249230241,0.024832827,NA,The Meadows
2018,Meadows,4,0,0.036036036,0.003603604,NA,The Meadows
2018,Meadows,5,0,0.193941683,0.006700294,NA,The Meadows
2018,Meadows,6,0,0.088147147,0.003541556,NA,The Meadows
2018,Meadows,7,0,0.175253752,0.010480851,NA,The Meadows
2018,Meadows,8,0.133543472,0.287609333,0.019934849,NA,The Meadows
2018,Meadows,9,0.142696849,0.362877908,0.011855504,NA,The Meadows
2018,Meadows,10,0.174040394,0.262697401,0.013848354,NA,The Meadows
2018,West Point,1,0.240778338,0.268871405,0.016350756,NA,West Point
2018,West Point,2,0.173587076,0.369212794,0.018297774,NA,West Point
2018,West Point,3,0,0.34175856,0.007548595,NA,West Point
2018,West Point,4,0.036199095,0.105896065,0.001809955,NA,West Point
2018,West Point,5,0.085419101,0.182263344,0.005294546,NA,West Point
2018,West Point,6,0.014084507,0.26613778,0.015812353,NA,West Point
2018,West Point,7,0.189063563,0.269849893,0.016335115,NA,West Point
2018,West Point,8,0.113682066,0.213927457,0.012854552,NA,West Point
2018,West Point,9,0.138896324,0.208663766,0.012420844,NA,West Point
2019,CORAL CITY,1,0.067801748,0.2219611,0.488276052,NA,Coral City
2019,CORAL CITY,2,0.117356197,0.303560843,0.275522116,NA,Coral City
2019,CORAL CITY,3,0.089076923,0.246593407,0.417736264,NA,Coral City
2019,CORAL CITY,4,0.022222222,0.321971449,0.333834881,NA,Coral City
2019,CORAL CITY,5,0,0.14952085,0.700958301,NA,Coral City
2019,CORAL CITY,6,0,0.206989837,0.586020325,NA,Coral City
2019,CORAL CITY,7,0.0095791,0.142981847,0.704457205,NA,Coral City
2019,CORAL CITY,8,0.009661836,0.057870592,0.874596979,NA,Coral City
2019,Grundys  Gardens,1,0.208232391,0.348227419,0.095312772,NA,Grundy's Gardens
2019,Grundys  Gardens,2,0.136858047,0.314361382,0.234419189,NA,Grundy's Gardens
2019,Grundys  Gardens,3,0.019198509,0.293349652,0.394102187,NA,Grundy's Gardens
2019,Grundys  Gardens,4,0.232606571,0.106074099,0.555245231,NA,Grundy's Gardens
2019,Grundys  Gardens,5,0.177575758,0.112554113,0.597316017,NA,Grundy's Gardens
2019,Grundys  Gardens,6,0.094545455,0.115236517,0.674981512,NA,Grundy's Gardens
2019,Grundys  Gardens,7,0.029924453,0.172647599,0.62478035,NA,Grundy's Gardens
2019,Grundys  Gardens,8,0.010865014,0.205013774,0.579107438,NA,Grundy's Gardens
2019,Icon,1,0.211030536,0.091975029,0.605019406,NA,Icon
2019,Icon,2,0.086515019,0.139264839,0.634955303,NA,Icon
2019,Icon,3,0.095564996,0.14626593,0.611903144,NA,Icon
2019,Icon,4,0.036363636,0.193604024,0.654689184,NA,Icon
2019,Icon,5,0.027705628,0.112554113,0.747186147,NA,Icon
2019,Icon,6,0.414610665,0.260636081,0.064117172,NA,Icon
2019,Icon,7,0.131581584,0.147692479,0.573033458,NA,Icon
2019,Icon,8,0.081393294,0.132101309,0.654404088,NA,Icon
2019,Icon,9,0.040621263,0.147198772,0.664981193,NA,Icon
2019,JIGSAW,1,0.101305696,0.263886087,0.370922131,NA,Jigsaw Puzzle
2019,JIGSAW,2,0.077510352,0.175390092,0.571709463,NA,Jigsaw Puzzle
2019,JIGSAW,3,0.013333333,0.224941725,0.536783217,NA,Jigsaw Puzzle
2019,JIGSAW,4,0.184185185,0.228888889,0.358037037,NA,Jigsaw Puzzle
2019,JIGSAW,5,0.030769231,0.336486284,0.296258202,NA,Jigsaw Puzzle
2019,JIGSAW,6,0.008199529,0.180047125,0.631706222,NA,Jigsaw Puzzle
2019,JIGSAW,7,0.013499297,0.265454921,0.45559086,NA,Jigsaw Puzzle
2019,JIGSAW,8,0.012903226,0.380637412,0.225821951,NA,Jigsaw Puzzle
2019,Meadows,1,0.124278459,0.227796358,0.420128824,NA,The Meadows
2019,Meadows,2,0.096318186,0.150371254,0.602939306,NA,The Meadows
2019,Meadows,3,0.062001566,0.136264972,0.66546849,NA,The Meadows
2019,Meadows,4,0.047407407,0.228481888,0.495628816,NA,The Meadows
2019,Meadows,5,0,0.179365079,0.641269841,NA,The Meadows
2019,Meadows,6,0,0.221235512,0.557528977,NA,The Meadows
2019,Meadows,7,0.060958834,0.13616924,0.666702687,NA,The Meadows
2019,Meadows,8,0.027879595,0.140090808,0.691938789,NA,The Meadows
2019,Mixing Bowl,1,0.21154954,0.128651143,0.531148174,NA,Sailfin Miniwall
2019,Mixing Bowl,2,0.16336919,0.13200082,0.57262917,NA,Sailfin Miniwall
2019,Mixing Bowl,3,0.044268775,0.176576467,0.602578291,NA,Sailfin Miniwall
2019,Mixing Bowl,4,0.116,0.225185185,0.43362963,NA,Sailfin Miniwall
2019,Mixing Bowl,5,0.155339806,0.074085436,0.696489323,NA,Sailfin Miniwall
2019,Mixing Bowl,6,0.076923077,0.226100936,0.470875051,NA,Sailfin Miniwall
2019,Mixing Bowl,7,0.023498757,0.094496491,0.787508261,NA,Sailfin Miniwall
2019,Mixing Bowl,8,0.086886467,0.132350716,0.648412101,NA,Sailfin Miniwall
2019,Pauls Anchor,1,0.178213166,0.193834901,0.434117032,NA,Paul's Anchor
2019,Pauls Anchor,2,0.118250432,0.185890699,0.50996817,NA,Paul's Anchor
2019,Pauls Anchor,3,0.122727273,0.145887446,0.585497835,NA,Paul's Anchor
2019,Pauls Anchor,4,0.172271846,0.19070856,0.446311034,NA,Paul's Anchor
2019,Pauls Anchor,5,0.222232618,0.280258008,0.217251366,NA,Paul's Anchor
2019,Pauls Anchor,6,0.200540541,0.171478621,0.456502217,NA,Paul's Anchor
2019,Pauls Anchor,7,0.022128097,0.178494668,0.620882568,NA,Paul's Anchor
2019,Pauls Anchor,8,0.015692308,0.192820513,0.598666667,NA,Paul's Anchor
2019,SNAPSHOT,1,0.044731269,0.16540009,0.624468551,NA,Snap Shot
2019,SNAPSHOT,2,0.097924982,0.289542682,0.322989654,NA,Snap Shot
2019,SNAPSHOT,4,0.073602484,0.196563147,0.533271222,NA,Snap Shot
2019,SNAPSHOT,5,0.239801865,0.243822844,0.272552448,NA,Snap Shot
2019,SNAPSHOT,6,0.058181818,0.203215488,0.535387205,NA,Snap Shot
2019,SNAPSHOT,7,0.015270126,0.162642543,0.659444787,NA,Snap Shot
2019,SNAPSHOT,8,0.015334606,0.078439296,0.827786801,NA,Snap Shot
2019,Sailfin,1,0.062869425,0.24530302,0.446524535,NA,Sailfin Reef
2019,Sailfin,2,0.051548885,0.198310055,0.551831005,NA,Sailfin Reef
2019,Sailfin,3,0.127272727,0.212775562,0.447176149,NA,Sailfin Reef
2019,Sailfin,4,0.007407407,0.261692462,0.469207669,NA,Sailfin Reef
2019,Sailfin,5,0.026455026,0.219046479,0.535452016,NA,Sailfin Reef
2019,Sailfin,6,0.003390805,0.173160343,0.65028851,NA,Sailfin Reef
2019,Sailfin,7,0.011666265,0.109772887,0.768787961,NA,Sailfin Reef
2019,Sailfin,8,0.046428571,0.145562771,0.662445887,NA,Sailfin Reef
2019,Snapshot,3,0,0.257387057,0.485225885,NA,Snap Shot
2019,West Point,1,0.133458659,0.21123568,0.444069981,NA,West Point
2019,West Point,2,0.11588937,0.166783368,0.550543895,NA,West Point
2019,West Point,3,0,0.316493943,0.367012114,NA,West Point
2019,West Point,4,0.068971769,0.221023051,0.488982129,NA,West Point
2019,West Point,5,0,0.176463176,0.647073647,NA,West Point
2019,West Point,6,0.021515147,0.237864953,0.502754946,NA,West Point
2019,West Point,7,0.004784527,0.154469305,0.686276862,NA,West Point
2019,West Point,8,0.039840261,0.17667725,0.60680524,NA,West Point
2020,Coral City,1,0.345821326,0.446685879,0.207492795,GGG,Coral City
2020,Coral City,2,0.280748663,0.545454545,0.173796791,GGG,Coral City
2020,Coral City,1,0.119047619,0.321428571,0.55952381,MF,Coral City
2020,Coral City,2,0,0.593023256,0.406976744,MF,Coral City
2020,Grundys,1,0.386138614,0.465346535,0.148514851,GGG,Grundy's Gardens
2020,Grundys,2,0.096774194,0.606451613,0.296774194,GGG,Grundy's Gardens
2020,Grundys,1,0.117825282,0.672614038,0.20956068,MF,Grundy's Gardens
2020,Grundys,2,0.129533679,0.663212435,0.207253886,MF,Grundy's Gardens
2020,Jigsaw,1,0.201729107,0.201729107,0.596541787,GGG,Jigsaw Puzzle
2020,Jigsaw,2,0.283842795,0.279475983,0.436681223,GGG,Jigsaw Puzzle
2020,Jigsaw,1,0.193965517,0.375,0.431034483,MF,Jigsaw Puzzle
2020,Jigsaw,2,0,0.395061728,0.604938272,MF,Jigsaw Puzzle
2020,Marilyn's Cut,2,0.211401425,0.249406176,0.539192399,GGG,Marylin's Cut
2020,Marilyns_cut,1,0.152671756,0.203562341,0.643765903,GGG,Marylin's Cut
2020,Marilyns_cut,1,0.202593193,0.469205835,0.328200972,MF,Marylin's Cut
2020,Marilyns_cut,2,0.229885057,0.298850575,0.471264368,MF,Marylin's Cut
2020,Marthas,1,0.260869565,0.405797101,0.333333333,GGG,Martha's Finyard
2020,Marthas,2,0.218181818,0.6,0.181818182,GGG,Martha's Finyard
2020,Marthas,1,0.158730159,0.650793651,0.19047619,MF,Martha's Finyard
2020,Marthas,2,0.283018868,0.716981132,0,MF,Martha's Finyard
2020,Meadows,1,0.095108696,0.10326087,0.801630435,GGG,The Meadows
2020,Meadows,2,0.144736842,0.057894737,0.797368421,GGG,The Meadows
2020,Paul's Anchor,1,0.163487738,0.250681199,0.585831063,GGG,Paul's Anchor
2020,Paul's Anchor,2,0.228971963,0.186915888,0.58411215,GGG,Paul's Anchor
2020,Sailfin,1,0.343980344,0.15970516,0.496314496,GGG,Sailfin Reef
2020,Sailfin,2,0.28150134,0.249329759,0.469168901,GGG,Sailfin Reef
2020,Sailfin,3,0.187319885,0.106628242,0.706051873,GGG,Sailfin Reef
2020,Sailfin,4,0.235017626,0.183313749,0.581668625,GGG,Sailfin Reef
2020,Snapshot,1,0.217391304,0.154589372,0.628019324,GGG,Snap Shot
2020,Snapshot,2,0.23943662,0.309859155,0.450704225,GGG,Snap Shot
2020,Snapshot,3,0.221893491,0.414201183,0.363905325,GGG,Snap Shot
2020,Snapshot,4,0.216666667,0.325,0.458333333,GGG,Snap Shot
2020,WestPoint,1,0.146666667,0.613333333,0.24,GGG,West Point
2020,WestPoint,2,0.241935484,0.532258065,0.225806452,GGG,West Point
2020,WestPoint,3,0.059808612,0.700956938,0.23923445,MF,West Point
2020,WestPoint,4,0.155046044,0.581845518,0.263108438,MF,West Point
2021,Coral City,1,0.055555556,0.833333333,0.111111111,CG,Coral City
2021,Coral City,2,0.117647059,0.411764706,0.470588235,CG,Coral City
2021,Coral City,1,0.132315522,0.765903308,0.10178117,GEC,Coral City
2021,Coral City,2,0.071428571,0.87987013,0.048701299,GEC,Coral City
2021,Coral City,1,0.172018349,0.568807339,0.259174312,GGG,Coral City
2021,Coral City,2,0.324324324,0.581081081,0.094594595,GGG,Coral City
2021,Coral City,3,0.4,0.327272727,0.272727273,GGG,Coral City
2021,Grundys,1,0.290322581,0.451612903,0.258064516,CG,Grundy's Gardens
2021,Grundys,2,0.1,0.775,0.125,CG,Grundy's Gardens
2021,Grundys,1,0.067385445,0.932614555,0,GEC,Grundy's Gardens
2021,Grundys,2,0.118644068,0.711864407,0.169491525,GEC,Grundy's Gardens
2021,Grundys,1,0.32,0.32,0.36,GGG,Grundy's Gardens
2021,Jigsaw,1,0.153846154,0.846153846,0,CG,Jigsaw Puzzle
2021,Jigsaw,2,0.071428571,0.928571429,0,CG,Jigsaw Puzzle
2021,Jigsaw,1,0.076530612,0.719387755,0.204081633,GEC,Jigsaw Puzzle
2021,Jigsaw,1,0.242857143,0.271428571,0.485714286,GGG,Jigsaw Puzzle
2021,Jigsaw,1,0.243506494,0.480519481,0.275974026,sw,Jigsaw Puzzle
2021,Marilyns Cut,1,0.027777778,0.805555556,0.166666667,CG,Marylin's Cut
2021,Marilyns Cut,2,0.176470588,0.676470588,0.147058824,CG,Marylin's Cut
2021,Marilyns Cut,1,0.098360656,0.786885246,0.114754098,GEC,Marylin's Cut
2021,Marilyns Cut,1,0.2375,0.25,0.5125,GGG,Marylin's Cut
2021,Marilyns Cut,1,0.340044743,0.37360179,0.286353468,sw,Marylin's Cut
2021,Marthas,1,0.078125,0.828125,0.09375,CG,Martha's Finyard
2021,Marthas,1,0.075,0.675,0.25,GEC,Martha's Finyard
2021,Marthas,1,0.210355987,0.663430421,0.126213592,GGG,Martha's Finyard
2021,Marthas,1,0.112676056,0.698591549,0.188732394,sw,Martha's Finyard
2021,Meadows,1,0,1,0,CG,The Meadows
2021,Meadows,2,0.125,0.875,0,CG,The Meadows
2021,Meadows,1,0.092592593,0.851851852,0.055555556,GEC,The Meadows
2021,Meadows,1,0.442622951,0.245901639,0.31147541,GGG,The Meadows
2021,Meadows,1,0.073170732,0.555555556,0.371273713,sw,The Meadows
2021,Pauls Anchor,1,0.130434783,0.760869565,0.108695652,CG,Paul's Anchor
2021,Pauls Anchor,2,0.045584046,0.726495726,0.227920228,CG_SW,Paul's Anchor
2021,Pauls Anchor,1,0.13559322,0.661016949,0.203389831,GEC,Paul's Anchor
2021,Pauls Anchor,1,0.214285714,0.166666667,0.619047619,GGG,Paul's Anchor
2021,Pauls Anchor,1,0.374677003,0.382428941,0.242894057,sw,Paul's Anchor
2021,Sailfin,1,0,0.971830986,0.028169014,CG,Sailfin Reef
2021,Sailfin,2,0.142857143,0.857142857,0,CG,Sailfin Reef
2021,Sailfin,1,0.147982063,0.695067265,0.156950673,GEC,Sailfin Reef
2021,Sailfin,1,0.433333333,0.216666667,0.35,GGG,Sailfin Reef
2021,Sailfin,1,0.491666667,0.294444444,0.213888889,sw,Sailfin Reef
2021,Snapshot,1,0,0.828571429,0.171428571,CG,Snap Shot
2021,Snapshot,2,0.32967033,0.43956044,0.230769231,CG,Snap Shot
2021,Snapshot,1,0.070833333,0.616666667,0.3125,GEC,Snap Shot
2021,Snapshot,1,0.245901639,0.459016393,0.295081967,GGG,Snap Shot
2021,Snapshot,1,0.282958199,0.421221865,0.295819936,sw,Snap Shot
2021,Westpoint,1,0.459016393,0.245901639,0.295081967,CG,West Point
2021,Westpoint,2,0.5,0.222222222,0.277777778,CG,West Point
2021,Westpoint,1,0.188340807,0.730941704,0.080717489,GEC,West Point
2021,Westpoint,2,0.131147541,0.68852459,0.180327869,GEC,West Point
2021,Westpoint,1,0.328358209,0.28358209,0.388059701,GGG,West Point
2021,Westpoint,2,0.304878049,0.195121951,0.5,GGG,West Point
2022,Coral City,1,0.294117647,0.695187166,0.010695187,AM,Coral City
2022,Coral City,1,0.326086957,0.391304348,0.282608696,GGG,Coral City
2022,Coral City,2,0.346938776,0.510204082,0.142857143,GGG,Coral City
2022,Coral City,1,0.246153846,0.369230769,0.384615385,ZP,Coral City
2022,Grundys,1,0.093023256,0.441860465,0.465116279,AM,Grundy's Gardens
2022,Grundys,1,0.650793651,0.142857143,0.206349206,GGG,Grundy's Gardens
2022,Grundys,2,0.267782427,0.251046025,0.481171548,GGG,Grundy's Gardens
2022,Grundys,1,0.230769231,0.230769231,0.538461538,ZP,Grundy's Gardens
2022,Jigsaw,1,0.368852459,0.491803279,0.139344262,AM,Jigsaw Puzzle
2022,Jigsaw,1,0.56097561,0.365853659,0.073170732,AM/ZP,Jigsaw Puzzle
2022,Jigsaw,1,0.095238095,0.380952381,0.523809524,JLR,Jigsaw Puzzle
2022,Marilyns,1,0.533707865,0.353932584,0.112359551,AM,Marylin's Cut
2022,Marilyns Cut,1,0.625,0.1875,0.1875,AM/ZP,Marylin's Cut
2022,Marilyns Cut,1,0.291666667,0.222222222,0.486111111,GGG,Marylin's Cut
2022,Marilyns Cut,2,0.278169014,0.070422535,0.651408451,GGG,Marylin's Cut
2022,Marthas,1,0.135135135,0.567567568,0.297297297,AM,Martha's Finyard
2022,Marthas,1,0.352941176,0.441176471,0.205882353,AM/ZP,Martha's Finyard
2022,Marthas,1,0,0.375,0.625,JLR,Martha's Finyard
2022,Meadows,1,0.275862069,0.206896552,0.517241379,AM,The Meadows
2022,Meadows,1,0.674418605,0.279069767,0.046511628,AM/ZP,The Meadows
2022,Meadows,1,0.391304348,0.304347826,0.304347826,JLR,The Meadows
2022,Sailfin,1,0.263157895,0.631578947,0.105263158,AM,Sailfin Reef
2022,Sailfin,1,0.340659341,0.10989011,0.549450549,GGG,Sailfin Reef
2022,Sailfin,2,0.418181818,0.290909091,0.290909091,GGG,Sailfin Reef
2022,Snapshot,1,0.4,0.4,0.2,AM,Snap Shot
2022,Snapshot,1,0.576271186,0.305084746,0.118644068,GGG,Snap Shot
2022,Snapshot,2,0.45,0.316666667,0.233333333,GGG,Snap Shot
2022,Snapshot,1,0.625,0.28125,0.09375,ZP,Snap Shot
2022,Westpoint,1,0.522727273,0.386363636,0.090909091,AM,West Point
2022,Westpoint,1,0.322580645,0.225806452,0.451612903,GGG,West Point
2022,Westpoint,2,0.291666667,0.263888889,0.444444444,GGG,West Point
2022,Westpoint,1,0.724137931,0.24137931,0.034482759,ZP,West Point
2023,Coral City,1,0.258823529,0.352941176,0.388235294,Haley Davis,Coral City
2023,Coral City,1,0.229166667,0.604166667,0.166666667,LLG,Coral City
2023,Grundys,1,0.439330544,0.257322176,0.30334728,Haley Davis,Grundy's Gardens
2023,Grundys,1,0.390243902,0.585365854,0.024390244,LLG,Grundy's Gardens
2023,Jigsaw,1,0.301886792,0.622641509,0.075471698,Haley Davis,Jigsaw Puzzle
2023,Jigsaw,1,0.153846154,0.507692308,0.338461538,KE,Jigsaw Puzzle
2023,Marilyns Cut,1,0.13368984,0.705882353,0.160427807,Haley Davis,Marylin's Cut
2023,Marilyns Cut,1,0.041666667,0.277777778,0.680555556,KE,Marylin's Cut
2023,Marilyns Cut,1,0.153846154,0.615384615,0.230769231,LLG,Marylin's Cut
2023,Marthas,1,0.290322581,0.709677419,0,Haley Davis,Martha's Finyard
2023,Marthas,1,0.352941176,0.450980392,0.196078431,LLG,Martha's Finyard
2023,Meadows,1,0.566210046,0.251141553,0.182648402,Haley Davis,The Meadows
2023,Meadows,1,0.06122449,0.183673469,0.755102041,KE,The Meadows
2023,Meadows,1,0.191740413,0.660766962,0.147492625,LLG,The Meadows
2023,Sailfin,1,0.315457413,0.179810726,0.504731861,Haley Davis,Sailfin Reef
2023,Sailfin,1,0.102941176,0.382352941,0.514705882,KE,Sailfin Reef
2023,Sailfin,1,0.476190476,0.357142857,0.166666667,LLG,Sailfin Reef
2023,Snapshot,1,0.483333333,0.516666667,0,Haley Davis,Snap Shot
2023,Snapshot,1,0.038071066,0.507614213,0.454314721,KE,Snap Shot
2023,Snapshot,1,0.303030303,0.606060606,0.090909091,LLG,Snap Shot
2023,Westpoint,1,0,1,0,Haley Davis,West Point
2023,Westpoint,1,0.186046512,0.744186047,0.069767442,LLG,West Point
