Year,Site,Transect,Observer,Perc_cover,Depth,Site_Name
1999,Black Tip Tunnels,1,BR,17.5,14.9,Blacktip Blvd.
1999,Black Tip Tunnels,2,BR,15,10,Blacktip Blvd.
1999,Black Tip Tunnels,3,BR,14,15,Blacktip Blvd.
1999,Black Tip Tunnels,4,BR,10.6,10,Blacktip Blvd.
1999,Black Tip Tunnels,1,CH,29,12.17,Blacktip Blvd.
1999,Black Tip Tunnels,2,CH,16,12.14,Blacktip Blvd.
1999,Black Tip Tunnels,3,CH,17,12.11111111,Blacktip Blvd.
1999,Black Tip Tunnels,1,CK,5,13,Blacktip Blvd.
1999,Black Tip Tunnels,2,CK,8.571428571,10,Blacktip Blvd.
1999,Black Tip Tunnels,3,CK,11,12.8,Blacktip Blvd.
1999,Black Tip Tunnels,4,CK,4.5,13,Blacktip Blvd.
1999,Black Tip Tunnels,1,JH,18,11.62,Blacktip Blvd.
1999,Black Tip Tunnels,2,JH,13,10,Blacktip Blvd.
1999,Black Tip Tunnels,1,RG,29,10.8,Blacktip Blvd.
1999,Black Tip Tunnels,2,RG,15,11.6,Blacktip Blvd.
1999,Black Tip Tunnels,3,RG,22,10.81818182,Blacktip Blvd.
1999,Black Tip Tunnels,4,RG,20.5,11.89166667,Blacktip Blvd.
1999,Charles Bay,1,BR,24,4,Charlie's Chimney
1999,Charles Bay,2,BR,25,4,Charlie's Chimney
1999,Charles Bay,3,BR,14,10,Charlie's Chimney
1999,Charles Bay,4,BR,26,10,Charlie's Chimney
1999,Charles Bay,5,BR,26,10,Charlie's Chimney
1999,Charles Bay,1,CH,16,14.525,Charlie's Chimney
1999,Charles Bay,2,CH,16,14.075,Charlie's Chimney
1999,Charles Bay,3,CH,17,14.6,Charlie's Chimney
1999,Charles Bay,1,CK,11,10.7,Charlie's Chimney
1999,Charles Bay,2,CK,8,9,Charlie's Chimney
1999,Charles Bay,3,CK,6,10,Charlie's Chimney
1999,Charles Bay,4,CK,8.5,10.7,Charlie's Chimney
1999,Charles Bay,1,JH,21,10.325,Charlie's Chimney
1999,Charles Bay,2,JH,20.5,11,Charlie's Chimney
1999,Charles Bay,1,RG,24,13.86666667,Charlie's Chimney
1999,Charles Bay,2,RG,15,10,Charlie's Chimney
1999,Charles Bay,3,RG,21.2,13.12666667,Charlie's Chimney
1999,Coral City,1,BR,30,8.2,Coral City
1999,Coral City,2,BR,22,10,Coral City
1999,Coral City,3,BR,29,12,Coral City
1999,Coral City,4,BR,42,9,Coral City
1999,Coral City,5,BR,25,9,Coral City
1999,Coral City,8,CH,27,9.816666667,Coral City
1999,Coral City,9,CH,21,9.822222222,Coral City
1999,Coral City,10,CH,19,10.05833333,Coral City
1999,Coral City,6,CK,22.5,9.5,Coral City
1999,Coral City,7,CK,15,9,Coral City
1999,Coral City,11,JH,24.5,10.7,Coral City
1999,Coral City,11,RG,24.5,10.6125,Coral City
1999,Coral City,12,RG,26,9.125,Coral City
1999,Coral City,13,RG,28,10,Coral City
1999,Coral City,14,RG,25,10,Coral City
1999,Grundys  Gardens,8,BR,45,8.4,Grundy's Gardens
1999,Grundys  Gardens,9,BR,37,8.333333333,Grundy's Gardens
1999,Grundys  Gardens,10,BR,34,7,Grundy's Gardens
1999,Grundys  Gardens,11,BR,53,8,Grundy's Gardens
1999,Grundys  Gardens,1,CH,42,9.8,Grundy's Gardens
1999,Grundys  Gardens,2,CH,53,9.8,Grundy's Gardens
1999,Grundys  Gardens,3,CH,43,9,Grundy's Gardens
1999,Grundys  Gardens,5,CK,14,9.8,Grundy's Gardens
1999,Grundys  Gardens,6,CK,26,9,Grundy's Gardens
1999,Grundys  Gardens,7,CK,28,9.5,Grundy's Gardens
1999,Grundys  Gardens,3,RG,43,9.283333333,Grundy's Gardens
1999,Grundys  Gardens,4,RG,40,10.41666667,Grundy's Gardens
1999,Jigsaw,4,BR,15,9,Jigsaw Puzzle
1999,Jigsaw,5,BR,30,8,Jigsaw Puzzle
1999,Jigsaw,6,BR,37,8,Jigsaw Puzzle
1999,Jigsaw,7,BR,42,10,Jigsaw Puzzle
1999,Jigsaw,8,BR,31,9,Jigsaw Puzzle
1999,Jigsaw,9,BR,34,9,Jigsaw Puzzle
1999,Jigsaw,10,CH,28,12.52,Jigsaw Puzzle
1999,Jigsaw,11,CH,20,11.025,Jigsaw Puzzle
1999,Jigsaw,12,CH,35,10,Jigsaw Puzzle
1999,Jigsaw,13,CK,8,11.6,Jigsaw Puzzle
1999,Jigsaw,14,JH,15,12,Jigsaw Puzzle
1999,Jigsaw,1,RG,23,12.18,Jigsaw Puzzle
1999,Jigsaw,2,RG,30,10.81818182,Jigsaw Puzzle
1999,Jigsaw,3,RG,32,12.18888889,Jigsaw Puzzle
1999,Joys Joy,1,BR,16,15,Joy's Joy
1999,Joys Joy,2,BR,16,16,Joy's Joy
1999,Joys Joy,3,BR,14,13,Joy's Joy
1999,Joys Joy,4,BR,14,13,Joy's Joy
1999,Joys Joy,1,CH,14,10.66666667,Joy's Joy
1999,Joys Joy,2,CH,18,8.2,Joy's Joy
1999,Joys Joy,3,CH,20,9.818181818,Joy's Joy
1999,Joys Joy,4,CH,11,8.8,Joy's Joy
1999,Joys Joy,1,JH,19,14.06666667,Joy's Joy
1999,Joys Joy,2,JH,15,15,Joy's Joy
1999,Joys Joy,1,RG,36,12.125,Joy's Joy
1999,Joys Joy,2,RG,19.5,12.1,Joy's Joy
1999,Joys Joy,3,RG,24,13.14285714,Joy's Joy
1999,Joys Joy,4,RG,23.5,13.86666667,Joy's Joy
1999,Lucass Ledge,1,BR,23,13,Luca's Ledges
1999,Lucass Ledge,2,BR,27,14,Luca's Ledges
1999,Lucass Ledge,3,BR,24,14,Luca's Ledges
1999,Lucass Ledge,4,BR,15,10,Luca's Ledges
1999,Lucass Ledge,1,CH,30,13,Luca's Ledges
1999,Lucass Ledge,2,CH,28.5,13.93333333,Luca's Ledges
1999,Lucass Ledge,3,CH,23,13.91666667,Luca's Ledges
1999,Lucass Ledge,4,CH,24,13.1,Luca's Ledges
1999,Lucass Ledge,1,RG,23.5,13.08333333,Luca's Ledges
1999,Lucass Ledge,2,RG,24.5,14.14285714,Luca's Ledges
1999,Lucass Ledge,3,RG,15.5,13.88888889,Luca's Ledges
1999,Lucass Ledge,4,RG,37,14,Luca's Ledges
1999,Main Channel - East Side,1,BR,10,10,Great Wall East
1999,Main Channel - East Side,2,BR,10,10,Great Wall East
1999,Main Channel - East Side,3,BR,10,10,Great Wall East
1999,Main Channel - East Side,4,BR,10,10,Great Wall East
1999,Main Channel - East Side,1,CH,12,3,Great Wall East
1999,Main Channel - East Side,2,CH,11,3,Great Wall East
1999,Main Channel - East Side,3,CH,16,3,Great Wall East
1999,Main Channel - East Side,1,CK,21,2,Great Wall East
1999,Main Channel - East Side,2,CK,22,2,Great Wall East
1999,Main Channel - East Side,1,JH,25,10,Great Wall East
1999,Main Channel - East Side,1,RG,21,10,Great Wall East
1999,Main Channel - East Side,2,RG,19.5,10,Great Wall East
1999,Main Channel - East Side,3,RG,17.5,10,Great Wall East
1999,Meadows,1,BR,32,6,The Meadows
1999,Meadows,2,BR,26,6,The Meadows
1999,Meadows,3,BR,35,6,The Meadows
1999,Meadows,4,BR,30,6,The Meadows
1999,Meadows,1,CH,51,5.5,The Meadows
1999,Meadows,2,CH,46,5.554545455,The Meadows
1999,Meadows,3,CH,49,5.716666667,The Meadows
1999,Meadows,1,CK,29,7,The Meadows
1999,Meadows,2,CK,22,10,The Meadows
1999,Meadows,3,CK,31,10,The Meadows
1999,Meadows,1,JH,46,5.5,The Meadows
1999,Meadows,2,JH,45,5.59375,The Meadows
1999,Meadows,1,RG,57,6,The Meadows
1999,Meadows,2,RG,55,5.906666667,The Meadows
1999,Meadows,3,RG,68,4.65,The Meadows
1999,Meadows,4,RG,54,5.029411765,The Meadows
1999,Mixing Bowl,6,BR,26,12,Sailfin Miniwall
1999,Mixing Bowl,7,BR,29,12,Sailfin Miniwall
1999,Mixing Bowl,8,BR,27,13,Sailfin Miniwall
1999,Mixing Bowl,9,BR,16,11,Sailfin Miniwall
1999,Mixing Bowl,10,BR,39,13,Sailfin Miniwall
1999,Mixing Bowl,3,CH,32,12,Sailfin Miniwall
1999,Mixing Bowl,4,CH,38,11.64444444,Sailfin Miniwall
1999,Mixing Bowl,5,CH,32,11.49230769,Sailfin Miniwall
1999,Mixing Bowl,11,CK,15,12,Sailfin Miniwall
1999,Mixing Bowl,12,CK,57,12.8,Sailfin Miniwall
1999,Mixing Bowl,13,CK,29,13.4,Sailfin Miniwall
1999,Mixing Bowl,1,JH,22.5,13,Sailfin Miniwall
1999,Mixing Bowl,2,JH,14.5,13,Sailfin Miniwall
1999,Mixing Bowl,14,RG,42,12,Sailfin Miniwall
1999,Mixing Bowl,15,RG,38,13.7,Sailfin Miniwall
1999,Nancys Cup of Tea,1,BR,10,11,Paul's Anchor
1999,Nancys Cup of Tea,2,BR,17.5,12,Paul's Anchor
1999,Nancys Cup of Tea,3,BR,26,10,Paul's Anchor
1999,Nancys Cup of Tea,4,BR,17,10,Paul's Anchor
1999,Nancys Cup of Tea,1,CK,65,12.8,Paul's Anchor
1999,Nancys Cup of Tea,2,CK,16,12.8,Paul's Anchor
1999,Nancys Cup of Tea,3,CK,25,10,Paul's Anchor
1999,Nancys Cup of Tea,1,JH,14,14,Paul's Anchor
1999,Nancys Cup of Tea,2,JH,21,14,Paul's Anchor
1999,Nancys Cup of Tea,1,RG,23.5,13,Paul's Anchor
1999,Nancys Cup of Tea,2,RG,13.5,12.875,Paul's Anchor
1999,Nancys Cup of Tea,3,RG,20.5,12,Paul's Anchor
1999,Nancys Cup of Tea,4,RG,13,12,Paul's Anchor
1999,No Name,1,BR,28,11,Icon
1999,No Name,2,BR,20,11,Icon
1999,No Name,3,BR,20,10,Icon
1999,No Name,4,BR,15,10,Icon
1999,No Name,1,CH,21,12,Icon
1999,No Name,2,CH,34,11,Icon
1999,No Name,3,CH,46,12.375,Icon
1999,No Name,4,CH,33,11.13846154,Icon
1999,No Name,1,RG,25.5,10,Icon
1999,No Name,2,RG,20,10.25,Icon
1999,No Name,3,RG,32,9.928571429,Icon
1999,No Name,4,RG,20.5,10,Icon
1999,Pauls Anchor,1,BR,15.5,15,Paul's Anchor
1999,Pauls Anchor,2,BR,8.5,15,Paul's Anchor
1999,Pauls Anchor,9,CH,13,12,Paul's Anchor
1999,Pauls Anchor,10,CH,17,17,Paul's Anchor
1999,Pauls Anchor,11,CH,27,12,Paul's Anchor
1999,Pauls Anchor,6,CK,6,13,Paul's Anchor
1999,Pauls Anchor,7,CK,1.1,13,Paul's Anchor
1999,Pauls Anchor,8,CK,8,12,Paul's Anchor
1999,Pauls Anchor,3,RG,22.5,12,Paul's Anchor
1999,Pauls Anchor,4,RG,26,11,Paul's Anchor
1999,Pauls Anchor,5,RG,43.5,12,Paul's Anchor
1999,Penguins Leap,1,BR,20,15,Penguin's Leap
1999,Penguins Leap,2,BR,12,15,Penguin's Leap
1999,Penguins Leap,3,BR,17,10,Penguin's Leap
1999,Penguins Leap,4,BR,2,10,Penguin's Leap
1999,Penguins Leap,1,CH,36,17,Penguin's Leap
1999,Penguins Leap,2,CH,18,16.9,Penguin's Leap
1999,Penguins Leap,3,CH,33,16.92857143,Penguin's Leap
1999,Penguins Leap,1,CK,14,17,Penguin's Leap
1999,Penguins Leap,2,CK,18,10,Penguin's Leap
1999,Penguins Leap,3,CK,20,16,Penguin's Leap
1999,Penguins Leap,1,JH,12,17,Penguin's Leap
1999,Penguins Leap,2,JH,7,10,Penguin's Leap
1999,Penguins Leap,1,RG,17.5,15.80833333,Penguin's Leap
1999,Penguins Leap,2,RG,20,16.6,Penguin's Leap
1999,Penguins Leap,3,RG,12,15.02727273,Penguin's Leap
1999,Penguins Leap,4,RG,22,15,Penguin's Leap
1999,Rock Bottom,1,BR,31,15,Rock Bottom Wall
1999,Rock Bottom,2,BR,10,13,Rock Bottom Wall
1999,Rock Bottom,3,BR,35,10,Rock Bottom Wall
1999,Rock Bottom,1,CH,45,11.84615385,Rock Bottom Wall
1999,Rock Bottom,2,CH,26,11.85714286,Rock Bottom Wall
1999,Rock Bottom,3,CH,24.5,10.18181818,Rock Bottom Wall
1999,Rock Bottom,1,CK,15,12,Rock Bottom Wall
1999,Rock Bottom,2,CK,17,13,Rock Bottom Wall
1999,Rock Bottom,3,CK,13,13,Rock Bottom Wall
1999,Rock Bottom,1,RG,14.5,14,Rock Bottom Wall
1999,Rock Bottom,2,RG,17.5,14,Rock Bottom Wall
1999,Rock Bottom,3,RG,22.5,14,Rock Bottom Wall
1999,Sailfin,1,BR,15,9,Sailfin Reef
1999,Sailfin,2,BR,25,10,Sailfin Reef
1999,Sailfin,3,BR,16,10,Sailfin Reef
1999,Sailfin,4,BR,19,12,Sailfin Reef
1999,Sailfin,5,BR,26,12,Sailfin Reef
1999,Sailfin,6,RG,27.5,8,Sailfin Reef
1999,Sailfin,7,RG,26.5,6.1,Sailfin Reef
1999,Sailfin,8,RG,27.5,7.3,Sailfin Reef
1999,Sailfin,9,RG,20.5,8,Sailfin Reef
1999,Sailfin,10,RG,23.5,10,Sailfin Reef
1999,Snap Shot,1,BR,31,15,Snap Shot
1999,Snap Shot,2,BR,10,13,Snap Shot
1999,Snap Shot,3,BR,35,10,Snap Shot
1999,Snap Shot,10,CH,45,11.84615385,Snap Shot
1999,Snap Shot,11,CH,26,11.85714286,Snap Shot
1999,Snap Shot,12,CH,24.5,10.18181818,Snap Shot
1999,Snap Shot,4,CK,15,12,Snap Shot
1999,Snap Shot,5,CK,17,13,Snap Shot
1999,Snap Shot,6,CK,13,13,Snap Shot
1999,Snap Shot,7,RG,14.5,14,Snap Shot
1999,Snap Shot,8,RG,17.5,14,Snap Shot
1999,Snap Shot,9,RG,22.5,14,Snap Shot
1999,West Point,1,BR,33,17,West Point
1999,West Point,2,BR,25,15,West Point
1999,West Point,3,BR,23,14,West Point
1999,West Point,4,BR,28,16,West Point
1999,West Point,5,BR,27,14,West Point
1999,West Point,6,RG,17.5,12.1,West Point
1999,West Point,7,RG,18.5,13,West Point
1999,West Point,8,RG,23.5,13.1,West Point
1999,West Point,9,RG,33,13.16666667,West Point
1999,West Point,10,RG,28.5,14,West Point
1999,Wreck,1,BR,17,10,Soto Trader
1999,Wreck,2,BR,11,11,Soto Trader
1999,Wreck,3,BR,11,10,Soto Trader
1999,Wreck,4,BR,2,11,Soto Trader
1999,Wreck,5,BR,14,10,Soto Trader
1999,Wreck,1,RG,20,11,Soto Trader
1999,Wreck,2,RG,18.5,11.09090909,Soto Trader
1999,Wreck,3,RG,17.5,11.9,Soto Trader
1999,Wreck,4,RG,20.3,10,Soto Trader
1999,Wreck,5,RG,17.5,10.90909091,Soto Trader
2002,Coral City,2,ALEX,24,9.7,Coral City
2002,Coral City,6,CARRIE,30,11.2,Coral City
2002,Coral City,7,CARRIE,26,11.2,Coral City
2002,Coral City,8,CARRIE,20,9.7,Coral City
2002,Coral City,1,ERIC,27.5,8,Coral City
2002,Coral City,3,VICTORIA,22,10.6,Coral City
2002,Coral City,4,VICTORIA,19.5,10.6,Coral City
2002,Coral City,5,VICTORIA,19.5,10.6,Coral City
2002,Grundys  Gardens,3,ALEX,26,8.5,Grundy's Gardens
2002,Grundys  Gardens,11,ALEX,25.5,7.25,Grundy's Gardens
2002,Grundys  Gardens,5,ERC,20,8.5,Grundy's Gardens
2002,Grundys  Gardens,5,ERIC,20,8.5,Grundy's Gardens
2002,Grundys  Gardens,4,ERIKA,20,10,Grundy's Gardens
2002,Grundys  Gardens,6,PATTI,13.5,9.4,Grundy's Gardens
2002,Grundys  Gardens,9,PATTI,19,10,Grundy's Gardens
2002,Grundys  Gardens,10,PATTI,30,10,Grundy's Gardens
2002,Grundys  Gardens,8,VANIA,25.5,10,Grundy's Gardens
2002,Grundys  Gardens,1,VICTORIA,15,8.5,Grundy's Gardens
2002,Grundys  Gardens,2,VICTORIA,26.5,8.5,Grundy's Gardens
2002,Grundys  Gardens,7,VICTORIA,40.5,7.6,Grundy's Gardens
2002,Jigsaw,6,ALEX,24.5,12.7,Jigsaw Puzzle
2002,Jigsaw,10,ERIC,21,10,Jigsaw Puzzle
2002,Jigsaw,4,ERIKA,12.5,15,Jigsaw Puzzle
2002,Jigsaw,5,ERIKA,18.5,15,Jigsaw Puzzle
2002,Jigsaw,7,PATTI,25,12.8,Jigsaw Puzzle
2002,Jigsaw,1,VICTORIA,30,12.5,Jigsaw Puzzle
2002,Jigsaw,2,VICTORIA,29,12.5,Jigsaw Puzzle
2002,Jigsaw,3,VICTORIA,24,12.5,Jigsaw Puzzle
2002,Jigsaw,8,VICTORIA,28.5,13.4,Jigsaw Puzzle
2002,Jigsaw,9,VICTORIA,19.5,12.8,Jigsaw Puzzle
2002,Meadows,3,ALEX,45,3,The Meadows
2002,Meadows,7,ALEX,44,3.5,The Meadows
2002,Meadows,4,CARRIE,23,3,The Meadows
2002,Meadows,1,ERIC,26,3,The Meadows
2002,Meadows,5,ERIC,20,3.5,The Meadows
2002,Meadows,8,ERIKA,13,3.5,The Meadows
2002,Meadows,9,PATTI,15.5,3.5,The Meadows
2002,Meadows,2,VICTORIA,24,3,The Meadows
2002,Meadows,6,VICTORIA,32,3.5,The Meadows
2002,Meadows,10,VICTORIA,37.5,3.5,The Meadows
2002,Sailfin,5,ALEX,31,9,Sailfin Reef
2002,Sailfin,6,ALEX,17.5,9,Sailfin Reef
2002,Sailfin,1,ERIC,8,8,Sailfin Reef
2002,Sailfin,2,ERIC,37.5,8,Sailfin Reef
2002,Sailfin,7,ERIKA,17.5,10.6,Sailfin Reef
2002,Sailfin,3,PATTI,20.5,10.6,Sailfin Reef
2002,Sailfin,4,PATTI,18,10.6,Sailfin Reef
2002,Sailfin,11,PATTI,15,9,Sailfin Reef
2002,Sailfin,8,VICTORIA,30,7.9,Sailfin Reef
2002,Sailfin,9,VICTORIA,20,8.5,Sailfin Reef
2002,Sailfin,10,VICTORIA,18,8.5,Sailfin Reef
2003,Pauls Anchor,3,Bill,28.5,13.16158537,Paul's Anchor
2003,Pauls Anchor,4,Bill,18,13.05923345,Paul's Anchor
2003,Pauls Anchor,6,Carrie,21,13.7,Paul's Anchor
2003,Pauls Anchor,7,Carrie,11,13.7,Paul's Anchor
2003,Pauls Anchor,8,Carrie,12,11.6,Paul's Anchor
2003,Pauls Anchor,1,David,18,10,Paul's Anchor
2003,Pauls Anchor,2,David,19,14.55714286,Paul's Anchor
2003,Pauls Anchor,5,Vania,14.5,13.2,Paul's Anchor
2003,RichardsReef,3,Alex,17,10,Richard's Reef
2003,RichardsReef,4,Alexandra,31.3,12.26666667,Richard's Reef
2003,RichardsReef,10,Bill,24,9.125,Richard's Reef
2003,RichardsReef,5,Carrie,32,10,Richard's Reef
2003,RichardsReef,6,Carrie,28,11,Richard's Reef
2003,RichardsReef,7,Carrie,42,10,Richard's Reef
2003,RichardsReef,8,Carrie,27,9,Richard's Reef
2003,RichardsReef,11,David,24,11.92857143,Richard's Reef
2003,RichardsReef,1,Joselyd,25,10,Richard's Reef
2003,RichardsReef,2,Liz,20,12,Richard's Reef
2003,RichardsReef,9,Vania,24,11.7,Richard's Reef
2003,Snap Shot,6,Alexandra,22,10.91666667,Snap Shot
2003,Snap Shot,2,Carrie,14,9,Snap Shot
2003,Snap Shot,3,Carrie,17,11,Snap Shot
2003,Snap Shot,4,Carrie,18,11,Snap Shot
2003,Snap Shot,5,Carrie,15,11,Snap Shot
2003,Snap Shot,1,Joselyd,34,12.5,Snap Shot
2003,Snap Shot,7,Liz,24,7.969230769,Snap Shot
2003,Snap Shot,8,Liz,18,9.941176471,Snap Shot
2003,Snap Shot,9,Vania,24.5,9.7,Snap Shot
2003,West Point,7,Alexandra,19.8,9.518181818,West Point
2003,West Point,3,Bill,16.5,12,West Point
2003,West Point,4,Carrie,20,11,West Point
2003,West Point,5,Carrie,16,10.6,West Point
2003,West Point,6,Carrie,9,10.6,West Point
2003,West Point,2,David,19.5,11.90714286,West Point
2003,West Point,8,Joselyd,18.5,10.98235294,West Point
2003,West Point,9,Liz,13,9.8,West Point
2003,West Point,1,Vania,18.5,11.4,West Point
2004,Coral City,6,Carrie,28,10,Coral City
2004,Coral City,7,Carrie,22,9.4,Coral City
2004,Coral City,8,Carrie,19,9.7,Coral City
2004,Coral City,3,Chris,20.5,10,Coral City
2004,Coral City,4,Chris/Koby,15,9.7,Coral City
2004,Coral City,5,Koby,18.5,11,Coral City
2004,Coral City,1,Roy,20,13,Coral City
2004,Coral City,2,Roy,6,13,Coral City
2004,Grundys  Gardens,5,Carrie,29,7.933333333,Grundy's Gardens
2004,Grundys  Gardens,6,Carrie,22,8,Grundy's Gardens
2004,Grundys  Gardens,7,Carrie,19.5,8.8,Grundy's Gardens
2004,Grundys  Gardens,8,Carrie,31,7.5,Grundy's Gardens
2004,Grundys  Gardens,3,Chris,27,9,Grundy's Gardens
2004,Grundys  Gardens,4,Chris,39,11,Grundy's Gardens
2004,Grundys  Gardens,1,Roy,20.5,9,Grundy's Gardens
2004,Grundys  Gardens,2,Roy,10,9,Grundy's Gardens
2004,Jigsaw,7,Chris,5,10.6,Jigsaw Puzzle
2004,Jigsaw,8,Chris,17,12,Jigsaw Puzzle
2004,Jigsaw,9,Koby,15.5,11.5,Jigsaw Puzzle
2004,Jigsaw,3,Marilyn,16,12,Jigsaw Puzzle
2004,Jigsaw,4,Marilyn,10,10,Jigsaw Puzzle
2004,Jigsaw,5,Marilyn,10,11.2,Jigsaw Puzzle
2004,Jigsaw,6,Marilyn,17,11.5,Jigsaw Puzzle
2004,Jigsaw,1,Roy,4.7,13,Jigsaw Puzzle
2004,Jigsaw,2,Roy,8.7,13,Jigsaw Puzzle
2004,Jigsaw,10,Vania,17.5,11.9,Jigsaw Puzzle
2004,Jigsaw,11,Vania,13,13.7,Jigsaw Puzzle
2004,Mixing Bowl,8,Carrie,22,14,Sailfin Miniwall
2004,Mixing Bowl,9,Carrie,28,14,Sailfin Miniwall
2004,Mixing Bowl,1,Chris,13,13.1,Sailfin Miniwall
2004,Mixing Bowl,2,Chris,12,13,Sailfin Miniwall
2004,Mixing Bowl,5,Marilyn,19,14,Sailfin Miniwall
2004,Mixing Bowl,6,Marilyn,9.5,14,Sailfin Miniwall
2004,Mixing Bowl,7,Marilyn,25,14,Sailfin Miniwall
2004,Mixing Bowl,3,Roy,19.5,13,Sailfin Miniwall
2004,Mixing Bowl,4,Roy,13.5,13,Sailfin Miniwall
2004,Pauls Anchor,9,Carrie,18,17,Paul's Anchor
2004,Pauls Anchor,10,Carrie,19,16,Paul's Anchor
2004,Pauls Anchor,7,Chris,10.6,15.2,Paul's Anchor
2004,Pauls Anchor,8,Koby,8.5,18.8,Paul's Anchor
2004,Pauls Anchor,3,Marilyn,11.5,10,Paul's Anchor
2004,Pauls Anchor,4,Marilyn,12,12,Paul's Anchor
2004,Pauls Anchor,5,Marilyn,7.5,13,Paul's Anchor
2004,Pauls Anchor,2,Roy,6,11.8,Paul's Anchor
2004,Pauls Anchor,6,Roy,4,14,Paul's Anchor
2004,Pauls Anchor,1,Vania,14,9.8,Paul's Anchor
2004,RichardsReef,9,Chris,10,11,Richard's Reef
2004,RichardsReef,10,Chris,25.5,11,Richard's Reef
2004,RichardsReef,11,Chris,13,10,Richard's Reef
2004,RichardsReef,5,Koby,28.5,10.6,Richard's Reef
2004,RichardsReef,6,Koby,14.5,8.5,Richard's Reef
2004,RichardsReef,1,Marylin,20,10.63333333,Richard's Reef
2004,RichardsReef,2,Marylin,34,10.3,Richard's Reef
2004,RichardsReef,3,Marylin,18.5,11.44375,Richard's Reef
2004,RichardsReef,4,Marylin,29,8.8,Richard's Reef
2004,RichardsReef,7,Roy,28.5,12,Richard's Reef
2004,RichardsReef,8,Roy,22,13,Richard's Reef
2004,Sailfin,1,Carrie,24,9.941176471,Sailfin Reef
2004,Sailfin,2,Carrie,23,10,Sailfin Reef
2004,Sailfin,3,Carrie,22,8.541666667,Sailfin Reef
2004,Sailfin,4,Carrie,14.5,8.5,Sailfin Reef
2004,Sailfin,9,Chris,17.7,10.6,Sailfin Reef
2004,Sailfin,10,Chris,21.7,8.5,Sailfin Reef
2004,Sailfin,7,Koby,11.5,10.6,Sailfin Reef
2004,Sailfin,8,Koby,15.5,10.6,Sailfin Reef
2004,Sailfin,5,Roy,9.5,13,Sailfin Reef
2004,Sailfin,6,Roy,9.5,12,Sailfin Reef
2004,Snap Shot,10,Carrie,24,10,Snap Shot
2004,Snap Shot,11,Carrie,18,10,Snap Shot
2004,Snap Shot,4,Chris,11.3,11.3,Snap Shot
2004,Snap Shot,3,Koby,9,9.1,Snap Shot
2004,Snap Shot,2,Marilyn,13,8.2,Snap Shot
2004,Snap Shot,6,Marilyn,6.2,9,Snap Shot
2004,Snap Shot,7,Marilyn,18,10,Snap Shot
2004,Snap Shot,8,Marilyn,24,9.5,Snap Shot
2004,Snap Shot,9,Marilyn,13,11,Snap Shot
2004,Snap Shot,1,Roy,5.2,9.7,Snap Shot
2004,Snap Shot,5,Vania,7.5,6.7,Snap Shot
2004,West Point,6,Chris,15,12,West Point
2004,West Point,7,Chris,5.5,11,West Point
2004,West Point,1,Marilyn,12.5,13,West Point
2004,West Point,2,Marilyn,11.5,11,West Point
2004,West Point,3,Marilyn,9.5,12,West Point
2004,West Point,4,Marilyn,11.5,12,West Point
2004,West Point,8,Roy,12,13,West Point
2004,West Point,9,Roy,8.2,11,West Point
2004,West Point,5,Vania,11,10,West Point
2004,West Point,10,Vania,19.5,11.9,West Point
2005,Coral City,5,ALBR,13.5,11.5,Coral City
2005,Coral City,13,JUEA,19.3,11.1,Coral City
2005,Coral City,14,JUEA,20.5,11.3,Coral City
2005,Coral City,3,Jo,6,11,Coral City
2005,Coral City,4,Jo,16.5,11.3,Coral City
2005,Coral City,7,KIJO,13.5,11.3,Coral City
2005,Coral City,8,KIJO,16.5,11,Coral City
2005,Coral City,9,RADE,10,11.3,Coral City
2005,Coral City,10,RADE,24,11.5,Coral City
2005,Coral City,6,SPTA,21,11,Coral City
2005,Coral City,1,VACO,30.5,10.7,Coral City
2005,Coral City,2,VACO,25,11.2,Coral City
2005,Coral City,11,ca,41,11.3,Coral City
2005,Coral City,12,ca,9,11,Coral City
2005,Grundys  Gardens,3,ALBR,17,10,Grundy's Gardens
2005,Grundys  Gardens,4,ALBR,15,10.5,Grundy's Gardens
2005,Grundys  Gardens,9,JO,17,10.8,Grundy's Gardens
2005,Grundys  Gardens,10,JO,17.5,10.4,Grundy's Gardens
2005,Grundys  Gardens,1,JUEA,18,9.6,Grundy's Gardens
2005,Grundys  Gardens,2,JUEA,29.3,10.1,Grundy's Gardens
2005,Grundys  Gardens,11,KIJO,8.5,10,Grundy's Gardens
2005,Grundys  Gardens,12,KIJO,10,10.1,Grundy's Gardens
2005,Grundys  Gardens,13,RADE,15,9.9,Grundy's Gardens
2005,Grundys  Gardens,14,RADE,12,10.6,Grundy's Gardens
2005,Grundys  Gardens,7,SPTA,4.5,10.2,Grundy's Gardens
2005,Grundys  Gardens,8,SPTA,12,10.6,Grundy's Gardens
2005,Grundys  Gardens,5,VACO,24,10,Grundy's Gardens
2005,Grundys  Gardens,6,VACO,35,10,Grundy's Gardens
2005,Pauls Anchor,7,JO,20,13.6,Paul's Anchor
2005,Pauls Anchor,3,JUEA,9.5,13.9,Paul's Anchor
2005,Pauls Anchor,4,JUEA,20,14.8,Paul's Anchor
2005,Pauls Anchor,5,SPTA,7.5,14.9,Paul's Anchor
2005,Pauls Anchor,6,SPTA,6.5,15.2,Paul's Anchor
2005,Pauls Anchor,1,VACO,10,14.3,Paul's Anchor
2005,Pauls Anchor,2,VACO,20,12.3,Paul's Anchor
2005,West Point,1,ALBR,9.5,10,West Point
2005,West Point,6,JO,8,10.8,West Point
2005,West Point,7,JO,11,11,West Point
2005,West Point,12,JUEA,12.5,11.8,West Point
2005,West Point,2,KIJO,22,10.2,West Point
2005,West Point,3,KIJO,16.5,10.8,West Point
2005,West Point,10,RADE,9,11.1,West Point
2005,West Point,11,RADE,12,11,West Point
2005,West Point,8,SPTA,9,11.1,West Point
2005,West Point,9,SPTA,10.5,11.5,West Point
2005,West Point,4,VACO,9,10.9,West Point
2005,West Point,5,VACO,8.5,10.1,West Point
2006,Coral City,5,JS,21,10.3,Coral City
2006,Coral City,6,JS,23,10,Coral City
2006,Coral City,7,JS2,12,10.7,Coral City
2006,Coral City,8,JS2,19.5,9.8,Coral City
2006,Coral City,1,RB,23,9.1,Coral City
2006,Coral City,2,RB,13,9.1,Coral City
2006,Coral City,3,VC,11,10.2,Coral City
2006,Coral City,4,VC,27,9.5,Coral City
2006,Grundys  Gardens,5,JS,16,9,Grundy's Gardens
2006,Grundys  Gardens,6,JS,17,11,Grundy's Gardens
2006,Grundys  Gardens,7,JS2,23.5,8.5,Grundy's Gardens
2006,Grundys  Gardens,8,JS2,25,8.5,Grundy's Gardens
2006,Grundys  Gardens,1,RB,13.4,6.1,Grundy's Gardens
2006,Grundys  Gardens,2,RB,23,7,Grundy's Gardens
2006,Grundys  Gardens,3,VC,18,7,Grundy's Gardens
2006,Grundys  Gardens,4,VC,15,8.8,Grundy's Gardens
2006,Jigsaw,5,JS,10.5,7.9,Jigsaw Puzzle
2006,Jigsaw,6,JS,11.5,7.9,Jigsaw Puzzle
2006,Jigsaw,7,JS2,20.5,9.8,Jigsaw Puzzle
2006,Jigsaw,8,JS2,19.5,9.8,Jigsaw Puzzle
2006,Jigsaw,9,JS2,24,9.8,Jigsaw Puzzle
2006,Jigsaw,1,RB,17,7.6,Jigsaw Puzzle
2006,Jigsaw,2,RB,12,7.6,Jigsaw Puzzle
2006,Jigsaw,3,VC,25,11.3,Jigsaw Puzzle
2006,Jigsaw,4,VC,11.5,9,Jigsaw Puzzle
2006,Mixing Bowl,1,CM,20.5,11.6,Sailfin Miniwall
2006,Mixing Bowl,2,CM,21,9.1,Sailfin Miniwall
2006,Mixing Bowl,6,JS,25.5,11.6,Sailfin Miniwall
2006,Mixing Bowl,7,JS,18.5,12.2,Sailfin Miniwall
2006,Mixing Bowl,8,JS2,20.5,12.2,Sailfin Miniwall
2006,Mixing Bowl,3,RB,19.5,10.7,Sailfin Miniwall
2006,Mixing Bowl,4,RB,14,10.7,Sailfin Miniwall
2006,Mixing Bowl,5,VC,27,13.2,Sailfin Miniwall
2006,Pauls Anchor,6,CM,10,10.4,Paul's Anchor
2006,Pauls Anchor,7,CM,21,14,Paul's Anchor
2006,Pauls Anchor,8,CM,16,14,Paul's Anchor
2006,Pauls Anchor,4,JS,14.5,13,Paul's Anchor
2006,Pauls Anchor,5,JS,16,13,Paul's Anchor
2006,Pauls Anchor,9,JS2,10,11.9,Paul's Anchor
2006,Pauls Anchor,9,JS3,10,11.9,Paul's Anchor
2006,Pauls Anchor,9,JS4,10,11.9,Paul's Anchor
2006,Pauls Anchor,9,JS5,10,11.9,Paul's Anchor
2006,Pauls Anchor,9,JS6,10,11.9,Paul's Anchor
2006,Pauls Anchor,3,RB,16,10.7,Paul's Anchor
2006,Pauls Anchor,1,VC,19,11.9,Paul's Anchor
2006,Pauls Anchor,2,VC,9,11.9,Paul's Anchor
2006,RichardsReef,5,JS,16,11.1,Richard's Reef
2006,RichardsReef,6,JS,21,12,Richard's Reef
2006,RichardsReef,7,JS2,31.5,11.3,Richard's Reef
2006,RichardsReef,8,JS2,24.5,9.8,Richard's Reef
2006,RichardsReef,1,RB,14.5,9.7,Richard's Reef
2006,RichardsReef,2,RB,14.5,9.7,Richard's Reef
2006,RichardsReef,3,VC,29.5,8.7,Richard's Reef
2006,RichardsReef,4,VC,18,8.6,Richard's Reef
2006,Sailfin,5,JS,18.5,8,Sailfin Reef
2006,Sailfin,6,JS,13,9,Sailfin Reef
2006,Sailfin,7,JS2,14.5,10.7,Sailfin Reef
2006,Sailfin,8,JS2,13,10.4,Sailfin Reef
2006,Sailfin,1,RB,11,8.5,Sailfin Reef
2006,Sailfin,2,RB,9,10.7,Sailfin Reef
2006,Sailfin,3,VC,17,9.1,Sailfin Reef
2006,Sailfin,4,VC,15,9.4,Sailfin Reef
2006,Snap Shot,5,JS,16.5,10,Snap Shot
2006,Snap Shot,6,JS,17,11,Snap Shot
2006,Snap Shot,7,JS,14.5,9.1,Snap Shot
2006,Snap Shot,8,JS2,12.5,10.7,Snap Shot
2006,Snap Shot,1,RB,13,10,Snap Shot
2006,Snap Shot,2,RB,9.5,10,Snap Shot
2006,Snap Shot,3,VC,13,11.8,Snap Shot
2006,Snap Shot,4,VC,17.5,11.8,Snap Shot
2006,West Point,4,JS,15,10,West Point
2006,West Point,5,JS,14.5,10,West Point
2006,West Point,6,JS2,17.5,12.2,West Point
2006,West Point,7,JS2,21,11.6,West Point
2006,West Point,1,RB,21.5,10.7,West Point
2006,West Point,2,VC,9.722222222,9.9,West Point
2006,West Point,3,VC,19,10,West Point
2007,Coral City,5,Christine,16,10,Coral City
2007,Coral City,3,Diana,23.8,10,Coral City
2007,Coral City,4,Diana,19.9,10,Coral City
2007,Coral City,6,KRISTA,27.7,10,Coral City
2007,Coral City,1,Roy,26.2,10,Coral City
2007,Coral City,2,Roy,11,10,Coral City
2007,Grundys  Gardens,7,Jeremy,20.2,10,Grundy's Gardens
2007,Grundys  Gardens,8,Jeremy,62.5,10,Grundy's Gardens
2007,Grundys  Gardens,3,Lindsay,13.3,10,Grundy's Gardens
2007,Grundys  Gardens,4,Lindsay,11.1,10,Grundy's Gardens
2007,Grundys  Gardens,5,Lindsay,13.2,10,Grundy's Gardens
2007,Grundys  Gardens,6,Lindsay,26.7,10,Grundy's Gardens
2007,Grundys  Gardens,9,Lisa ,33,10,Grundy's Gardens
2007,Grundys  Gardens,10,Lisa ,11.2,10,Grundy's Gardens
2007,Grundys  Gardens,11,Max,20.4,10,Grundy's Gardens
2007,Grundys  Gardens,12,Max,19.8,10,Grundy's Gardens
2007,Grundys  Gardens,1,Roy,15.3,10,Grundy's Gardens
2007,Grundys  Gardens,2,Roy,21.2,10,Grundy's Gardens
2007,Jigsaw,3,Diana,21.4,10,Jigsaw Puzzle
2007,Jigsaw,4,KRISTA,23,10,Jigsaw Puzzle
2007,Jigsaw,5,KRISTA,18,10,Jigsaw Puzzle
2007,Jigsaw,6,Kim,5.7,10,Jigsaw Puzzle
2007,Jigsaw,7,Kim,10.4,10,Jigsaw Puzzle
2007,Jigsaw,8,Max,3.1,10,Jigsaw Puzzle
2007,Jigsaw,9,Max,8.4,10,Jigsaw Puzzle
2007,Jigsaw,1,Roy,13.2,10,Jigsaw Puzzle
2007,Jigsaw,2,Roy,15.3,10,Jigsaw Puzzle
2007,Pauls Anchor,4,Diana,17.8,10,Paul's Anchor
2007,Pauls Anchor,9,KRISTA,14,10,Paul's Anchor
2007,Pauls Anchor,8,Kim,3.1,10,Paul's Anchor
2007,Pauls Anchor,5,Lindsay,17,10,Paul's Anchor
2007,Pauls Anchor,3,Lisa ,15.5,10,Paul's Anchor
2007,Pauls Anchor,10,Max,10,10,Paul's Anchor
2007,Pauls Anchor,1,Roy,20.6,10,Paul's Anchor
2007,Pauls Anchor,6,Sara,12.9,10,Paul's Anchor
2007,Pauls Anchor,2,Vania,12,10,Paul's Anchor
2007,Pauls Anchor,7,jeremy ,2.8,10,Paul's Anchor
2007,Sailfin,5,Diana,17.3,10,Sailfin Reef
2007,Sailfin,6,Diana,20,10,Sailfin Reef
2007,Sailfin,7,KRISTA,17,10,Sailfin Reef
2007,Sailfin,8,KRISTA,16.5,10,Sailfin Reef
2007,Sailfin,3,Kim,3.9,10,Sailfin Reef
2007,Sailfin,4,Kim,6.6,10,Sailfin Reef
2007,Sailfin,1,Roy,7.6,10,Sailfin Reef
2007,Sailfin,2,Roy,11,10,Sailfin Reef
2007,Sailfin,9,christine,15.5,10,Sailfin Reef
2007,Sailfin,10,christine,15,10,Sailfin Reef
2007,Snap Shot,6,Diana,19.5,10,Snap Shot
2007,Snap Shot,3,KRISTA,23.5,10,Snap Shot
2007,Snap Shot,4,Kim,23.5,10,Snap Shot
2007,Snap Shot,5,Kim,25.5,10,Snap Shot
2007,Snap Shot,1,Roy,7.9,10,Snap Shot
2007,Snap Shot,2,Roy,7.6,10,Snap Shot
2007,Snap Shot,7,christine,23.3,10,Snap Shot
2007,West Point,3,Carey,10.8,10,West Point
2007,West Point,4,Carey,14.7,10,West Point
2007,West Point,5,Diana,7,10,West Point
2007,West Point,11,Ethan,3.9,10,West Point
2007,West Point,12,Ethan,6.5,10,West Point
2007,West Point,15,Jeremy,9,10,West Point
2007,West Point,13,KRISTA,21.6,10,West Point
2007,West Point,14,Kim,7.2,10,West Point
2007,West Point,6,Lindsay,5.8,10,West Point
2007,West Point,7,Lindsay,18.6,10,West Point
2007,West Point,8,Max,5.9,10,West Point
2007,West Point,9,Max,8.2,10,West Point
2007,West Point,1,Roy,8.6,10,West Point
2007,West Point,2,Roy,12.1,10,West Point
2007,West Point,10,Sara,11.6,10,West Point
2009,Coral City,1,CD,19.1,10,Coral City
2009,Coral City,2,CD,18.5,10,Coral City
2009,Coral City,3,CD,19.3,9,Coral City
2009,Coral City,4,CD,17.7,9,Coral City
2009,Grundys  Gardens,1,CD,10.4,7.5,Grundy's Gardens
2009,Grundys  Gardens,2,CD,16.4,10.5,Grundy's Gardens
2009,Grundys  Gardens,3,CD,15.2,9,Grundy's Gardens
2009,Grundys  Gardens,4,CD,33.4,10,Grundy's Gardens
2009,Grundys  Gardens,5,CD,17.3,10.4,Grundy's Gardens
2009,Grundys  Gardens,6,CD,16.3,9.2,Grundy's Gardens
2009,Grundys  Gardens,7,CD,21.8,11.2,Grundy's Gardens
2009,Jigsaw,1,CD,11.9,9,Jigsaw Puzzle
2009,Jigsaw,2,CD,8.9,11,Jigsaw Puzzle
2009,Jigsaw,3,CD,9,10.6,Jigsaw Puzzle
2009,Jigsaw,4,CD,7.4,10,Jigsaw Puzzle
2009,Jigsaw,8,CD,13.5,11,Jigsaw Puzzle
2009,Jigsaw,10,CD,10.1,10.5,Jigsaw Puzzle
2009,Jigsaw,5,KW,22.8,10,Jigsaw Puzzle
2009,Jigsaw,6,KW,6.5,10,Jigsaw Puzzle
2009,Jigsaw,7,KW,9.3,10.5,Jigsaw Puzzle
2009,Jigsaw,9,KW,19.6,11,Jigsaw Puzzle
2009,Meadows,1,CD,34.9,4,The Meadows
2009,Meadows,2,CD,25.2,5,The Meadows
2009,Meadows,6,CD,17.2,9.2,The Meadows
2009,Meadows,7,CD,45.1,5.2,The Meadows
2009,Meadows,3,KW,14.1,5,The Meadows
2009,Meadows,4,KW,36.9,5.5,The Meadows
2009,Meadows,5,KW,19.2,4.5,The Meadows
2009,Mixing Bowl,1,CD,12,12,Sailfin Miniwall
2009,Mixing Bowl,2,CD,12.2,12,Sailfin Miniwall
2009,Mixing Bowl,5,CD,8.6,5.3,Sailfin Miniwall
2009,Mixing Bowl,6,CD,23.2,12.7,Sailfin Miniwall
2009,Mixing Bowl,3,KW,17.8,12,Sailfin Miniwall
2009,Mixing Bowl,4,KW,16.2,12.5,Sailfin Miniwall
2009,RichardsReef,1,CD,4.8,9,Richard's Reef
2009,RichardsReef,2,CD,11.6,9.6,Richard's Reef
2009,RichardsReef,5,CD,25.7,10,Richard's Reef
2009,RichardsReef,6,CD,17.1,13,Richard's Reef
2009,RichardsReef,3,KW,32.6,10,Richard's Reef
2009,RichardsReef,4,KW,23,9.5,Richard's Reef
2009,RichardsReef,7,KW,11,10,Richard's Reef
2009,RichardsReef,8,KW,22.6,10.5,Richard's Reef
2009,Sailfin,1,CD,17.8,8,Sailfin Reef
2009,Sailfin,2,CD,11.9,12,Sailfin Reef
2009,Sailfin,3,CD,7,13,Sailfin Reef
2009,Sailfin,4,KW,21.1,7.5,Sailfin Reef
2009,Sailfin,5,KW,7.7,10,Sailfin Reef
2009,Sailfin,6,KW,15.5,8,Sailfin Reef
2009,Snap Shot,1,CD,15.5,10,Snap Shot
2009,Snap Shot,2,CD,11.1,10,Snap Shot
2009,Snap Shot,3,KW,8.2,9,Snap Shot
2009,Snap Shot,4,KW,13.2,10,Snap Shot
2009,West Point,1,CD,16,10.7,West Point
2009,West Point,2,CD,10.5,11,West Point
2009,West Point,3,CD,10.9,12,West Point
2009,West Point,4,CD,10.1,11,West Point
2009,West Point,5,CD,15.2,11,West Point
2009,West Point,7,CD,17.3,14.7,West Point
2009,West Point,5,KW,15.2,11,West Point
2009,West Point,6,KW,8.6,13,West Point
2010,Coral City,1,aw,20,10.05,Coral City
2010,Coral City,2,aw,31.3,9.14,Coral City
2010,Coral City,3,aw,24,8.61,Coral City
2010,Coral City,4,aw,45.9,9.14,Coral City
2010,Coral City,5,aw,36.4,9.75,Coral City
2010,Coral City,6,aw,4.3,10.05,Coral City
2010,Coral City,7,fm,21,8.83,Coral City
2010,Coral City,8,fm,17,9.75,Coral City
2010,Coral City,9,fm,19,11.58,Coral City
2010,Coral City,10,fm,22.7,13.1,Coral City
2010,Coral City,11,fm,24,12.8,Coral City
2010,Coral City,12,fm,16.3,13,Coral City
2010,Grundys  Gardens,1,aw,20,7.3,Grundy's Gardens
2010,Grundys  Gardens,2,aw,31.3,7.5,Grundy's Gardens
2010,Grundys  Gardens,3,aw,24,9.75,Grundy's Gardens
2010,Grundys  Gardens,4,aw,45.9,10,Grundy's Gardens
2010,Grundys  Gardens,5,aw,36.4,7.5,Grundy's Gardens
2010,Grundys  Gardens,6,aw,17.2,7.5,Grundy's Gardens
2010,Grundys  Gardens,7,fm,21,7.62,Grundy's Gardens
2010,Grundys  Gardens,8,fm,17,9.75,Grundy's Gardens
2010,Grundys  Gardens,9,fm,19,8.7,Grundy's Gardens
2010,Grundys  Gardens,10,fm,22.7,8,Grundy's Gardens
2010,Grundys  Gardens,11,fm,24,8,Grundy's Gardens
2010,Grundys  Gardens,12,fm,16.3,8.7,Grundy's Gardens
2010,Jigsaw,1,aw,24,12.8,Jigsaw Puzzle
2010,Jigsaw,2,aw,18.4,12.12,Jigsaw Puzzle
2010,Jigsaw,3,aw,33,11.89,Jigsaw Puzzle
2010,Jigsaw,4,aw,15.6,10.05,Jigsaw Puzzle
2010,Jigsaw,5,aw,32,10.05,Jigsaw Puzzle
2010,Jigsaw,6,fm,23.7,12.12,Jigsaw Puzzle
2010,Jigsaw,7,fm,21,11.7,Jigsaw Puzzle
2010,Jigsaw,8,fm,37,11.58,Jigsaw Puzzle
2010,Jigsaw,9,fm,19.2,9.14,Jigsaw Puzzle
2010,Meadows,1,aw,34.7,6,The Meadows
2010,Meadows,2,aw,23.5,6,The Meadows
2010,Meadows,3,aw,12,5.6,The Meadows
2010,Meadows,4,aw,21.6,6,The Meadows
2010,Meadows,5,aw,43.3,6.2,The Meadows
2010,Meadows,6,aw,57.3,6.2,The Meadows
2010,Meadows,7,fm,52,6.4,The Meadows
2010,Meadows,8,fm,31,6,The Meadows
2010,Meadows,9,fm,52.5,7,The Meadows
2010,Meadows,10,fm,32,6.8,The Meadows
2010,Pauls Anchor,1,AW,22,12.75384615,Paul's Anchor
2010,Pauls Anchor,2,aw,24.7,11.75,Paul's Anchor
2010,Pauls Anchor,3,aw,8.2,11.78181818,Paul's Anchor
2010,Pauls Anchor,4,aw,17,10.175,Paul's Anchor
2010,Pauls Anchor,5,aw,30,10,Paul's Anchor
2010,Pauls Anchor,6,fm,19,11.3,Paul's Anchor
2010,Pauls Anchor,7,fm,12,11.03529412,Paul's Anchor
2010,Pauls Anchor,8,fm,14,12.1,Paul's Anchor
2010,Pauls Anchor,9,fm,9,10.6,Paul's Anchor
2010,Pauls Anchor,10,fm,16.2,10.3,Paul's Anchor
2010,West Point,1,aw,8,10.97,West Point
2010,West Point,2,aw,2,10.97,West Point
2010,West Point,3,aw,5,10.97,West Point
2010,West Point,4,aw,7.1,11,West Point
2010,West Point,5,aw,9.1,12.2,West Point
2010,West Point,6,aw,14,12.8,West Point
2010,West Point,7,fm,12,12,West Point
2010,West Point,8,fm,27,12.2,West Point
2010,West Point,9,fm,19,11.8,West Point
2011,Coral City,4,CM,19.1,9.4,Coral City
2011,Coral City,5,CM,44.5,9.4,Coral City
2011,Coral City,6,CM,34.7,9.6,Coral City
2011,Coral City,1,EC,31.3,10.1,Coral City
2011,Coral City,2,EC,13.4,9.5,Coral City
2011,Coral City,3,EC,12,9,Coral City
2011,Grundys  Gardens,3,CM,29.5,6.1,Grundy's Gardens
2011,Grundys  Gardens,4,CM,22,9.1,Grundy's Gardens
2011,Grundys  Gardens,5,CM,42,7.9,Grundy's Gardens
2011,Grundys  Gardens,1,EC,25.6,8.1,Grundy's Gardens
2011,Grundys  Gardens,2,EC,31,7,Grundy's Gardens
2011,Jigsaw,1,CM,25,13.4,Jigsaw Puzzle
2011,Jigsaw,2,CM,38.4,13,Jigsaw Puzzle
2011,Jigsaw,3,CM,23.5,9.1,Jigsaw Puzzle
2011,Jigsaw,4,EC,19.8,12.9,Jigsaw Puzzle
2011,Jigsaw,5,EC,12.3,11.2,Jigsaw Puzzle
2011,Jigsaw,6,EC,31,10,Jigsaw Puzzle
2011,Meadows,1,EC,20,4.5,The Meadows
2011,Meadows,2,EC,25,5,The Meadows
2011,Meadows,3,EC,34,5,The Meadows
2011,Meadows,4,EC,35,5.6,The Meadows
2011,Meadows,5,ec,45,6.1,The Meadows
2011,Meadows,6,ec,40.7,6.9,The Meadows
2011,Mixing Bowl,1,CM,19,15.2,Sailfin Miniwall
2011,Mixing Bowl,2,CM,24,14,Sailfin Miniwall
2011,Mixing Bowl,3,CM,33,12.2,Sailfin Miniwall
2011,Mixing Bowl,4,EC,29,13.8,Sailfin Miniwall
2011,Mixing Bowl,5,EC,17.5,13.6,Sailfin Miniwall
2011,Mixing Bowl,6,EC,19,12.6,Sailfin Miniwall
2011,Pauls Anchor,1,EC,22,15.6,Paul's Anchor
2011,Pauls Anchor,2,EC,25,15.9,Paul's Anchor
2011,Pauls Anchor,3,EC,22.5,17.3,Paul's Anchor
2011,Pauls Anchor,4,EC,19.4,14,Paul's Anchor
2011,Pauls Anchor,5,EC,16.5,11.2,Paul's Anchor
2011,Pauls Anchor,6,EC,17.5,10,Paul's Anchor
2011,Sailfin,4,CM,20.3,9.4,Sailfin Reef
2011,Sailfin,5,CM,22.7,9.1,Sailfin Reef
2011,Sailfin,6,CM,18.7,8.5,Sailfin Reef
2011,Sailfin,1,EC,12.2,10,Sailfin Reef
2011,Sailfin,2,EC,17.7,9.8,Sailfin Reef
2011,Sailfin,3,EC,13.4,7.1,Sailfin Reef
2011,Snap Shot,4,CM,12.9,9.7,Snap Shot
2011,Snap Shot,5,CM,25,9.1,Snap Shot
2011,Snap Shot,6,CM,28,8.5,Snap Shot
2011,Snap Shot,1,EC,16.9,8.6,Snap Shot
2011,Snap Shot,2,EC,13.9,8.6,Snap Shot
2011,Snap Shot,3,EC,18.2,8.4,Snap Shot
2011,West Point,3,CM,33,11.2,West Point
2011,West Point,4,CM,33.5,11.2,West Point
2011,West Point,5,CM,19,10.3,West Point
2011,West Point,6,CM,16,10.3,West Point
2011,West Point,1,EC,21.3,10.6,West Point
2011,West Point,2,EC,34,11.8,West Point
2012,Anns Attic,1,Kristi Foster,9.7,6,Three Fathom Wall
2012,Anns Attic,2,Kristi Foster,8,6,Three Fathom Wall
2012,Anns Attic,3,Kristi Foster,5.5,6,Three Fathom Wall
2012,Anns Attic,4,Kristi Foster,3.9,6,Three Fathom Wall
2012,Anns Attic,5,Kristi Foster,10.5,6,Three Fathom Wall
2012,Anns Attic,6,Kristi Foster,4.7,6,Three Fathom Wall
2012,Black Tip Tunnels,4,EFC,18.7,25,Blacktip Blvd.
2012,Black Tip Tunnels,5,EFC,17.6,25,Blacktip Blvd.
2012,Black Tip Tunnels,6,EFC,19.3,25,Blacktip Blvd.
2012,Black Tip Tunnels,1,KEL,25,25,Blacktip Blvd.
2012,Black Tip Tunnels,2,KEL,20.7,25,Blacktip Blvd.
2012,Black Tip Tunnels,3,KEL,14,25,Blacktip Blvd.
2012,Coral City,1,EFC,28,9.4,Coral City
2012,Coral City,2,EFC,21,10,Coral City
2012,Coral City,3,EFC,25.1,8.7,Coral City
2012,Coral City,4,KEL,48,9.5,Coral City
2012,Coral City,5,KEL,27,9.1,Coral City
2012,Coral City,6,KEL,21.5,9.5,Coral City
2012,Grundys  Gardens,1,EFC,43.5,7,Grundy's Gardens
2012,Grundys  Gardens,2,EFC,24,9.5,Grundy's Gardens
2012,Grundys  Gardens,3,EFC,46.9,9,Grundy's Gardens
2012,Grundys  Gardens,4,KEL,33,7.6,Grundy's Gardens
2012,Grundys  Gardens,5,KEL,30,8.5,Grundy's Gardens
2012,Grundys  Gardens,6,KEL,32,7.3,Grundy's Gardens
2012,Icon,1,EFC,23.4,9,Icon
2012,Icon,2,EFC,20.5,8.9,Icon
2012,Icon,3,EFC,32.2,8.8,Icon
2012,Icon,4,EFC,22.1,8.8,Icon
2012,Icon,5,EFC,18.6,8.5,Icon
2012,Icon,6,EFC,16.8,8.5,Icon
2012,Jigsaw,1,EFC,24,12.8,Jigsaw Puzzle
2012,Jigsaw,2,EFC,23.4,16,Jigsaw Puzzle
2012,Jigsaw,3,EFC,21.1,13.1,Jigsaw Puzzle
2012,Jigsaw,4,KEL,10.5,12,Jigsaw Puzzle
2012,Jigsaw,5,KEL,16.8,11.5,Jigsaw Puzzle
2012,Jigsaw,6,KEL,19.2,12,Jigsaw Puzzle
2012,Meadows,1,EFC,40.7,5,The Meadows
2012,Meadows,5,EFC,28,6,The Meadows
2012,Meadows,6,EFC,39.6,6,The Meadows
2012,Meadows,2,KEL,30,5,The Meadows
2012,Meadows,3,KEL,35.1,5,The Meadows
2012,Meadows,4,KEL,36,5,The Meadows
2012,Mixing Bowl,1,EFC,33,12,Sailfin Miniwall
2012,Mixing Bowl,2,EFC,39.8,9,Sailfin Miniwall
2012,Mixing Bowl,3,EFC,39.1,6,Sailfin Miniwall
2012,Mixing Bowl,4,KEL,29.6,12,Sailfin Miniwall
2012,Mixing Bowl,5,KEL,21.4,12,Sailfin Miniwall
2012,Mixing Bowl,6,KEL,31,6,Sailfin Miniwall
2012,Pauls Anchor,1,EFC,23,11,Paul's Anchor
2012,Pauls Anchor,2,EFC,22.6,12.5,Paul's Anchor
2012,Pauls Anchor,3,EFC,16.3,11.9,Paul's Anchor
2012,Pauls Anchor,4,KEL,12,11,Paul's Anchor
2012,Pauls Anchor,5,KEL,4,11,Paul's Anchor
2012,Pauls Anchor,6,KEL,7.2,13,Paul's Anchor
2012,Rock Bottom,4,EFC,36,6,Rock Bottom Wall
2012,Rock Bottom,5,EFC,21,6,Rock Bottom Wall
2012,Rock Bottom,6,EFC,20,6,Rock Bottom Wall
2012,Rock Bottom,1,KEL,21,6,Rock Bottom Wall
2012,Rock Bottom,2,KEL,14,6,Rock Bottom Wall
2012,Rock Bottom,3,KEL,18,6,Rock Bottom Wall
2012,Sailfin,1,KEL,20,9,Sailfin Reef
2012,Sailfin,2,KEL,24,9.7,Sailfin Reef
2012,Sailfin,3,KEL,18.1,10.3,Sailfin Reef
2012,Sailfin,4,KEL,33.3,7.9,Sailfin Reef
2012,Sailfin,5,KEL,16.5,6.8,Sailfin Reef
2012,Sailfin,6,KEL,26.1,9.1,Sailfin Reef
2012,Snap Shot,4,EFC,30.7,12.5,Snap Shot
2012,Snap Shot,5,EFC,24.7,11.5,Snap Shot
2012,Snap Shot,6,EFC,22.7,10.8,Snap Shot
2012,Snap Shot,1,KEL,17,11,Snap Shot
2012,Snap Shot,2,KEL,21,11.5,Snap Shot
2012,Snap Shot,3,KEL,14.1,11.5,Snap Shot
2012,West Point,1,EFC,20.2,11,West Point
2012,West Point,2,EFC,27.2,11,West Point
2012,West Point,3,EFC,19.3,11,West Point
2012,West Point,4,KEL,24.5,10.3,West Point
2012,West Point,5,KEL,13.8,10.3,West Point
2012,West Point,6,KEL,31.8,10.3,West Point
2013,Coral City,5,K. Foster,23.8,9.7,Coral City
2013,Coral City,6,K. Foster,18.3,9.7,Coral City
2013,Coral City,1,K. Lohr,38.1,10.6,Coral City
2013,Coral City,2,K. Lohr,26,11,Coral City
2013,Coral City,3,S. Bejarano,26.9,10.7,Coral City
2013,Coral City,4,S. Bejarano,16.1,11,Coral City
2013,Grundys  Gardens,7,K. Foster,9.7,8,Grundy's Gardens
2013,Grundys  Gardens,8,K. Foster,27.7,9,Grundy's Gardens
2013,Grundys  Gardens,1,K. Lohr,42.9,9.7,Grundy's Gardens
2013,Grundys  Gardens,2,K. Lohr,35.4,9.7,Grundy's Gardens
2013,Grundys  Gardens,3,K. Lohr,29.5,9.7,Grundy's Gardens
2013,Grundys  Gardens,4,S. Bejarano,13.5,9.7,Grundy's Gardens
2013,Grundys  Gardens,5,S. Bejarano,27.1,9.7,Grundy's Gardens
2013,Grundys  Gardens,6,S. Bejarano,18.2,9.7,Grundy's Gardens
2013,Icon Reef,3,E. Camp,19,8,Icon
2013,Icon Reef,4,E. Camp,16,9,Icon
2013,Icon Reef,1,K. Lohr,20.7,9.8,Icon
2013,Icon Reef,2,K. Lohr,26,9.8,Icon
2013,Icon Reef,5,S. Bejarano,5.9,8.5,Icon
2013,Icon Reef,6,S. Bejarano,7.4,8.5,Icon
2013,Jigsaw,6,CM,45.1,10,Jigsaw Puzzle
2013,Jigsaw,7,CM,13.5,11.4,Jigsaw Puzzle
2013,Jigsaw,1,K. Lohr,14.7,13,Jigsaw Puzzle
2013,Jigsaw,2,K. Lohr,20.2,13,Jigsaw Puzzle
2013,Jigsaw,3,S. Bejarano,28.4,12,Jigsaw Puzzle
2013,Jigsaw,4,S. Bejarano,13.3,12,Jigsaw Puzzle
2013,Jigsaw,5,S. Hamilton,18.3,14,Jigsaw Puzzle
2013,Meadows,1,K. Lohr,35.2,6,The Meadows
2013,Meadows,2,K. Lohr,22.6,6,The Meadows
2013,Meadows,3,K. Lohr,24,6,The Meadows
2013,Meadows,4,S. Bejarano,45,6,The Meadows
2013,Meadows,5,S. Bejarano,17.4,6,The Meadows
2013,Meadows,6,S. Hamilton,34.4,6,The Meadows
2013,Mixing Bowl,3,E. Camp,28,14,Sailfin Miniwall
2013,Mixing Bowl,4,E. Camp,15,10.7,Sailfin Miniwall
2013,Mixing Bowl,1,K. Lohr,33.8,13,Sailfin Miniwall
2013,Mixing Bowl,2,K. Lohr,15.9,9,Sailfin Miniwall
2013,Mixing Bowl,7,K. Lohr,26.7,14,Sailfin Miniwall
2013,Mixing Bowl,8,K. Lohr,29.8,14,Sailfin Miniwall
2013,Mixing Bowl,5,S. Bejarano,19.6,14,Sailfin Miniwall
2013,Mixing Bowl,6,S. Bejarano,8.9,10.7,Sailfin Miniwall
2013,Pauls Anchor,1,K. Lohr,11.9,11.6,Paul's Anchor
2013,Pauls Anchor,2,K. Lohr,11.5,11.6,Paul's Anchor
2013,Pauls Anchor,3,S. Bejarano,8.9,12,Paul's Anchor
2013,Pauls Anchor,4,S. Bejarano,12.4,12,Paul's Anchor
2013,Pauls Anchor,5,S. Hamilton,28.8,12,Paul's Anchor
2013,Pauls Anchor,6,S. Hamilton,15.7,12,Paul's Anchor
2013,Sailfin,1,K. Lohr,8.4,10,Sailfin Reef
2013,Sailfin,2,K. Lohr,8,10,Sailfin Reef
2013,Sailfin,3,K. Lohr,19.8,10,Sailfin Reef
2013,Sailfin,4,S. Bejarano,9.1,10,Sailfin Reef
2013,Sailfin,5,S. Bejarano,5.7,10,Sailfin Reef
2013,Sailfin,6,S. Bejarano,8.4,10,Sailfin Reef
2013,Snap Shot,1,K. Lohr,12.4,11,Snap Shot
2013,Snap Shot,2,K. Lohr,12.2,11,Snap Shot
2013,Snap Shot,3,K. Lohr,9.4,11,Snap Shot
2013,Snap Shot,7,K. Lohr,22.8,11,Snap Shot
2013,Snap Shot,8,K. Lohr,14.6,10,Snap Shot
2013,Snap Shot,4,S. Bejarano,8.8,11,Snap Shot
2013,Snap Shot,5,S. Bejarano,8.4,11,Snap Shot
2013,Snap Shot,6,S. Bejarano,14.5,11,Snap Shot
2013,West Point,5,K. Foster,12.4,11.2,West Point
2013,West Point,6,K. Foster,25.4,11.2,West Point
2013,West Point,1,K. Lohr,9.5,11.5,West Point
2013,West Point,2,K. Lohr,18.1,11.5,West Point
2013,West Point,3,K. Lohr,16.1,11.5,West Point
2013,West Point,7,K. Lohr,16,12,West Point
2013,West Point,8,K. Lohr,19,12,West Point
2013,West Point,9,K. Lohr,17,12,West Point
2013,West Point,10,K. Lohr,24.8,12,West Point
2013,West Point,11,K. Lohr,13.3,12,West Point
2013,West Point,1,S. Bejarano,8.4,11.5,West Point
2013,West Point,2,S. Bejarano,10.4,11.5,West Point
2013,West Point,3,S. Bejarano,3.9,11.5,West Point
2013,West Point,4,S. Bejarano,11.6,11.5,West Point
2014,Black Tip Tunnels,1,J. Binstein,4.9,15,Blacktip Blvd.
2014,Black Tip Tunnels,2,J. Binstein,8.9,15,Blacktip Blvd.
2014,Black Tip Tunnels,3,J. Binstein,7,15,Blacktip Blvd.
2014,Black Tip Tunnels,4,K. Lohr,12.5,15,Blacktip Blvd.
2014,Black Tip Tunnels,5,K. Lohr,6.1,15,Blacktip Blvd.
2014,Black Tip Tunnels,6,K. Lohr,11.1,15,Blacktip Blvd.
2014,Coral City,4,J. Binstein,26.7,10,Coral City
2014,Coral City,5,J. Binstein,11.5,10,Coral City
2014,Coral City,6,J. Binstein,26.3,10,Coral City
2014,Coral City,1,K. Lohr,23.5,10,Coral City
2014,Coral City,2,K. Lohr,27.8,10,Coral City
2014,Coral City,3,K. Lohr,29,10,Coral City
2014,Coral City,7,K. Lohr,16.7,13,Coral City
2014,Coral City,8,K. Lohr,9.1,13,Coral City
2014,Coral City,9,K. Lohr,30.5,14,Coral City
2014,Coral City,10,K. Lohr,17.9,12,Coral City
2014,Crystal Palace,1,J. Binstein,14.6,14,Crystal Palace Wall
2014,Crystal Palace,2,J. Binstein,16.5,14,Crystal Palace Wall
2014,Crystal Palace,3,J. Binstein,11.2,14,Crystal Palace Wall
2014,Crystal Palace,4,K. Lohr,10.5,14,Crystal Palace Wall
2014,Crystal Palace,5,K. Lohr,9,14,Crystal Palace Wall
2014,Crystal Palace,6,K. Lohr,11,14,Crystal Palace Wall
2014,Fins,1,J. Binstein,4.5,15,Martha's Finyard
2014,Fins,2,J. Binstein,6,15,Martha's Finyard
2014,Fins,3,J. Binstein,7.7,15,Martha's Finyard
2014,Fins,4,K. Lohr,5.5,15,Martha's Finyard
2014,Fins,5,K. Lohr,13.5,16,Martha's Finyard
2014,Fins,6,K. Lohr,18,14,Martha's Finyard
2014,Grundys  Gardens,4,J. Binstein,65,8,Grundy's Gardens
2014,Grundys  Gardens,5,J. Binstein,25.7,7,Grundy's Gardens
2014,Grundys  Gardens,6,J. Binstein,5.5,7,Grundy's Gardens
2014,Grundys  Gardens,1,K. Lohr,36,9,Grundy's Gardens
2014,Grundys  Gardens,2,K. Lohr,23,9,Grundy's Gardens
2014,Grundys  Gardens,3,K. Lohr,39,9,Grundy's Gardens
2014,Grundys  Gardens,7,K. Lohr,13.7,8,Grundy's Gardens
2014,Grundys  Gardens,8,K. Lohr,28.2,8,Grundy's Gardens
2014,Grundys  Gardens,9,K. Lohr,9.5,8,Grundy's Gardens
2014,Icon,4,J. Binstein,8.4,10,Icon
2014,Icon,5,J. Binstein,19.8,8,Icon
2014,Icon,6,J. Binstein,6,9,Icon
2014,Icon,9,J. Binstein,18.2,12,Icon
2014,Icon,10,J. Binstein,22.8,12,Icon
2014,Icon,1,K. Lohr,9.5,10,Icon
2014,Icon,2,K. Lohr,14.5,10,Icon
2014,Icon,3,K. Lohr,17.8,12,Icon
2014,Icon,7,K. Lohr,9.4,10,Icon
2014,Icon,8,K. Lohr,12.6,10,Icon
2014,Jigsaw,4,J. Binstein,13.5,12,Jigsaw Puzzle
2014,Jigsaw,5,J. Binstein,11.8,12,Jigsaw Puzzle
2014,Jigsaw,6,J. Binstein,23.3,12,Jigsaw Puzzle
2014,Jigsaw,7,J. Binstein,30.3,12,Jigsaw Puzzle
2014,Jigsaw,1,K. Lohr,16,12,Jigsaw Puzzle
2014,Jigsaw,2,K. Lohr,19.8,12,Jigsaw Puzzle
2014,Jigsaw,3,K. Lohr,14.2,12,Jigsaw Puzzle
2014,Jigsaw,8,K. Lohr,16.3,12,Jigsaw Puzzle
2014,Jigsaw,9,K. Lohr,37.5,12,Jigsaw Puzzle
2014,Joys Joy,4,J. Binstein,9.3,14,Joy's Joy
2014,Joys Joy,5,J. Binstein,16.4,14,Joy's Joy
2014,Joys Joy,6,J. Binstein,16.4,14,Joy's Joy
2014,Joys Joy,1,K. Lohr,6.3,14,Joy's Joy
2014,Joys Joy,2,K. Lohr,9.5,14,Joy's Joy
2014,Joys Joy,3,K. Lohr,10.7,14,Joy's Joy
2014,Meadows,4,J. Binstein,33.5,18,The Meadows
2014,Meadows,5,J. Binstein,44.7,20,The Meadows
2014,Meadows,6,J. Binstein,24.5,20,The Meadows
2014,Meadows,7,J. Binstein,29.4,20,The Meadows
2014,Meadows,8,J. Binstein,30.3,20,The Meadows
2014,Meadows,1,K. Lohr,31,15,The Meadows
2014,Meadows,2,K. Lohr,23,15,The Meadows
2014,Meadows,3,K. Lohr,22.2,18,The Meadows
2014,Meadows,9,K. Lohr,24.9,20,The Meadows
2014,Meadows,10,K. Lohr,40.2,20,The Meadows
2014,Mixing Bowl,4,J. Binstein,41.7,11,Sailfin Miniwall
2014,Mixing Bowl,5,J. Binstein,27.7,11,Sailfin Miniwall
2014,Mixing Bowl,6,J. Binstein,31,11,Sailfin Miniwall
2014,Mixing Bowl,1,K. Lohr,21.6,12,Sailfin Miniwall
2014,Mixing Bowl,2,K. Lohr,22.5,12,Sailfin Miniwall
2014,Mixing Bowl,3,K. Lohr,29.3,12,Sailfin Miniwall
2014,Pauls Anchor,4,J. Binstein,11.9,12,Paul's Anchor
2014,Pauls Anchor,5,J. Binstein,14.1,11,Paul's Anchor
2014,Pauls Anchor,6,J. Binstein,16.9,12,Paul's Anchor
2014,Pauls Anchor,1,K. Lohr,4.8,12,Paul's Anchor
2014,Pauls Anchor,2,K. Lohr,15.6,12,Paul's Anchor
2014,Pauls Anchor,3,K. Lohr,14.6,12,Paul's Anchor
2014,Pauls Anchor,7,K. Lohr,11.1,11,Paul's Anchor
2014,Pauls Anchor,8,K. Lohr,23.9,11,Paul's Anchor
2014,Penguins Leap,1,J. Binstein,8.9,14,Penguin's Leap
2014,Penguins Leap,2,J. Binstein,7.7,14,Penguin's Leap
2014,Penguins Leap,3,J. Binstein,16.1,14,Penguin's Leap
2014,Rock Bottom,4,J. Binstein,11.3,18,Rock Bottom Wall
2014,Rock Bottom,5,J. Binstein,10.2,18,Rock Bottom Wall
2014,Rock Bottom,6,J. Binstein,12.1,18,Rock Bottom Wall
2014,Rock Bottom,1,K. Lohr,12.8,20,Rock Bottom Wall
2014,Rock Bottom,2,K. Lohr,7.3,20,Rock Bottom Wall
2014,Rock Bottom,3,K. Lohr,12.5,20,Rock Bottom Wall
2014,Sailfin,1,J. Binstein,21.1,10,Sailfin Reef
2014,Sailfin,2,J. Binstein,14.8,10,Sailfin Reef
2014,Sailfin,3,J. Binstein,13.3,10,Sailfin Reef
2014,Sailfin,4,J. Binstein,25.4,10,Sailfin Reef
2014,Sailfin,5,K. Lohr,13.4,10,Sailfin Reef
2014,Sailfin,6,K. Lohr,14.4,10,Sailfin Reef
2014,Sailfin,7,K. Lohr,17.9,10,Sailfin Reef
2014,Snap Shot,4,J. Binstein,29.8,9,Snap Shot
2014,Snap Shot,5,J. Binstein,19.9,9,Snap Shot
2014,Snap Shot,6,J. Binstein,11,9,Snap Shot
2014,Snap Shot,1,K. Lohr,17.6,10,Snap Shot
2014,Snap Shot,2,K. Lohr,24.9,10,Snap Shot
2014,Snap Shot,3,K. Lohr,13.8,10,Snap Shot
2014,West Point,4,J. Binstein,6.5,10,West Point
2014,West Point,5,J. Binstein,6.9,11,West Point
2014,West Point,6,J. Binstein,7.3,11,West Point
2014,West Point,9,J. Binstein,8.6,11,West Point
2014,West Point,10,J. Binstein,17.4,11,West Point
2014,West Point,1,K. Lohr,8.5,12,West Point
2014,West Point,2,K. Lohr,17.5,12,West Point
2014,West Point,3,K. Lohr,15.7,12,West Point
2014,West Point,7,K. Lohr,23.1,11,West Point
2014,West Point,8,K. Lohr,14.4,11,West Point
2015,Coral City,5,CM,26.8,9.39,Coral City
2015,Coral City,6,CM,32.5,9.7,Coral City
2015,Coral City,3,K. Foster,9.5,9.39,Coral City
2015,Coral City,4,K. Foster,7.9,9.39,Coral City
2015,Coral City,1,K. Lohr,19,10.91,Coral City
2015,Coral City,2,K. Lohr,22.5,10.91,Coral City
2015,Grundys  Gardens,5,A. Camp,5.3,8.18,Grundy's Gardens
2015,Grundys  Gardens,6,A. Camp,29.3,8.18,Grundy's Gardens
2015,Grundys  Gardens,1,K. Lohr,34.5,7.58,Grundy's Gardens
2015,Grundys  Gardens,2,K. Lohr,24.5,7.58,Grundy's Gardens
2015,Grundys  Gardens,3,K. Lohr,17.5,7.58,Grundy's Gardens
2015,Grundys  Gardens,4,K. Lohr,11,7.58,Grundy's Gardens
2015,Icon,5,H. Hughes,9.3,15.45,Icon
2015,Icon,6,H. Hughes,6.7,15.45,Icon
2015,Icon,1,K. Foster,15.3,9.09,Icon
2015,Icon,2,K. Foster,26.1,10,Icon
2015,Icon,3,K. Foster,5,15.76,Icon
2015,Icon,4,K. Foster,3.8,10,Icon
2015,Jigsaw,5,K. Foster,20.7,12.8,Jigsaw Puzzle
2015,Jigsaw,6,K. Foster,30,12.8,Jigsaw Puzzle
2015,Jigsaw,1,K. Lohr,24.1,12.8,Jigsaw Puzzle
2015,Jigsaw,2,K. Lohr,16.7,12.8,Jigsaw Puzzle
2015,Jigsaw,3,K. Lohr,12,12.8,Jigsaw Puzzle
2015,Jigsaw,4,K. Lohr,22,12.8,Jigsaw Puzzle
2015,Meadows,5,H. Hughes,28.9,4.55,The Meadows
2015,Meadows,6,H. Hughes,18.6,4.55,The Meadows
2015,Meadows,1,K. Lohr,18.1,5.15,The Meadows
2015,Meadows,2,K. Lohr,38.3,5.15,The Meadows
2015,Meadows,3,K. Lohr,26.5,5.15,The Meadows
2015,Meadows,4,K. Lohr,26,5.15,The Meadows
2015,Mixing Bowl,5,H. Hughes,8.2,10.91,Sailfin Miniwall
2015,Mixing Bowl,6,H. Hughes,10.9,10.91,Sailfin Miniwall
2015,Mixing Bowl,1,K. Lohr,15,12.2,Sailfin Miniwall
2015,Mixing Bowl,2,K. Lohr,17,12.2,Sailfin Miniwall
2015,Mixing Bowl,3,K. Lohr,10,12.2,Sailfin Miniwall
2015,Mixing Bowl,4,K. Lohr,24.4,12.2,Sailfin Miniwall
2015,Pauls Anchor,1,H. Hughes,8.1,10.61,Paul's Anchor
2015,Pauls Anchor,2,H. Hughes,11.1,10,Paul's Anchor
2015,Pauls Anchor,3,K. Foster,12.8,12.12,Paul's Anchor
2015,Pauls Anchor,4,K. Foster,8.3,12.12,Paul's Anchor
2015,Pauls Anchor,5,K. Foster,24.8,10.91,Paul's Anchor
2015,Pauls Anchor,6,K. Foster,12,11.21,Paul's Anchor
2015,Sailfin,5,H. Hughes,14.5,8.18,Sailfin Reef
2015,Sailfin,6,H. Hughes,15,8.18,Sailfin Reef
2015,Sailfin,1,K. Lohr,11,6.97,Sailfin Reef
2015,Sailfin,2,K. Lohr,18,6.97,Sailfin Reef
2015,Sailfin,3,K. Lohr,20.5,6.97,Sailfin Reef
2015,Sailfin,4,K. Lohr,10.5,6.97,Sailfin Reef
2015,Snap Shot,1,K. Foster,17.3,9.39,Snap Shot
2015,Snap Shot,2,K. Foster,15.7,9.39,Snap Shot
2015,Snap Shot,1,K. Lohr,25.1,9.4,Snap Shot
2015,Snap Shot,2,K. Lohr,27.5,9.4,Snap Shot
2015,Snap Shot,3,K. Lohr,24.5,9.4,Snap Shot
2015,Snap Shot,4,K. Lohr,20,9.4,Snap Shot
2015,West Point,6,A. Camp,5.8,10.3,West Point
2015,West Point,1,K. Lohr,10.5,11.21,West Point
2015,West Point,2,K. Lohr,10,11.21,West Point
2015,West Point,3,K. Lohr,15,11.21,West Point
2015,West Point,4,K. Lohr,11,11.21,West Point
2015,West Point,5,K. Lohr,13.5,11.21,West Point
2017,Coral City,1,Daniel Veras,21.5,13.8,Coral City
2017,Coral City,2,Daniel Veras,36.5,13.3,Coral City
2017,Coral City,1,Katie Correia,31.4,16.008,Coral City
2017,Coral City,2,Katie Correia,22.4,16.008,Coral City
2017,Coral City,1,Tim Kary,22.6,13.11,Coral City
2017,Coral City,2,Tim Kary,31.9,11.89,Coral City
2017,Grundys  Gardens,1,Daniel Veras,17.5,8.3,Grundy's Gardens
2017,Grundys  Gardens,2,Daniel Veras,28,8.6,Grundy's Gardens
2017,Grundys  Gardens,1,Katie Correia,41.7,9.744,Grundy's Gardens
2017,Grundys  Gardens,2,Katie Correia,35,10.44,Grundy's Gardens
2017,Grundys  Gardens,1,Tim Kary,14.2,9.76,Grundy's Gardens
2017,Grundys  Gardens,2,Tim Kary,3.9,9.76,Grundy's Gardens
2017,Icon,1,Daniel Veras,7.5,14.5,Icon
2017,Icon,2,Daniel Veras,11.5,14.8,Icon
2017,Icon,3,Daniel Veras,10,14.5,Icon
2017,Icon,1,Katie Correia,15,18.096,Icon
2017,Icon,2,Katie Correia,11.6,17.052,Icon
2017,Icon,3,Katie Correia,23.1,19.488,Icon
2017,Jigsaw,1,Daniel Veras,41,10.2,Jigsaw Puzzle
2017,Jigsaw,2,Daniel Veras,17.5,11.2,Jigsaw Puzzle
2017,Jigsaw,1,Katie Correia,17.5,14.616,Jigsaw Puzzle
2017,Jigsaw,2,Katie Correia,16.8,14.616,Jigsaw Puzzle
2017,Jigsaw,1,Tim Kary,35.8,10.98,Jigsaw Puzzle
2017,Jigsaw,2,Tim Kary,15.9,10.37,Jigsaw Puzzle
2017,Marthas Finyard,1,Daniel Veras,29.8,13.1,Martha's Finyard
2017,Marthas Finyard,2,Daniel Veras,39.3,12.3,Martha's Finyard
2017,Marthas Finyard,1,Katie Correia,30.5,22.62,Martha's Finyard
2017,Marthas Finyard,2,Katie Correia,45.6,18.096,Martha's Finyard
2017,Marthas Finyard,1,Tim Kary,12.4,12.5,Martha's Finyard
2017,Marthas Finyard,2,Tim Kary,21.3,12.5,Martha's Finyard
2017,Meadows,1,Daniel Veras,19.2,10.4,The Meadows
2017,Meadows,2,Daniel Veras,7.5,10.3,The Meadows
2017,Meadows,3,Daniel Veras,14.1,10.3,The Meadows
2017,Meadows,1,Katie Correia,17.7,10.788,The Meadows
2017,Meadows,2,Katie Correia,28.5,11.136,The Meadows
2017,Meadows,1,Tim Kary,25.2,9.45,The Meadows
2017,Meadows,2,Tim Kary,18.9,9.76,The Meadows
2017,Mixing Bowl,1,Daniel Veras,31,12.1,Sailfin Miniwall
2017,Mixing Bowl,2,Daniel Veras,4.3,11.7,Sailfin Miniwall
2017,Mixing Bowl,3,Daniel Veras,16,10.4,Sailfin Miniwall
2017,Mixing Bowl,1,Katie Correia,20.6,14.616,Sailfin Miniwall
2017,Mixing Bowl,2,Katie Correia,22.6,16.008,Sailfin Miniwall
2017,Mixing Bowl,3,Katie Correia,18.4,15.312,Sailfin Miniwall
2017,Mixing Bowl,4,Katie Correia,9.2,11.136,Sailfin Miniwall
2017,Mixing Bowl,1,Tim Kary,14.7,11.59,Sailfin Miniwall
2017,Pauls Anchor,1,Daniel Veras,22.6,15.7,Paul's Anchor
2017,Pauls Anchor,2,Daniel Veras,21,15.1,Paul's Anchor
2017,Pauls Anchor,1,Katie Correia,14.3,22.62,Paul's Anchor
2017,Pauls Anchor,2,Katie Correia,17.4,19.488,Paul's Anchor
2017,Pauls Anchor,2,Tim Kary,21.6,18.6,Paul's Anchor
2017,Pauls Anchor,3,Tim Kary,13.2,16.46,Paul's Anchor
2017,Sailfin,1,Daniel Veras,13.1,8.7,Sailfin Reef
2017,Sailfin,2,Daniel Veras,27,9.8,Sailfin Reef
2017,Sailfin,1,Katie Correia,14.9,11.832,Sailfin Reef
2017,Sailfin,2,Katie Correia,14.9,10.788,Sailfin Reef
2017,Sailfin,1,Tim Kary,8.8,10.98,Sailfin Reef
2017,Sailfin,2,Tim Kary,23.3,10.37,Sailfin Reef
2017,Snap Shot,1,Daniel Veras,23.5,10.5,Snap Shot
2017,Snap Shot,2,Daniel Veras,9.1,9.7,Snap Shot
2017,Snap Shot,3,Daniel Veras,20.8,9.7,Snap Shot
2017,Snap Shot,1,Katie Correia,18.7,15.312,Snap Shot
2017,Snap Shot,2,Katie Correia,20.3,14.616,Snap Shot
2017,Snap Shot,3,Katie Correia,25.6,13.92,Snap Shot
2017,West Point,1,Daniel Veras,13.5,11.4,West Point
2017,West Point,2,Daniel Veras,13,12.1,West Point
2017,West Point,1,Katie Correia,23,15.66,West Point
2017,West Point,2,Katie Correia,16,12.876,West Point
2017,West Point,1,Tim Kary,10.3,12.5,West Point
2017,West Point,2,Tim Kary,7.8,11.28,West Point
2018,Black Tip Tunnels,1,Tim Kary,14.5,14,Blacktip Blvd.
2018,Black Tip Tunnels,2,Tim Kary,23,15.6,Blacktip Blvd.
2018,Black Tip Tunnels,3,Tim Kary,13,10,Blacktip Blvd.
2018,Black Tip Tunnels,4,Tim Kary,32.2,10,Blacktip Blvd.
2018,Black Tip Tunnels,5,Tim Kary,11,13,Blacktip Blvd.
2018,Black Tip Tunnels,6,Tim Kary,12,14,Blacktip Blvd.
2018,Black Tip Tunnels,7,Tim Kary,8,13,Blacktip Blvd.
2018,Black Tip Tunnels,8,Tim Kary,0,12,Blacktip Blvd.
2018,Black Tip Tunnels,9,Tim Kary,0,12,Blacktip Blvd.
2018,Black Tip Tunnels,10,Tim Kary,10,12,Blacktip Blvd.
2018,Black Tip Tunnels,11,Tim Kary,10,12,Blacktip Blvd.
2018,Coral City,1,Tim Kary,47,9.5,Coral City
2018,Coral City,2,Tim Kary,28,9,Coral City
2018,Coral City,3,Tim Kary,36,10,Coral City
2018,Coral City,4,Tim Kary,39,10,Coral City
2018,Coral City,5,Tim Kary,18,9.4,Coral City
2018,Coral City,6,Tim Kary,15,11.6,Coral City
2018,Coral City,7,Tim Kary,10,10,Coral City
2018,Coral City,8,Tim Kary,10,11,Coral City
2018,Coral City,9,Tim Kary,20,11,Coral City
2018,Coral City,10,Tim Kary,30,11,Coral City
2018,Coral City,11,Tim Kary,20,10,Coral City
2018,Grundys  Gardens,1,Tim Kary,27.7,8.5,Grundy's Gardens
2018,Grundys  Gardens,2,Tim Kary,31,9,Grundy's Gardens
2018,Grundys  Gardens,3,Tim Kary,78,9,Grundy's Gardens
2018,Grundys  Gardens,4,Tim Kary,11,8,Grundy's Gardens
2018,Grundys  Gardens,5,Tim Kary,20,8,Grundy's Gardens
2018,Grundys  Gardens,6,Tim Kary,14,8,Grundy's Gardens
2018,Grundys  Gardens,7,Tim Kary,40,8,Grundy's Gardens
2018,Grundys  Gardens,8,Tim Kary,20,8,Grundy's Gardens
2018,Grundys  Gardens,9,Tim Kary,30,8,Grundy's Gardens
2018,Grundys  Gardens,10,Tim Kary,10,8,Grundy's Gardens
2018,Jigsaw,1,Tim Kary,15.8,12,Jigsaw Puzzle
2018,Jigsaw,2,Tim Kary,44,12,Jigsaw Puzzle
2018,Jigsaw,3,Tim Kary,29.5,12,Jigsaw Puzzle
2018,Jigsaw,4,Tim Kary,14,12,Jigsaw Puzzle
2018,Jigsaw,5,Tim Kary,10,12,Jigsaw Puzzle
2018,Jigsaw,6,Tim Kary,11,13,Jigsaw Puzzle
2018,Jigsaw,7,Tim Kary,0,12,Jigsaw Puzzle
2018,Jigsaw,8,Tim Kary,10,12,Jigsaw Puzzle
2018,Jigsaw,9,Tim Kary,12,12,Jigsaw Puzzle
2018,Jigsaw,10,Tim Kary,0,12,Jigsaw Puzzle
2018,Joys Joy,1,Tim Kary,20.2,8.5,Joy's Joy
2018,Joys Joy,2,Tim Kary,28.5,12.8,Joy's Joy
2018,Joys Joy,3,Tim Kary,14.4,9,Joy's Joy
2018,Joys Joy,4,Tim Kary,16,7,Joy's Joy
2018,Joys Joy,5,Tim Kary,11,7,Joy's Joy
2018,Joys Joy,6,Tim Kary,11,7.5,Joy's Joy
2018,Joys Joy,7,Tim Kary,10,8,Joy's Joy
2018,Joys Joy,8,Tim Kary,20,6,Joy's Joy
2018,Joys Joy,9,Tim Kary,0,7,Joy's Joy
2018,Joys Joy,10,Tim Kary,20,6,Joy's Joy
2018,Lucass Ledge,1,Tim Kary,42,13,Luca's Ledges
2018,Lucass Ledge,2,Tim Kary,34.5,11,Luca's Ledges
2018,Lucass Ledge,3,Tim Kary,32.5,10,Luca's Ledges
2018,Lucass Ledge,4,Tim Kary,12,14,Luca's Ledges
2018,Lucass Ledge,5,Tim Kary,18,14,Luca's Ledges
2018,Lucass Ledge,6,Tim Kary,14,12,Luca's Ledges
2018,Lucass Ledge,7,Tim Kary,10,14,Luca's Ledges
2018,Lucass Ledge,8,Tim Kary,20,14,Luca's Ledges
2018,Lucass Ledge,9,Tim Kary,10,12,Luca's Ledges
2018,Lucass Ledge,10,Tim Kary,10,12,Luca's Ledges
2018,Meadows,1,Tim Kary,27,10,The Meadows
2018,Meadows,2,Tim Kary,22,10,The Meadows
2018,Meadows,3,Tim Kary,23,10,The Meadows
2018,Meadows,4,Tim Kary,20,6,The Meadows
2018,Meadows,5,Tim Kary,17,5,The Meadows
2018,Meadows,6,Tim Kary,17,5.5,The Meadows
2018,Meadows,7,Tim Kary,22,6,The Meadows
2018,Meadows,8,Tim Kary,22,5,The Meadows
2018,Meadows,9,Tim Kary,12,5,The Meadows
2018,Meadows,10,Tim Kary,20,12,The Meadows
2018,West Point,1,Tim Kary,28.1,11,West Point
2018,West Point,2,Tim Kary,23.2,12,West Point
2018,West Point,3,Tim Kary,33.3,13,West Point
2018,West Point,4,Tim Kary,26.6,10,West Point
2018,West Point,5,Tim Kary,5,11,West Point
2018,West Point,6,Tim Kary,11,11,West Point
2018,West Point,7,Tim Kary,5,9,West Point
2018,West Point,8,Tim Kary,10,10,West Point
2018,West Point,9,Tim Kary,10,10,West Point
2018,West Point,10,Tim Kary,10,10,West Point
2018,West Point,11,Tim Kary,0,10,West Point
2019,Coral City,4,DEA,31.3,13.5,Coral City
2019,Coral City,5,DEA,38,13.5,Coral City
2019,Coral City,6,DEA,31.3,13.5,Coral City
2019,Coral City,1,KC,18.24615385,13.4112,Coral City
2019,Coral City,2,KC,24.1,13.4112,Coral City
2019,Coral City,1,SM,23.4,11.8,Coral City
2019,Coral City,2,SM,19.3,11.8,Coral City
2019,Coral City,3,SN,23.7,13.7,Coral City
2019,Grundys  Gardens,4,DEA,26,11,Grundy's Gardens
2019,Grundys  Gardens,5,DEA,32,11,Grundy's Gardens
2019,Grundys  Gardens,6,DEA,28.8,11,Grundy's Gardens
2019,Grundys  Gardens,7,KC,21.7,11.5824,Grundy's Gardens
2019,Grundys  Gardens,8,KC,25.2,8.8392,Grundy's Gardens
2019,Grundys  Gardens,1,SM,16.3,8,Grundy's Gardens
2019,Grundys  Gardens,2,SM,16.7,9,Grundy's Gardens
2019,Grundys  Gardens,3,SN,37.3,11.5,Grundy's Gardens
2019,Icon,4,DEA,29,10.3,Icon
2019,Icon,5,DEA,11.6,10.3,Icon
2019,Icon,6,DEA,16.4,9.8,Icon
2019,Icon,7,DEA,9.1,9.5,Icon
2019,Icon,8,KC,16.83846154,10.668,Icon
2019,Icon,9,KC,13.8,9.144,Icon
2019,Icon,1,SM,12.6,9.5,Icon
2019,Icon,2,SM,7.8,9.9,Icon
2019,Icon,3,SM,15,10.5,Icon
2019,Jigsaw,4,DEA,12.2,13,Jigsaw Puzzle
2019,Jigsaw,5,DEA,13,13,Jigsaw Puzzle
2019,Jigsaw,8,DEA,14.2,13,Jigsaw Puzzle
2019,Jigsaw,6,KC,13.8,13.716,Jigsaw Puzzle
2019,Jigsaw,7,KC,11.1,12.8016,Jigsaw Puzzle
2019,Jigsaw,1,SM,18.1,11.6,Jigsaw Puzzle
2019,Jigsaw,2,SM,7.6,11.6,Jigsaw Puzzle
2019,Jigsaw,3,SN,15.1,13,Jigsaw Puzzle
2019,Marthas Finyard,3,DEA,35,12,Martha's Finyard
2019,Marthas Finyard,4,DEA,26.5,12,Martha's Finyard
2019,Marthas Finyard,5,KC,24.5,10.668,Martha's Finyard
2019,Marthas Finyard,6,KC,30.2,10.9728,Martha's Finyard
2019,Marthas Finyard,1,SM,11,14.2,Martha's Finyard
2019,Marthas Finyard,2,SM,11.2,13.2,Martha's Finyard
2019,Marthas Finyard,7,SN,14.8,14.6,Martha's Finyard
2019,Meadows,4,DEA,15,33,The Meadows
2019,Meadows,5,DEA,54.2,33,The Meadows
2019,Meadows,6,DEA,16.5,33,The Meadows
2019,Meadows,7,KC,18,10.0584,The Meadows
2019,Meadows,8,KC,32.7,8.92048,The Meadows
2019,Meadows,2,SM,9.8,8.4,The Meadows
2019,Meadows,3,SM,6,10.5,The Meadows
2019,Meadows,1,SN,16.1,10,The Meadows
2019,Mixing Bowl,4,DEA,21.5,12.12121212,Sailfin Miniwall
2019,Mixing Bowl,5,DEA,24.7,12.12121212,Sailfin Miniwall
2019,Mixing Bowl,6,DEA,40.4,12.12121212,Sailfin Miniwall
2019,Mixing Bowl,1,KC,24.2,13.4112,Sailfin Miniwall
2019,Mixing Bowl,2,KC,22.6,12.26371765,Sailfin Miniwall
2019,Mixing Bowl,1,SM,17.6,11.8,Sailfin Miniwall
2019,Mixing Bowl,2,SM,10.28333333,11.8,Sailfin Miniwall
2019,Mixing Bowl,3,Tim Kary,51.9,12.8,Sailfin Miniwall
2019,Pauls Anchor,4,DEA,8,11.51515,Paul's Anchor
2019,Pauls Anchor,5,DEA,21.1,10.30303,Paul's Anchor
2019,Pauls Anchor,6,DEA,11.3,10.30303,Paul's Anchor
2019,Pauls Anchor,7,KC,8.8,10.3632,Paul's Anchor
2019,Pauls Anchor,8,KC,7.9,10.668,Paul's Anchor
2019,Pauls Anchor,1,SM,15.3,11.5,Paul's Anchor
2019,Pauls Anchor,2,SM,15.3,11.5,Paul's Anchor
2019,Pauls Anchor,3,Tim Kary,13,15.7,Paul's Anchor
2019,Sailfin,4,DEA,29.6,10.3,Sailfin Reef
2019,Sailfin,5,DEA,36.3,10.3,Sailfin Reef
2019,Sailfin,8,DEA,21,10.3,Sailfin Reef
2019,Sailfin,6,KC,22.32142857,10.3632,Sailfin Reef
2019,Sailfin,7,KC,10.9,9.4488,Sailfin Reef
2019,Sailfin,1,SM,10,9.65,Sailfin Reef
2019,Sailfin,2,SM,25.4,8.85,Sailfin Reef
2019,Sailfin,3,Tim Kary,26,9.8,Sailfin Reef
2019,Snap Shot,4,DEA,14.1,9.696969697,Snap Shot
2019,Snap Shot,5,DEA,17.5,9.696969697,Snap Shot
2019,Snap Shot,6,DEA,16.9,10,Snap Shot
2019,Snap Shot,7,KC,22,10.3632,Snap Shot
2019,Snap Shot,8,KC,14.61428571,10.668,Snap Shot
2019,Snap Shot,1,SM,12.7,8.5,Snap Shot
2019,Snap Shot,2,SM,14.5,9.2,Snap Shot
2019,Snap Shot,3,Tim Kary,34.4,11.05625,Snap Shot
2019,West Point,4,DEA,14.6,12,West Point
2019,West Point,5,DEA,6.9,12,West Point
2019,West Point,6,DEA,12.9,12,West Point
2019,West Point,7,KC,11.11818182,11.5824,West Point
2019,West Point,8,KC,10.51428571,10.668,West Point
2019,West Point,1,SM,8,11.2,West Point
2019,West Point,2,SM,7.5,11.35,West Point
2019,West Point,3,SN,18,12,West Point
2020,Coral City,1,GGG,44.2,42,Coral City
2020,Coral City,2,GGG,33,41,Coral City
2020,Coral City,1,MF,14,45,Coral City
2020,Coral City,2,MF,32,45,Coral City
2020,Grundys Gardens,1,GGG,9,25,Grundy's Gardens
2020,Grundys Gardens,2,GGG,32.5,28,Grundy's Gardens
2020,Grundys Gardens,1,MF,11.8,28,Grundy's Gardens
2020,Grundys Gardens,2,MF,12.5,28,Grundy's Gardens
2020,Jigsaw,1,GGG,20.6,41,Jigsaw Puzzle
2020,Jigsaw,2,GGG,32,35,Jigsaw Puzzle
2020,Jigsaw,1,MF,17,43,Jigsaw Puzzle
2020,Jigsaw,2,MF,15,33,Jigsaw Puzzle
2020,Marilyns Cut,1,GGG,14.4,30,Marylin's Cut
2020,Marilyns Cut,2,GGG,15.8,29,Marylin's Cut
2020,Marilyns Cut,1,MF,16,31,Marylin's Cut
2020,Marilyns Cut,2,MF,17,23,Marylin's Cut
2020,Marthas Finyard,1,MF,40,43,Martha's Finyard
2020,Marthas Finyard,2,MF,32,50,Martha's Finyard
2020,Marthas Finyard,1,GGG,31,51,Martha's Finyard
2020,Marthas Finyard,2,GGG,41,51,Martha's Finyard
2020,Meadows,1,GGG,31.8,36,The Meadows
2020,Meadows,2,GGG,24,39,The Meadows
2020,Pauls Anchor,1,GGG,26.6,44,Paul's Anchor
2020,Pauls Anchor,2,GGG,10.4,52,Paul's Anchor
2020,Sailfin,1,GGG,12.8,30,Sailfin Reef
2020,Sailfin,2,GGG,26.4,30,Sailfin Reef
2020,Sailfin,3,GGG,13.8,28,Sailfin Reef
2020,Sailfin,4,GGG,30.4,35,Sailfin Reef
2020,Snap Shot,1,GGG,14.2,33,Snap Shot
2020,Snap Shot,2,GGG,20.4,32,Snap Shot
2020,Snap Shot,3,GGG,31.4,41,Snap Shot
2020,Snap Shot,4,GGG,25,40,Snap Shot
2020,West Point,1,GGG,16,52,West Point
2020,West Point,2,GGG,32,43,West Point
2020,West Point,3,MF,13.4,54,West Point
2020,West Point,4,MF,14.2,44,West Point
2021,Coral City,1,CG,28,40,Coral City
2021,Coral City,2,CG,35,35,Coral City
2021,Coral City,1,GEC,16,33,Coral City
2021,Coral City,2,GEC,22,33,Coral City
2021,Coral City,1,GGG,13.8,38,Coral City
2021,Coral City,2,GGG,23,40,Coral City
2021,Coral City,3,GGG,44,35,Coral City
2021,Grundys,1,CG,27,43,Grundy's Gardens
2021,Grundys,1,GEC,13.8,40,Grundy's Gardens
2021,Grundys,1,GGG,31,42.87162162,Grundy's Gardens
2021,Jigsaw,1,CG,42,35,Jigsaw Puzzle
2021,Jigsaw,1,GEC,22.4,45,Jigsaw Puzzle
2021,Jigsaw,1,GGG,12,38,Jigsaw Puzzle
2021,Jigsaw,2,GGG_GEC,47,43.40366972,Jigsaw Puzzle
2021,Jigsaw,1,sw,20,39.4,Jigsaw Puzzle
2021,Marilyns Cut,1,CG,2.4,30,Marylin's Cut
2021,Marilyns Cut,1,GEC,11,35,Marylin's Cut
2021,Marilyns Cut,1,GGG,20,33,Marylin's Cut
2021,Marilyns Cut,2,GGG_GEC,21,34.02654867,Marylin's Cut
2021,Marilyns Cut,1,sw,19,25.6,Marylin's Cut
2021,Marthas,1,CG,23.3,35,Martha's Finyard
2021,Marthas,1,GEC,38,47,Martha's Finyard
2021,Marthas,1,GGG,38.2,38,Martha's Finyard
2021,Marthas,2,GGG_GC,38,44.97058824,Martha's Finyard
2021,Marthas,1,sw,35.2,45.3,Martha's Finyard
2021,Meadows,1,CG,56,18,The Meadows
2021,Meadows,1,GEC,41,15,The Meadows
2021,Meadows,1,GGG,39,18,The Meadows
2021,Meadows,2,GGG_GEC,14,15.95890411,The Meadows
2021,Meadows,1,sw,20,14.8,The Meadows
2021,Pauls Anchor,1,CG,18,38,Paul's Anchor
2021,Pauls Anchor,1,GEC,26,42,Paul's Anchor
2021,Pauls Anchor,1,GGG,15,38,Paul's Anchor
2021,Pauls Anchor,2,GGG_GEC,23.3,39.06521739,Paul's Anchor
2021,Pauls Anchor,1,sw,21,40.7,Paul's Anchor
2021,Sailfin,1,CG,6,30,Sailfin Reef
2021,Sailfin,1,GEC,20.8,30,Sailfin Reef
2021,Sailfin,1,GGG,37,25,Sailfin Reef
2021,Sailfin,2,GGG_GEC,14,27.47524752,Sailfin Reef
2021,Sailfin,1,sw,10.2,15.6,Sailfin Reef
2021,Snapshot,1,CG,22,33,Snap Shot
2021,Snapshot,1,GEC,21,51,Snap Shot
2021,Snapshot,1,GGG,19,32,Snap Shot
2021,Snapshot,2,GGG,19,35,Snap Shot
2021,Snapshot,2,GGG_GEC,49,51,Snap Shot
2021,Snapshot,1,sw,28.8,35.4,Snap Shot
2021,Westpoint,1,CG,40,40,West Point
2021,Westpoint,2,CG,30,33,West Point
2021,Westpoint,1,GEC,7,44,West Point
2021,Westpoint,2,GEC,11,41,West Point
2021,Westpoint,1,GGG,24,43,West Point
2021,Westpoint,2,GGG,15,40,West Point
2022,Coral City,1,AM,22,31,Coral City
2022,Coral City,1,GGG,30,33,Coral City
2022,Coral City,2,GGG,46.4,36,Coral City
2022,Coral City,1,ZP,0,33,Coral City
2022,Grundys,1,AM,18,32,Grundy's Gardens
2022,Grundys,1,GGG,34,30,Grundy's Gardens
2022,Grundys,2,GGG,45.2,30,Grundy's Gardens
2022,Grundys,1,ZP,30,29,Grundy's Gardens
2022,Jigsaw,1,AM,12,46,Jigsaw Puzzle
2022,Jigsaw,1,AM/ZP,10,46,Jigsaw Puzzle
2022,Jigsaw,1,JLR,37,46,Jigsaw Puzzle
2022,Marilyns,1,AM,2.8,21,Marylin's Cut
2022,Marilyns Cut,1,AM/ZP,18,21,Marylin's Cut
2022,Marilyns Cut,1,GGG,25,33,Marylin's Cut
2022,Marilyns Cut,2,GGG,31.2,30,Marylin's Cut
2022,Marthas,1,AM,16,43,Martha's Finyard
2022,Marthas,1,AM/ZP,19.4,50,Martha's Finyard
2022,Marthas,1,JLR,10,53,Martha's Finyard
2022,Meadows,1,AM,15,18,The Meadows
2022,Meadows,1,AM/ZP,19,18,The Meadows
2022,Meadows,1,JLR,20,18,The Meadows
2022,Sailfin,1,AM,11,35,Sailfin Reef
2022,Sailfin,1,GGG,5,30,Sailfin Reef
2022,Sailfin,2,GGG,43,31,Sailfin Reef
2022,Snapshot,1,AM,8,33,Snap Shot
2022,Snapshot,1,GGG,36,31,Snap Shot
2022,Snapshot,2,GGG,38,32,Snap Shot
2022,Snapshot,1,ZP,15,30,Snap Shot
2022,Westpoint,1,AM,19,32,West Point
2022,Westpoint,1,GGG,17,41,West Point
2022,Westpoint,2,GGG,15,41,West Point
2022,Westpoint,1,ZP,29,39,West Point
2023,Coral City,1,GGG,20,NA,Coral City
2023,Coral City,1,Haley Davis,35,10,Coral City
2023,Coral City,1,LLG,20,10.8,Coral City
2023,Grundys,1,GGG,36,NA,Grundy's Gardens
2023,Grundys,1,Haley Davis,12.5,9,Grundy's Gardens
2023,Grundys,1,LLG,14,8.5,Grundy's Gardens
2023,Jigsaw,1,GGG,58,NA,Jigsaw Puzzle
2023,Jigsaw,1,Haley Davis,43,11.52,Jigsaw Puzzle
2023,Jigsaw,1,KE,20,12.8,Jigsaw Puzzle
2023,Jigsaw,1,LLG,15,NA,Jigsaw Puzzle
2023,Marilyns Cut,1,GGG,14.4,NA,Marylin's Cut
2023,Marilyns Cut,1,Haley Davis,23.75,8.79,Marylin's Cut
2023,Marilyns Cut,1,KE,18,10,Marylin's Cut
2023,Marilyns Cut,1,LLG,24,10,Marylin's Cut
2023,Marthas,1,GGG,16.4,NA,Martha's Finyard
2023,Marthas,1,Haley Davis,45,10.90909091,Martha's Finyard
2023,Marthas,1,LLG,48,14,Martha's Finyard
2023,Meadows,1,GGG,42,NA,The Meadows
2023,Meadows,1,Haley Davis,51,7.88,The Meadows
2023,Meadows,1,KE,48,7,The Meadows
2023,Meadows,1,LLG,16.2,9.6,The Meadows
2023,Sailfin,1,GGG,32.4,NA,Sailfin Reef
2023,Sailfin,1,Haley Davis,25,10.61,Sailfin Reef
2023,Sailfin,1,KE,22,10.4,Sailfin Reef
2023,Sailfin,1,LLG,22,11,Sailfin Reef
2023,Snapshot,1,GGG,38,NA,Snap Shot
2023,Snapshot,1,Haley Davis,19.16666667,8.79,Snap Shot
2023,Snapshot,1,KE,16,10.7,Snap Shot
2023,Snapshot,1,LLG,NA,NA,Snap Shot
2023,Westpoint,1,GGG,17,NA,West Point
2023,Westpoint,1,Haley Davis,14,12.12121212,West Point
2023,Westpoint,1,LLG,18,10.9,West Point
